customer_id,gender,age,city,state,signup_date
1,Male,39,Delhi,Delhi,2024-04-07
2,Male,19,Surat,Gujarat,2023-11-11
3,Male,21,Kolkata,West Bengal,2022-06-24
4,Female,62,Chennai,Tamil Nadu,2022-08-18
5,Male,30,Pune,Maharashtra,2025-12-14
6,Female,49,Pune,Maharashtra,2023-04-13
7,Male,39,Mumbai,Maharashtra,2022-02-01
8,Female,42,Lucknow,Uttar Pradesh,2023-11-26
9,Female,44,Chennai,Tamil Nadu,2022-05-10
10,Female,34,Kolkata,West Bengal,2021-11-10
11,Female,23,Mumbai,Maharashtra,2022-05-05
12,Female,60,Surat,Gujarat,2024-07-23
13,Female,33,Lucknow,Uttar Pradesh,2021-08-21
14,Male,25,Pune,Maharashtra,2025-06-28
15,Female,50,Pune,Maharashtra,2024-12-30
16,Male,27,Pune,Maharashtra,2023-10-27
17,Male,51,Bengaluru,Karnataka,2025-04-08
18,Male,36,Hyderabad,Telangana,2025-09-02
19,Male,31,Delhi,Delhi,2022-10-26
20,Male,20,Bengaluru,Karnataka,2021-09-01
21,Male,58,Ahmedabad,Gujarat,2021-08-29
22,Male,40,Mumbai,Maharashtra,2025-12-02
23,Female,57,Bengaluru,Karnataka,2022-07-12
24,Male,28,Delhi,Delhi,2024-07-20
25,Female,64,Hyderabad,Telangana,2021-03-16
26,Male,23,Jaipur,Rajasthan,2021-10-10
27,Female,51,Pune,Maharashtra,2025-09-28
28,Female,18,Hyderabad,Telangana,2025-04-08
29,Female,52,Chennai,Tamil Nadu,2021-03-28
30,Female,42,Mumbai,Maharashtra,2023-05-31
31,Male,46,Chennai,Tamil Nadu,2025-07-15
32,Other,40,Pune,Maharashtra,2023-07-19
33,Female,35,Mumbai,Maharashtra,2024-03-18
34,Female,31,Surat,Gujarat,2024-03-19
35,Female,34,Surat,Gujarat,2025-05-20
36,Male,19,Jaipur,Rajasthan,2021-06-09
37,Female,48,Bengaluru,Karnataka,2022-03-22
38,Male,36,Mumbai,Maharashtra,2025-12-25
39,Female,49,Ahmedabad,Gujarat,2021-03-23
40,Male,45,Hyderabad,Telangana,2023-10-28
41,Female,58,Mumbai,Maharashtra,2021-07-01
42,Male,25,Hyderabad,Telangana,2023-05-20
43,Male,59,Mumbai,Maharashtra,2023-08-24
44,Female,58,Indore,Madhya Pradesh,2025-03-30
45,Female,57,Bengaluru,Karnataka,2022-04-23
46,Female,56,Ahmedabad,Gujarat,2021-07-02
47,Male,39,Bengaluru,Karnataka,2024-08-30
48,Male,41,Hyderabad,Telangana,2025-04-29
49,Female,55,Chennai,Tamil Nadu,2021-06-23
50,Other,19,Pune,Maharashtra,2021-01-14
51,Female,58,Surat,Gujarat,2024-08-16
52,Male,58,Jaipur,Rajasthan,2021-03-14
53,Female,36,Indore,Madhya Pradesh,2025-10-25
54,Male,58,Indore,Madhya Pradesh,2022-05-29
55,Female,19,Chennai,Tamil Nadu,2025-10-12
56,Male,45,Indore,Madhya Pradesh,2025-12-02
57,Male,49,Mumbai,Maharashtra,2022-08-25
58,Female,36,Pune,Maharashtra,2021-12-09
59,Female,33,Mumbai,Maharashtra,2024-11-20
60,Male,47,Bengaluru,Karnataka,2025-11-23
61,Male,39,Delhi,Delhi,2021-11-29
62,Male,31,Bengaluru,Karnataka,2021-12-21
63,Female,18,Lucknow,Uttar Pradesh,2025-05-02
64,Male,62,Delhi,Delhi,2023-04-27
65,Male,19,Bengaluru,Karnataka,2021-06-12
66,Female,39,Chennai,Tamil Nadu,2021-04-26
67,Female,63,Pune,Maharashtra,2024-11-27
68,Female,50,Jaipur,Rajasthan,2024-01-08
69,Female,32,Mumbai,Maharashtra,2025-01-10
70,Female,58,Surat,Gujarat,2023-10-29
71,Female,39,Jaipur,Rajasthan,2023-11-13
72,Female,57,Pune,Maharashtra,2025-12-10
73,Female,56,Mumbai,Maharashtra,2023-03-02
74,Male,58,Jaipur,Rajasthan,2022-06-27
75,Other,58,Kolkata,West Bengal,2022-02-18
76,Male,28,Kolkata,West Bengal,2022-11-13
77,Male,21,Jaipur,Rajasthan,2022-10-04
78,Male,24,Mumbai,Maharashtra,2024-12-03
79,Male,38,Delhi,Delhi,2022-10-31
80,Female,24,Mumbai,Maharashtra,2021-01-22
81,Female,21,Lucknow,Uttar Pradesh,2025-07-20
82,Female,29,Ahmedabad,Gujarat,2024-11-27
83,Female,44,Bengaluru,Karnataka,2023-08-27
84,Female,34,Mumbai,Maharashtra,2025-09-01
85,Male,37,Bengaluru,Karnataka,2025-08-29
86,Female,48,Bengaluru,Karnataka,2024-03-26
87,Female,43,Kolkata,West Bengal,2021-11-26
88,Male,48,Ahmedabad,Gujarat,2023-11-12
89,Female,52,Indore,Madhya Pradesh,2025-02-04
90,Male,26,Hyderabad,Telangana,2024-07-11
91,Male,22,Mumbai,Maharashtra,2024-08-19
92,Male,65,Kolkata,West Bengal,2023-06-21
93,Male,25,Jaipur,Rajasthan,2025-12-04
94,Female,38,Chennai,Tamil Nadu,2022-12-25
95,Female,33,Jaipur,Rajasthan,2025-01-28
96,Male,33,Hyderabad,Telangana,2024-04-02
97,Female,35,Hyderabad,Telangana,2024-03-05
98,Female,64,Delhi,Delhi,2021-09-09
99,Male,45,Mumbai,Maharashtra,2021-07-24
100,Male,35,Mumbai,Maharashtra,2024-08-18
101,Female,31,Mumbai,Maharashtra,2024-06-19
102,Female,65,Ahmedabad,Gujarat,2023-04-12
103,Other,54,Bengaluru,Karnataka,2023-03-02
104,Male,57,Hyderabad,Telangana,2023-12-21
105,Female,33,Indore,Madhya Pradesh,2022-04-10
106,Male,38,Bengaluru,Karnataka,2024-08-18
107,Male,18,Delhi,Delhi,2025-02-04
108,Female,28,Kolkata,West Bengal,2022-01-29
109,Male,28,Bengaluru,Karnataka,2025-06-19
110,Male,19,Mumbai,Maharashtra,2023-10-18
111,Male,49,Bengaluru,Karnataka,2022-10-22
112,Male,36,Pune,Maharashtra,2023-07-01
113,Female,22,Indore,Madhya Pradesh,2024-07-06
114,Female,20,Jaipur,Rajasthan,2025-04-15
115,Male,45,Ahmedabad,Gujarat,2022-06-14
116,Male,43,Lucknow,Uttar Pradesh,2024-04-25
117,Male,40,Jaipur,Rajasthan,2024-05-20
118,Female,47,Pune,Maharashtra,2023-11-25
119,Male,25,Indore,Madhya Pradesh,2024-03-16
120,Female,53,Chennai,Tamil Nadu,2024-07-29
121,Male,46,Jaipur,Rajasthan,2025-04-20
122,Male,30,Indore,Madhya Pradesh,2025-05-31
123,Female,42,Bengaluru,Karnataka,2025-05-27
124,Female,39,Mumbai,Maharashtra,2024-06-26
125,Male,63,Bengaluru,Karnataka,2021-02-26
126,Female,50,Delhi,Delhi,2024-08-21
127,Female,54,Jaipur,Rajasthan,2022-06-06
128,Female,24,Lucknow,Uttar Pradesh,2025-10-15
129,Female,40,Mumbai,Maharashtra,2021-12-27
130,Female,23,Hyderabad,Telangana,2024-06-14
131,Other,32,Delhi,Delhi,2021-08-22
132,Male,32,Bengaluru,Karnataka,2021-08-11
133,Female,57,Mumbai,Maharashtra,2025-06-28
134,Male,51,Bengaluru,Karnataka,2021-11-23
135,Male,31,Surat,Gujarat,2024-01-27
136,Male,46,Bengaluru,Karnataka,2024-06-03
137,Male,33,Hyderabad,Telangana,2025-10-24
138,Female,46,Kolkata,West Bengal,2023-04-16
139,Female,40,Delhi,Delhi,2022-05-04
140,Female,27,Surat,Gujarat,2022-04-23
141,Male,64,Surat,Gujarat,2023-09-12
142,Male,21,Bengaluru,Karnataka,2024-09-19
143,Female,29,Hyderabad,Telangana,2023-03-03
144,Male,59,Bengaluru,Karnataka,2025-04-28
145,Female,51,Bengaluru,Karnataka,2022-05-27
146,Female,21,Mumbai,Maharashtra,2023-10-10
147,Female,37,Chennai,Tamil Nadu,2022-01-17
148,Female,45,Hyderabad,Telangana,2024-12-17
149,Female,45,Mumbai,Maharashtra,2024-10-03
150,Male,23,Bengaluru,Karnataka,2024-03-22
151,Female,31,Indore,Madhya Pradesh,2022-03-28
152,Male,52,Bengaluru,Karnataka,2024-08-06
153,Male,64,Pune,Maharashtra,2025-10-26
154,Male,18,Hyderabad,Telangana,2024-02-17
155,Female,36,Surat,Gujarat,2021-08-02
156,Male,18,Bengaluru,Karnataka,2022-07-19
157,Male,30,Ahmedabad,Gujarat,2023-01-02
158,Male,25,Jaipur,Rajasthan,2022-03-15
159,Female,35,Bengaluru,Karnataka,2023-01-25
160,Female,52,Kolkata,West Bengal,2025-05-08
161,Female,40,Delhi,Delhi,2022-09-21
162,Female,43,Ahmedabad,Gujarat,2023-06-22
163,Male,58,Ahmedabad,Gujarat,2025-01-10
164,Male,55,Chennai,Tamil Nadu,2023-12-02
165,Female,37,Mumbai,Maharashtra,2022-01-30
166,Male,19,Lucknow,Uttar Pradesh,2021-09-04
167,Male,43,Bengaluru,Karnataka,2023-06-24
168,Male,53,Pune,Maharashtra,2024-08-07
169,Female,42,Mumbai,Maharashtra,2021-09-05
170,Male,47,Chennai,Tamil Nadu,2025-06-25
171,Female,35,Ahmedabad,Gujarat,2022-08-22
172,Male,24,Mumbai,Maharashtra,2023-05-15
173,Female,44,Hyderabad,Telangana,2025-01-12
174,Male,28,Bengaluru,Karnataka,2021-03-25
175,Male,54,Ahmedabad,Gujarat,2023-02-12
176,Male,25,Pune,Maharashtra,2024-05-29
177,Female,28,Kolkata,West Bengal,2025-08-17
178,Male,41,Delhi,Delhi,2021-02-20
179,Female,47,Indore,Madhya Pradesh,2022-07-04
180,Female,47,Mumbai,Maharashtra,2023-02-10
181,Female,32,Delhi,Delhi,2023-09-08
182,Male,52,Mumbai,Maharashtra,2024-04-25
183,Male,56,Indore,Madhya Pradesh,2025-03-29
184,Male,41,Lucknow,Uttar Pradesh,2024-05-31
185,Female,25,Bengaluru,Karnataka,2022-04-10
186,Female,60,Ahmedabad,Gujarat,2022-02-23
187,Female,59,Jaipur,Rajasthan,2021-03-28
188,Female,37,Chennai,Tamil Nadu,2021-09-16
189,Male,58,Hyderabad,Telangana,2024-04-19
190,Male,64,Bengaluru,Karnataka,2021-11-07
191,Female,43,Mumbai,Maharashtra,2021-06-22
192,Male,41,Indore,Madhya Pradesh,2024-09-07
193,Male,39,Indore,Madhya Pradesh,2025-09-27
194,Female,22,Ahmedabad,Gujarat,2024-09-25
195,Male,32,Bengaluru,Karnataka,2025-02-28
196,Female,53,Delhi,Delhi,2024-06-22
197,Female,54,Kolkata,West Bengal,2023-07-29
198,Female,46,Indore,Madhya Pradesh,2022-05-20
199,Male,32,Indore,Madhya Pradesh,2021-11-25
200,Male,44,Jaipur,Rajasthan,2021-07-15
201,Female,25,Ahmedabad,Gujarat,2021-03-03
202,Male,46,Mumbai,Maharashtra,2023-11-15
203,Male,36,Pune,Maharashtra,2025-05-07
204,Male,48,Indore,Madhya Pradesh,2022-07-16
205,Male,26,Chennai,Tamil Nadu,2024-11-02
206,Male,27,Mumbai,Maharashtra,2023-06-16
207,Female,54,Mumbai,Maharashtra,2024-08-11
208,Male,27,Ahmedabad,Gujarat,2023-12-12
209,Male,50,Mumbai,Maharashtra,2023-04-24
210,Female,42,Pune,Maharashtra,2021-02-09
211,Female,21,Chennai,Tamil Nadu,2025-11-03
212,Male,22,Kolkata,West Bengal,2025-05-15
213,Male,40,Ahmedabad,Gujarat,2022-12-29
214,Female,56,Bengaluru,Karnataka,2022-04-02
215,Female,22,Kolkata,West Bengal,2023-05-28
216,Female,25,Bengaluru,Karnataka,2025-09-29
217,Female,34,Bengaluru,Karnataka,2023-02-27
218,Male,18,Kolkata,West Bengal,2021-01-02
219,Female,29,Ahmedabad,Gujarat,2025-02-01
220,Male,52,Lucknow,Uttar Pradesh,2024-02-04
221,Female,31,Ahmedabad,Gujarat,2021-08-04
222,Female,65,Chennai,Tamil Nadu,2023-02-16
223,Female,35,Mumbai,Maharashtra,2022-11-10
224,Male,27,Delhi,Delhi,2025-11-18
225,Male,32,Bengaluru,Karnataka,2022-02-18
226,Female,59,Bengaluru,Karnataka,2021-07-29
227,Female,50,Surat,Gujarat,2023-12-18
228,Female,36,Delhi,Delhi,2021-02-12
229,Male,51,Indore,Madhya Pradesh,2021-05-18
230,Male,62,Ahmedabad,Gujarat,2025-07-03
231,Female,42,Jaipur,Rajasthan,2025-02-21
232,Male,33,Hyderabad,Telangana,2025-05-03
233,Female,25,Chennai,Tamil Nadu,2022-09-30
234,Male,52,Hyderabad,Telangana,2022-04-14
235,Female,38,Pune,Maharashtra,2022-12-27
236,Female,36,Kolkata,West Bengal,2025-07-22
237,Female,63,Bengaluru,Karnataka,2024-11-13
238,Male,28,Mumbai,Maharashtra,2024-05-06
239,Female,61,Ahmedabad,Gujarat,2021-07-21
240,Male,28,Pune,Maharashtra,2021-07-11
241,Female,28,Surat,Gujarat,2021-04-17
242,Male,39,Surat,Gujarat,2025-09-26
243,Male,38,Indore,Madhya Pradesh,2021-11-23
244,Male,44,Delhi,Delhi,2023-01-20
245,Male,35,Mumbai,Maharashtra,2022-10-06
246,Female,59,Indore,Madhya Pradesh,2021-12-23
247,Male,65,Delhi,Delhi,2022-08-18
248,Female,57,Surat,Gujarat,2022-05-16
249,Other,55,Surat,Gujarat,2024-07-31
250,Male,47,Lucknow,Uttar Pradesh,2022-04-13
251,Female,62,Bengaluru,Karnataka,2022-05-23
252,Male,64,Delhi,Delhi,2025-10-24
253,Male,62,Lucknow,Uttar Pradesh,2021-04-16
254,Male,50,Bengaluru,Karnataka,2024-08-10
255,Female,38,Pune,Maharashtra,2023-12-26
256,Male,19,Chennai,Tamil Nadu,2021-07-14
257,Female,30,Indore,Madhya Pradesh,2024-04-26
258,Female,19,Kolkata,West Bengal,2021-02-16
259,Female,60,Chennai,Tamil Nadu,2024-10-17
260,Male,62,Mumbai,Maharashtra,2023-10-06
261,Female,48,Ahmedabad,Gujarat,2022-06-21
262,Female,27,Surat,Gujarat,2025-05-21
263,Female,40,Pune,Maharashtra,2025-02-19
264,Female,39,Hyderabad,Telangana,2023-04-27
265,Female,64,Lucknow,Uttar Pradesh,2025-05-22
266,Male,46,Kolkata,West Bengal,2022-12-10
267,Male,50,Kolkata,West Bengal,2024-06-23
268,Male,48,Kolkata,West Bengal,2023-03-19
269,Male,31,Delhi,Delhi,2022-09-04
270,Male,27,Bengaluru,Karnataka,2024-04-16
271,Male,35,Jaipur,Rajasthan,2021-04-25
272,Male,28,Jaipur,Rajasthan,2022-11-11
273,Female,56,Lucknow,Uttar Pradesh,2022-09-23
274,Male,64,Indore,Madhya Pradesh,2024-04-03
275,Female,20,Hyderabad,Telangana,2021-08-07
276,Male,19,Hyderabad,Telangana,2021-07-16
277,Female,25,Jaipur,Rajasthan,2022-02-05
278,Female,48,Ahmedabad,Gujarat,2023-01-19
279,Male,25,Kolkata,West Bengal,2022-11-12
280,Male,60,Jaipur,Rajasthan,2021-03-17
281,Male,65,Indore,Madhya Pradesh,2024-12-20
282,Male,19,Bengaluru,Karnataka,2021-10-14
283,Female,39,Delhi,Delhi,2025-04-18
284,Female,22,Mumbai,Maharashtra,2024-08-15
285,Male,24,Chennai,Tamil Nadu,2023-05-11
286,Male,37,Mumbai,Maharashtra,2023-01-12
287,Male,45,Hyderabad,Telangana,2025-09-27
288,Male,30,Chennai,Tamil Nadu,2021-10-21
289,Female,19,Bengaluru,Karnataka,2023-03-20
290,Male,49,Chennai,Tamil Nadu,2023-06-05
291,Female,43,Mumbai,Maharashtra,2025-01-10
292,Male,20,Mumbai,Maharashtra,2022-02-18
293,Male,58,Lucknow,Uttar Pradesh,2022-03-07
294,Female,59,Delhi,Delhi,2025-12-19
295,Male,30,Mumbai,Maharashtra,2024-06-07
296,Female,38,Hyderabad,Telangana,2024-01-25
297,Female,62,Jaipur,Rajasthan,2025-01-02
298,Male,54,Pune,Maharashtra,2021-06-20
299,Male,40,Ahmedabad,Gujarat,2024-09-02
300,Female,24,Mumbai,Maharashtra,2022-06-28
301,Female,34,Mumbai,Maharashtra,2025-02-23
302,Female,45,Chennai,Tamil Nadu,2024-11-12
303,Male,64,Chennai,Tamil Nadu,2023-09-16
304,Other,47,Ahmedabad,Gujarat,2025-04-30
305,Male,22,Kolkata,West Bengal,2021-03-13
306,Female,41,Surat,Gujarat,2023-10-20
307,Female,24,Hyderabad,Telangana,2022-06-16
308,Male,51,Bengaluru,Karnataka,2021-08-27
309,Female,59,Jaipur,Rajasthan,2022-12-12
310,Male,50,Bengaluru,Karnataka,2022-07-31
311,Female,44,Delhi,Delhi,2025-09-20
312,Male,31,Mumbai,Maharashtra,2024-01-18
313,Female,36,Mumbai,Maharashtra,2022-12-14
314,Male,65,Surat,Gujarat,2025-04-08
315,Female,55,Lucknow,Uttar Pradesh,2022-10-04
316,Female,29,Kolkata,West Bengal,2024-03-23
317,Male,20,Delhi,Delhi,2022-08-13
318,Male,24,Pune,Maharashtra,2021-07-09
319,Female,52,Pune,Maharashtra,2023-03-23
320,Male,42,Bengaluru,Karnataka,2024-12-09
321,Female,32,Chennai,Tamil Nadu,2024-03-23
322,Male,36,Kolkata,West Bengal,2023-10-12
323,Female,36,Ahmedabad,Gujarat,2022-09-17
324,Male,40,Bengaluru,Karnataka,2024-09-24
325,Male,28,Surat,Gujarat,2022-09-21
326,Male,38,Kolkata,West Bengal,2025-03-21
327,Male,51,Chennai,Tamil Nadu,2023-06-08
328,Male,56,Ahmedabad,Gujarat,2023-11-25
329,Female,24,Delhi,Delhi,2023-02-23
330,Female,59,Bengaluru,Karnataka,2022-11-02
331,Female,61,Delhi,Delhi,2022-12-23
332,Female,44,Kolkata,West Bengal,2022-06-10
333,Male,40,Mumbai,Maharashtra,2022-06-21
334,Female,55,Mumbai,Maharashtra,2023-04-27
335,Male,37,Mumbai,Maharashtra,2024-05-26
336,Female,44,Mumbai,Maharashtra,2024-07-01
337,Male,25,Lucknow,Uttar Pradesh,2023-09-23
338,Male,54,Kolkata,West Bengal,2024-05-11
339,Male,20,Hyderabad,Telangana,2024-01-30
340,Female,19,Mumbai,Maharashtra,2024-10-16
341,Male,39,Hyderabad,Telangana,2025-10-31
342,Female,23,Hyderabad,Telangana,2025-10-01
343,Male,56,Pune,Maharashtra,2023-07-03
344,Female,57,Delhi,Delhi,2021-06-27
345,Female,53,Delhi,Delhi,2021-10-03
346,Male,61,Ahmedabad,Gujarat,2021-11-08
347,Male,41,Ahmedabad,Gujarat,2025-07-24
348,Female,29,Mumbai,Maharashtra,2024-12-04
349,Female,34,Delhi,Delhi,2023-03-02
350,Male,39,Ahmedabad,Gujarat,2024-08-04
351,Female,36,Hyderabad,Telangana,2025-08-04
352,Female,26,Lucknow,Uttar Pradesh,2025-03-29
353,Male,29,Ahmedabad,Gujarat,2024-11-25
354,Female,49,Pune,Maharashtra,2024-05-25
355,Male,48,Mumbai,Maharashtra,2022-11-29
356,Male,34,Ahmedabad,Gujarat,2025-02-02
357,Female,40,Mumbai,Maharashtra,2021-01-27
358,Male,27,Chennai,Tamil Nadu,2023-07-02
359,Male,47,Surat,Gujarat,2025-10-20
360,Female,36,Chennai,Tamil Nadu,2022-02-26
361,Female,43,Delhi,Delhi,2023-11-04
362,Female,43,Ahmedabad,Gujarat,2022-05-16
363,Female,28,Hyderabad,Telangana,2025-08-05
364,Female,37,Chennai,Tamil Nadu,2023-06-27
365,Male,62,Surat,Gujarat,2021-11-21
366,Male,21,Delhi,Delhi,2024-09-09
367,Female,64,Surat,Gujarat,2025-05-10
368,Male,29,Indore,Madhya Pradesh,2025-09-23
369,Female,42,Pune,Maharashtra,2021-10-12
370,Female,27,Mumbai,Maharashtra,2024-01-18
371,Male,39,Mumbai,Maharashtra,2023-12-05
372,Female,24,Mumbai,Maharashtra,2025-07-26
373,Female,41,Mumbai,Maharashtra,2022-05-13
374,Male,19,Ahmedabad,Gujarat,2023-07-01
375,Other,49,Mumbai,Maharashtra,2025-03-02
376,Female,38,Bengaluru,Karnataka,2025-05-21
377,Male,24,Lucknow,Uttar Pradesh,2025-12-20
378,Female,25,Mumbai,Maharashtra,2025-08-11
379,Female,55,Jaipur,Rajasthan,2021-05-25
380,Female,38,Bengaluru,Karnataka,2023-08-06
381,Female,25,Mumbai,Maharashtra,2025-03-22
382,Female,42,Kolkata,West Bengal,2021-03-23
383,Male,45,Ahmedabad,Gujarat,2023-09-07
384,Female,45,Lucknow,Uttar Pradesh,2025-07-17
385,Female,48,Kolkata,West Bengal,2024-04-05
386,Male,53,Jaipur,Rajasthan,2025-11-08
387,Male,42,Bengaluru,Karnataka,2024-02-03
388,Female,58,Pune,Maharashtra,2025-12-31
389,Female,54,Kolkata,West Bengal,2022-05-03
390,Female,55,Jaipur,Rajasthan,2025-11-09
391,Female,29,Surat,Gujarat,2024-08-26
392,Female,54,Delhi,Delhi,2021-03-23
393,Female,54,Delhi,Delhi,2021-04-04
394,Female,48,Jaipur,Rajasthan,2024-09-06
395,Male,35,Delhi,Delhi,2021-12-09
396,Female,43,Indore,Madhya Pradesh,2023-03-08
397,Female,23,Lucknow,Uttar Pradesh,2021-12-27
398,Female,26,Delhi,Delhi,2023-12-26
399,Female,28,Kolkata,West Bengal,2022-09-16
400,Female,48,Kolkata,West Bengal,2023-05-18
401,Male,63,Mumbai,Maharashtra,2022-03-05
402,Male,19,Indore,Madhya Pradesh,2024-11-25
403,Male,46,Hyderabad,Telangana,2021-06-20
404,Male,63,Lucknow,Uttar Pradesh,2025-11-18
405,Female,59,Bengaluru,Karnataka,2022-08-01
406,Male,22,Indore,Madhya Pradesh,2021-03-09
407,Male,40,Delhi,Delhi,2025-02-24
408,Female,53,Mumbai,Maharashtra,2023-11-24
409,Female,24,Indore,Madhya Pradesh,2021-01-01
410,Male,30,Mumbai,Maharashtra,2021-05-31
411,Female,59,Bengaluru,Karnataka,2023-06-21
412,Female,27,Surat,Gujarat,2025-12-13
413,Male,53,Surat,Gujarat,2021-09-15
414,Male,33,Chennai,Tamil Nadu,2023-01-20
415,Female,32,Ahmedabad,Gujarat,2022-09-20
416,Female,60,Hyderabad,Telangana,2025-05-31
417,Female,36,Bengaluru,Karnataka,2023-03-06
418,Male,38,Bengaluru,Karnataka,2021-01-19
419,Male,52,Ahmedabad,Gujarat,2025-12-25
420,Female,32,Kolkata,West Bengal,2021-02-04
421,Male,65,Jaipur,Rajasthan,2022-01-06
422,Male,31,Jaipur,Rajasthan,2022-05-06
423,Female,46,Mumbai,Maharashtra,2023-03-28
424,Male,22,Hyderabad,Telangana,2024-06-18
425,Female,35,Mumbai,Maharashtra,2021-01-07
426,Female,18,Chennai,Tamil Nadu,2022-07-03
427,Male,44,Hyderabad,Telangana,2022-01-06
428,Female,44,Indore,Madhya Pradesh,2025-08-16
429,Male,42,Delhi,Delhi,2023-01-27
430,Female,58,Mumbai,Maharashtra,2024-06-27
431,Male,38,Pune,Maharashtra,2024-02-13
432,Male,31,Jaipur,Rajasthan,2025-04-26
433,Female,37,Ahmedabad,Gujarat,2024-09-22
434,Male,45,Mumbai,Maharashtra,2022-07-28
435,Female,38,Mumbai,Maharashtra,2022-11-12
436,Male,40,Kolkata,West Bengal,2024-03-11
437,Male,28,Mumbai,Maharashtra,2025-02-17
438,Female,19,Lucknow,Uttar Pradesh,2025-01-01
439,Male,37,Kolkata,West Bengal,2025-11-29
440,Male,41,Mumbai,Maharashtra,2021-03-29
441,Female,42,Mumbai,Maharashtra,2022-04-08
442,Female,54,Surat,Gujarat,2023-12-08
443,Female,39,Delhi,Delhi,2022-04-26
444,Female,41,Delhi,Delhi,2023-04-03
445,Male,32,Jaipur,Rajasthan,2022-06-08
446,Female,29,Surat,Gujarat,2021-07-30
447,Male,63,Surat,Gujarat,2021-09-01
448,Female,48,Kolkata,West Bengal,2021-08-27
449,Male,60,Delhi,Delhi,2024-05-05
450,Other,48,Mumbai,Maharashtra,2023-02-08
451,Female,47,Jaipur,Rajasthan,2021-08-23
452,Female,58,Chennai,Tamil Nadu,2021-07-06
453,Female,37,Delhi,Delhi,2022-12-14
454,Female,25,Indore,Madhya Pradesh,2025-06-27
455,Female,61,Mumbai,Maharashtra,2024-08-06
456,Male,47,Hyderabad,Telangana,2024-05-29
457,Male,52,Mumbai,Maharashtra,2022-05-12
458,Male,38,Hyderabad,Telangana,2025-02-28
459,Male,64,Mumbai,Maharashtra,2024-08-18
460,Female,57,Mumbai,Maharashtra,2021-07-06
461,Female,45,Mumbai,Maharashtra,2025-01-13
462,Female,56,Ahmedabad,Gujarat,2024-12-06
463,Female,34,Kolkata,West Bengal,2025-06-23
464,Female,29,Chennai,Tamil Nadu,2023-07-25
465,Male,35,Surat,Gujarat,2024-06-22
466,Male,64,Delhi,Delhi,2021-11-09
467,Male,45,Bengaluru,Karnataka,2023-03-30
468,Male,20,Lucknow,Uttar Pradesh,2025-02-28
469,Female,32,Bengaluru,Karnataka,2021-01-22
470,Female,33,Surat,Gujarat,2021-03-09
471,Female,39,Mumbai,Maharashtra,2022-01-27
472,Female,48,Surat,Gujarat,2024-09-01
473,Female,48,Mumbai,Maharashtra,2023-12-25
474,Male,18,Indore,Madhya Pradesh,2022-12-30
475,Female,28,Hyderabad,Telangana,2022-06-25
476,Male,23,Surat,Gujarat,2025-09-25
477,Male,40,Mumbai,Maharashtra,2022-07-22
478,Male,26,Chennai,Tamil Nadu,2023-06-19
479,Male,33,Surat,Gujarat,2021-07-31
480,Male,55,Hyderabad,Telangana,2025-11-09
481,Male,61,Ahmedabad,Gujarat,2021-07-19
482,Female,36,Kolkata,West Bengal,2023-09-14
483,Female,62,Hyderabad,Telangana,2021-06-27
484,Male,30,Ahmedabad,Gujarat,2024-12-17
485,Male,49,Chennai,Tamil Nadu,2023-07-20
486,Female,53,Indore,Madhya Pradesh,2025-08-16
487,Male,26,Mumbai,Maharashtra,2025-01-25
488,Female,63,Bengaluru,Karnataka,2021-02-13
489,Female,63,Surat,Gujarat,2024-12-25
490,Male,54,Indore,Madhya Pradesh,2021-06-17
491,Male,48,Hyderabad,Telangana,2021-10-14
492,Male,48,Ahmedabad,Gujarat,2022-12-10
493,Male,36,Bengaluru,Karnataka,2021-12-03
494,Male,19,Pune,Maharashtra,2022-08-09
495,Female,62,Hyderabad,Telangana,2024-04-09
496,Male,49,Delhi,Delhi,2021-07-02
497,Female,60,Chennai,Tamil Nadu,2021-01-16
498,Female,51,Mumbai,Maharashtra,2025-02-28
499,Male,18,Surat,Gujarat,2025-05-23
500,Male,38,Surat,Gujarat,2023-06-06
501,Male,20,Kolkata,West Bengal,2023-04-17
502,Male,44,Chennai,Tamil Nadu,2025-04-27
503,Female,61,Bengaluru,Karnataka,2021-04-20
504,Male,24,Jaipur,Rajasthan,2025-04-26
505,Female,50,Ahmedabad,Gujarat,2021-11-02
506,Male,26,Pune,Maharashtra,2023-09-07
507,Male,47,Indore,Madhya Pradesh,2021-01-06
508,Female,35,Lucknow,Uttar Pradesh,2023-04-23
509,Female,43,Surat,Gujarat,2025-09-13
510,Male,37,Kolkata,West Bengal,2024-07-20
511,Male,55,Ahmedabad,Gujarat,2021-12-27
512,Female,58,Delhi,Delhi,2024-04-23
513,Male,48,Indore,Madhya Pradesh,2022-10-18
514,Male,25,Lucknow,Uttar Pradesh,2024-01-29
515,Female,40,Mumbai,Maharashtra,2024-01-19
516,Female,42,Mumbai,Maharashtra,2023-09-11
517,Female,64,Delhi,Delhi,2024-06-23
518,Female,18,Jaipur,Rajasthan,2024-06-16
519,Female,63,Surat,Gujarat,2022-12-25
520,Female,35,Pune,Maharashtra,2024-01-10
521,Female,36,Chennai,Tamil Nadu,2021-04-25
522,Female,59,Delhi,Delhi,2021-10-03
523,Female,23,Surat,Gujarat,2021-03-21
524,Male,34,Lucknow,Uttar Pradesh,2025-05-11
525,Male,63,Lucknow,Uttar Pradesh,2021-06-28
526,Female,62,Hyderabad,Telangana,2024-08-25
527,Female,25,Delhi,Delhi,2022-07-15
528,Male,59,Bengaluru,Karnataka,2022-05-24
529,Female,26,Mumbai,Maharashtra,2021-09-17
530,Male,54,Lucknow,Uttar Pradesh,2025-12-15
531,Female,44,Jaipur,Rajasthan,2021-10-19
532,Female,53,Surat,Gujarat,2023-06-04
533,Female,23,Surat,Gujarat,2021-10-18
534,Male,23,Chennai,Tamil Nadu,2022-06-26
535,Female,62,Jaipur,Rajasthan,2023-02-03
536,Male,21,Surat,Gujarat,2023-12-23
537,Male,39,Lucknow,Uttar Pradesh,2022-08-17
538,Male,57,Bengaluru,Karnataka,2024-11-29
539,Female,44,Hyderabad,Telangana,2023-08-06
540,Male,54,Mumbai,Maharashtra,2022-04-25
541,Male,19,Surat,Gujarat,2024-09-10
542,Female,26,Chennai,Tamil Nadu,2022-01-16
543,Female,28,Bengaluru,Karnataka,2025-09-01
544,Female,37,Ahmedabad,Gujarat,2021-11-06
545,Female,60,Ahmedabad,Gujarat,2024-09-28
546,Male,56,Delhi,Delhi,2025-08-21
547,Female,31,Mumbai,Maharashtra,2025-02-07
548,Female,43,Ahmedabad,Gujarat,2023-12-16
549,Male,55,Hyderabad,Telangana,2023-04-27
550,Male,47,Jaipur,Rajasthan,2022-03-01
551,Male,53,Hyderabad,Telangana,2024-03-11
552,Male,55,Lucknow,Uttar Pradesh,2022-10-23
553,Female,52,Chennai,Tamil Nadu,2024-10-31
554,Female,23,Chennai,Tamil Nadu,2021-08-14
555,Female,20,Lucknow,Uttar Pradesh,2025-02-06
556,Female,18,Delhi,Delhi,2021-01-25
557,Male,35,Mumbai,Maharashtra,2025-09-10
558,Female,40,Mumbai,Maharashtra,2024-10-20
559,Male,49,Kolkata,West Bengal,2021-04-05
560,Female,46,Ahmedabad,Gujarat,2022-05-23
561,Male,40,Kolkata,West Bengal,2022-07-19
562,Female,53,Pune,Maharashtra,2025-05-25
563,Male,23,Mumbai,Maharashtra,2024-04-14
564,Male,34,Mumbai,Maharashtra,2022-10-06
565,Male,35,Delhi,Delhi,2024-12-02
566,Female,48,Chennai,Tamil Nadu,2022-05-05
567,Female,23,Delhi,Delhi,2022-04-04
568,Male,51,Delhi,Delhi,2024-12-07
569,Female,61,Indore,Madhya Pradesh,2023-06-20
570,Female,61,Delhi,Delhi,2021-12-04
571,Female,44,Hyderabad,Telangana,2023-08-21
572,Female,53,Jaipur,Rajasthan,2024-09-16
573,Male,65,Delhi,Delhi,2024-05-21
574,Male,59,Ahmedabad,Gujarat,2025-10-13
575,Female,42,Lucknow,Uttar Pradesh,2021-12-11
576,Female,27,Surat,Gujarat,2022-07-30
577,Female,56,Pune,Maharashtra,2025-04-20
578,Female,63,Indore,Madhya Pradesh,2025-03-28
579,Male,56,Hyderabad,Telangana,2023-08-01
580,Female,29,Bengaluru,Karnataka,2021-12-12
581,Male,28,Hyderabad,Telangana,2024-06-25
582,Other,60,Surat,Gujarat,2025-07-06
583,Male,20,Hyderabad,Telangana,2021-11-21
584,Female,39,Bengaluru,Karnataka,2022-04-12
585,Female,21,Ahmedabad,Gujarat,2021-04-01
586,Male,25,Bengaluru,Karnataka,2021-10-21
587,Male,31,Mumbai,Maharashtra,2025-04-14
588,Female,37,Mumbai,Maharashtra,2022-06-08
589,Female,41,Mumbai,Maharashtra,2025-08-10
590,Male,31,Pune,Maharashtra,2025-07-31
591,Female,45,Mumbai,Maharashtra,2023-04-30
592,Female,33,Ahmedabad,Gujarat,2025-08-20
593,Male,49,Pune,Maharashtra,2021-09-16
594,Male,64,Delhi,Delhi,2024-01-16
595,Female,29,Indore,Madhya Pradesh,2024-03-27
596,Female,33,Hyderabad,Telangana,2025-02-26
597,Female,36,Ahmedabad,Gujarat,2021-07-05
598,Female,22,Pune,Maharashtra,2021-12-10
599,Male,29,Pune,Maharashtra,2023-04-01
600,Male,46,Mumbai,Maharashtra,2023-01-11
601,Male,22,Pune,Maharashtra,2025-03-20
602,Male,59,Bengaluru,Karnataka,2022-07-23
603,Female,34,Pune,Maharashtra,2023-08-08
604,Female,64,Mumbai,Maharashtra,2022-05-24
605,Male,25,Mumbai,Maharashtra,2025-04-13
606,Male,57,Hyderabad,Telangana,2021-01-16
607,Female,57,Pune,Maharashtra,2022-06-09
608,Female,47,Delhi,Delhi,2021-07-19
609,Female,27,Hyderabad,Telangana,2024-04-22
610,Female,37,Kolkata,West Bengal,2021-11-05
611,Female,62,Mumbai,Maharashtra,2025-03-12
612,Female,33,Jaipur,Rajasthan,2024-07-28
613,Male,58,Ahmedabad,Gujarat,2024-03-27
614,Male,33,Mumbai,Maharashtra,2024-10-15
615,Male,59,Lucknow,Uttar Pradesh,2021-09-16
616,Female,20,Indore,Madhya Pradesh,2024-03-26
617,Female,40,Mumbai,Maharashtra,2022-03-01
618,Female,39,Bengaluru,Karnataka,2025-06-18
619,Male,45,Jaipur,Rajasthan,2023-02-18
620,Male,63,Kolkata,West Bengal,2023-11-11
621,Male,62,Pune,Maharashtra,2022-10-01
622,Male,53,Pune,Maharashtra,2024-10-02
623,Female,21,Delhi,Delhi,2023-07-09
624,Female,55,Hyderabad,Telangana,2023-10-09
625,Female,41,Ahmedabad,Gujarat,2021-12-16
626,Female,36,Delhi,Delhi,2023-08-19
627,Female,28,Hyderabad,Telangana,2024-11-09
628,Female,57,Kolkata,West Bengal,2022-03-14
629,Male,63,Mumbai,Maharashtra,2022-04-01
630,Female,57,Bengaluru,Karnataka,2022-09-16
631,Female,63,Kolkata,West Bengal,2025-11-05
632,Female,56,Indore,Madhya Pradesh,2025-04-19
633,Male,35,Hyderabad,Telangana,2024-01-09
634,Male,29,Chennai,Tamil Nadu,2025-01-15
635,Male,31,Mumbai,Maharashtra,2025-06-07
636,Female,64,Hyderabad,Telangana,2025-04-14
637,Male,35,Chennai,Tamil Nadu,2025-02-21
638,Female,61,Bengaluru,Karnataka,2022-10-05
639,Female,59,Bengaluru,Karnataka,2025-03-27
640,Male,29,Delhi,Delhi,2022-01-27
641,Female,57,Mumbai,Maharashtra,2022-07-28
642,Female,44,Bengaluru,Karnataka,2024-10-14
643,Male,23,Pune,Maharashtra,2021-02-02
644,Female,41,Bengaluru,Karnataka,2024-03-05
645,Male,50,Mumbai,Maharashtra,2023-07-10
646,Male,62,Indore,Madhya Pradesh,2025-06-12
647,Female,33,Chennai,Tamil Nadu,2022-02-14
648,Female,29,Ahmedabad,Gujarat,2025-04-02
649,Other,48,Jaipur,Rajasthan,2023-10-20
650,Female,54,Hyderabad,Telangana,2024-01-20
651,Female,30,Mumbai,Maharashtra,2022-02-17
652,Female,25,Chennai,Tamil Nadu,2021-10-26
653,Female,55,Chennai,Tamil Nadu,2025-02-19
654,Female,20,Kolkata,West Bengal,2025-11-24
655,Male,37,Delhi,Delhi,2021-03-14
656,Female,21,Mumbai,Maharashtra,2025-10-08
657,Male,61,Bengaluru,Karnataka,2021-09-18
658,Female,62,Delhi,Delhi,2022-11-21
659,Male,19,Ahmedabad,Gujarat,2024-08-28
660,Female,53,Chennai,Tamil Nadu,2023-08-17
661,Male,40,Delhi,Delhi,2023-01-02
662,Male,62,Surat,Gujarat,2022-11-16
663,Female,36,Chennai,Tamil Nadu,2024-04-03
664,Male,57,Bengaluru,Karnataka,2023-04-20
665,Female,25,Mumbai,Maharashtra,2021-12-01
666,Male,33,Pune,Maharashtra,2025-03-06
667,Male,60,Bengaluru,Karnataka,2023-01-02
668,Male,35,Pune,Maharashtra,2023-03-15
669,Female,53,Pune,Maharashtra,2024-03-30
670,Male,41,Bengaluru,Karnataka,2022-01-25
671,Female,18,Pune,Maharashtra,2023-01-30
672,Male,18,Indore,Madhya Pradesh,2023-06-02
673,Male,63,Mumbai,Maharashtra,2023-08-30
674,Male,53,Hyderabad,Telangana,2023-12-31
675,Male,28,Delhi,Delhi,2023-07-30
676,Female,35,Surat,Gujarat,2024-01-21
677,Female,33,Mumbai,Maharashtra,2023-06-22
678,Female,34,Delhi,Delhi,2024-10-16
679,Male,41,Surat,Gujarat,2024-09-06
680,Male,51,Lucknow,Uttar Pradesh,2024-06-22
681,Male,21,Jaipur,Rajasthan,2021-01-24
682,Female,52,Bengaluru,Karnataka,2022-07-11
683,Male,32,Pune,Maharashtra,2022-12-02
684,Female,19,Ahmedabad,Gujarat,2022-02-07
685,Male,48,Indore,Madhya Pradesh,2024-10-28
686,Male,26,Chennai,Tamil Nadu,2024-08-02
687,Male,27,Chennai,Tamil Nadu,2022-03-17
688,Male,42,Bengaluru,Karnataka,2025-06-07
689,Female,22,Jaipur,Rajasthan,2025-10-24
690,Male,31,Pune,Maharashtra,2023-06-01
691,Female,59,Bengaluru,Karnataka,2024-10-07
692,Male,65,Delhi,Delhi,2023-07-15
693,Female,55,Hyderabad,Telangana,2024-05-27
694,Male,57,Bengaluru,Karnataka,2022-04-30
695,Female,19,Mumbai,Maharashtra,2025-01-06
696,Female,35,Ahmedabad,Gujarat,2024-05-26
697,Female,46,Bengaluru,Karnataka,2025-09-22
698,Male,37,Chennai,Tamil Nadu,2023-12-27
699,Female,25,Pune,Maharashtra,2021-01-31
700,Male,54,Hyderabad,Telangana,2021-11-18
701,Male,65,Chennai,Tamil Nadu,2024-06-27
702,Male,43,Mumbai,Maharashtra,2022-07-20
703,Male,54,Bengaluru,Karnataka,2021-01-10
704,Other,21,Mumbai,Maharashtra,2022-11-09
705,Male,50,Mumbai,Maharashtra,2023-05-01
706,Female,39,Surat,Gujarat,2023-07-16
707,Female,23,Bengaluru,Karnataka,2021-10-12
708,Female,50,Jaipur,Rajasthan,2021-06-02
709,Female,45,Bengaluru,Karnataka,2025-04-17
710,Male,41,Ahmedabad,Gujarat,2025-04-02
711,Female,21,Jaipur,Rajasthan,2022-01-06
712,Male,19,Chennai,Tamil Nadu,2021-10-28
713,Female,30,Hyderabad,Telangana,2021-05-26
714,Female,63,Delhi,Delhi,2025-05-30
715,Female,28,Delhi,Delhi,2025-07-18
716,Male,52,Indore,Madhya Pradesh,2023-12-12
717,Male,56,Lucknow,Uttar Pradesh,2024-11-28
718,Male,27,Surat,Gujarat,2022-12-03
719,Male,60,Mumbai,Maharashtra,2021-05-21
720,Male,27,Kolkata,West Bengal,2024-01-17
721,Female,25,Indore,Madhya Pradesh,2024-12-21
722,Male,22,Pune,Maharashtra,2021-03-25
723,Female,40,Mumbai,Maharashtra,2024-06-20
724,Female,51,Kolkata,West Bengal,2024-02-04
725,Female,64,Chennai,Tamil Nadu,2025-06-16
726,Male,49,Lucknow,Uttar Pradesh,2024-10-10
727,Male,33,Mumbai,Maharashtra,2021-01-21
728,Male,21,Jaipur,Rajasthan,2023-10-27
729,Male,45,Pune,Maharashtra,2023-08-25
730,Female,65,Pune,Maharashtra,2024-05-29
731,Male,61,Pune,Maharashtra,2024-01-16
732,Female,31,Jaipur,Rajasthan,2025-09-12
733,Female,29,Ahmedabad,Gujarat,2022-03-29
734,Female,38,Hyderabad,Telangana,2021-12-08
735,Male,65,Delhi,Delhi,2022-01-28
736,Male,33,Lucknow,Uttar Pradesh,2024-10-07
737,Female,61,Delhi,Delhi,2024-06-23
738,Male,19,Jaipur,Rajasthan,2025-09-06
739,Male,40,Delhi,Delhi,2023-09-30
740,Male,46,Delhi,Delhi,2024-02-11
741,Male,63,Hyderabad,Telangana,2023-08-29
742,Female,60,Bengaluru,Karnataka,2025-05-26
743,Male,26,Kolkata,West Bengal,2021-06-07
744,Female,24,Hyderabad,Telangana,2023-03-22
745,Male,46,Bengaluru,Karnataka,2024-06-14
746,Female,61,Indore,Madhya Pradesh,2022-11-30
747,Female,34,Delhi,Delhi,2024-06-20
748,Female,26,Chennai,Tamil Nadu,2021-06-15
749,Male,23,Indore,Madhya Pradesh,2021-02-03
750,Male,61,Ahmedabad,Gujarat,2021-09-12
751,Male,37,Mumbai,Maharashtra,2021-10-29
752,Female,27,Indore,Madhya Pradesh,2021-08-08
753,Female,26,Ahmedabad,Gujarat,2023-11-22
754,Female,29,Bengaluru,Karnataka,2023-07-24
755,Male,50,Mumbai,Maharashtra,2025-11-28
756,Female,49,Jaipur,Rajasthan,2022-05-24
757,Male,51,Ahmedabad,Gujarat,2025-02-14
758,Female,36,Chennai,Tamil Nadu,2024-06-10
759,Male,50,Indore,Madhya Pradesh,2023-08-11
760,Female,65,Jaipur,Rajasthan,2021-08-03
761,Male,33,Pune,Maharashtra,2024-06-19
762,Male,40,Bengaluru,Karnataka,2021-09-02
763,Female,43,Bengaluru,Karnataka,2021-01-20
764,Male,62,Kolkata,West Bengal,2021-07-29
765,Female,61,Mumbai,Maharashtra,2025-10-12
766,Female,58,Chennai,Tamil Nadu,2022-03-02
767,Female,54,Jaipur,Rajasthan,2023-09-27
768,Male,26,Lucknow,Uttar Pradesh,2023-09-08
769,Male,47,Delhi,Delhi,2021-03-13
770,Female,30,Lucknow,Uttar Pradesh,2025-08-25
771,Male,65,Mumbai,Maharashtra,2021-06-27
772,Female,59,Lucknow,Uttar Pradesh,2025-03-27
773,Male,33,Mumbai,Maharashtra,2021-10-26
774,Male,63,Delhi,Delhi,2021-09-23
775,Male,19,Jaipur,Rajasthan,2022-06-04
776,Male,48,Pune,Maharashtra,2025-02-27
777,Male,60,Bengaluru,Karnataka,2021-10-02
778,Female,36,Kolkata,West Bengal,2025-09-25
779,Female,28,Kolkata,West Bengal,2023-08-06
780,Male,31,Ahmedabad,Gujarat,2025-11-30
781,Female,64,Kolkata,West Bengal,2021-02-22
782,Female,42,Chennai,Tamil Nadu,2023-03-23
783,Female,24,Bengaluru,Karnataka,2025-06-20
784,Female,32,Delhi,Delhi,2024-11-24
785,Female,47,Pune,Maharashtra,2024-12-08
786,Male,48,Indore,Madhya Pradesh,2025-06-16
787,Male,41,Chennai,Tamil Nadu,2025-08-07
788,Male,42,Delhi,Delhi,2022-05-04
789,Female,25,Hyderabad,Telangana,2022-05-17
790,Male,47,Surat,Gujarat,2021-11-03
791,Female,53,Pune,Maharashtra,2022-02-21
792,Male,31,Chennai,Tamil Nadu,2022-05-24
793,Female,46,Hyderabad,Telangana,2023-07-10
794,Male,44,Ahmedabad,Gujarat,2025-04-03
795,Male,53,Mumbai,Maharashtra,2022-09-30
796,Male,51,Lucknow,Uttar Pradesh,2022-10-28
797,Male,38,Indore,Madhya Pradesh,2021-01-06
798,Male,55,Chennai,Tamil Nadu,2022-02-26
799,Female,28,Kolkata,West Bengal,2025-01-14
800,Male,50,Indore,Madhya Pradesh,2024-12-21
801,Male,32,Kolkata,West Bengal,2022-01-25
802,Female,29,Pune,Maharashtra,2021-11-30
803,Male,41,Chennai,Tamil Nadu,2025-01-11
804,Female,54,Chennai,Tamil Nadu,2021-12-04
805,Other,28,Delhi,Delhi,2023-04-28
806,Male,36,Kolkata,West Bengal,2024-01-17
807,Male,18,Indore,Madhya Pradesh,2021-09-26
808,Male,34,Indore,Madhya Pradesh,2021-03-06
809,Female,57,Hyderabad,Telangana,2022-11-09
810,Female,33,Mumbai,Maharashtra,2023-12-24
811,Female,43,Surat,Gujarat,2024-07-17
812,Female,60,Lucknow,Uttar Pradesh,2022-10-19
813,Male,60,Mumbai,Maharashtra,2024-11-01
814,Female,32,Indore,Madhya Pradesh,2023-02-20
815,Female,25,Lucknow,Uttar Pradesh,2021-11-25
816,Female,47,Hyderabad,Telangana,2022-06-02
817,Female,31,Chennai,Tamil Nadu,2025-07-15
818,Female,50,Delhi,Delhi,2023-05-12
819,Male,59,Mumbai,Maharashtra,2022-02-25
820,Male,24,Bengaluru,Karnataka,2024-08-29
821,Female,35,Jaipur,Rajasthan,2021-11-05
822,Male,29,Mumbai,Maharashtra,2023-03-25
823,Female,19,Bengaluru,Karnataka,2023-04-26
824,Male,46,Delhi,Delhi,2025-07-26
825,Female,38,Chennai,Tamil Nadu,2025-12-31
826,Female,24,Indore,Madhya Pradesh,2023-08-20
827,Male,44,Delhi,Delhi,2024-04-27
828,Female,29,Delhi,Delhi,2022-12-22
829,Female,37,Kolkata,West Bengal,2023-12-02
830,Female,31,Hyderabad,Telangana,2022-08-13
831,Male,27,Bengaluru,Karnataka,2021-11-16
832,Male,58,Hyderabad,Telangana,2023-10-08
833,Male,40,Pune,Maharashtra,2025-08-08
834,Male,47,Pune,Maharashtra,2022-03-21
835,Female,64,Hyderabad,Telangana,2024-10-29
836,Female,48,Delhi,Delhi,2021-10-13
837,Female,27,Indore,Madhya Pradesh,2021-06-20
838,Female,36,Delhi,Delhi,2025-06-17
839,Female,36,Chennai,Tamil Nadu,2021-09-20
840,Male,61,Ahmedabad,Gujarat,2023-07-31
841,Female,40,Mumbai,Maharashtra,2025-04-08
842,Male,61,Ahmedabad,Gujarat,2021-05-22
843,Female,58,Pune,Maharashtra,2024-03-17
844,Male,49,Surat,Gujarat,2025-01-03
845,Male,37,Pune,Maharashtra,2022-09-20
846,Female,21,Delhi,Delhi,2022-08-16
847,Female,50,Mumbai,Maharashtra,2022-02-20
848,Female,65,Surat,Gujarat,2021-01-25
849,Female,18,Hyderabad,Telangana,2022-09-19
850,Male,30,Chennai,Tamil Nadu,2021-04-04
851,Female,20,Mumbai,Maharashtra,2021-11-01
852,Male,29,Kolkata,West Bengal,2021-07-04
853,Female,46,Pune,Maharashtra,2021-10-10
854,Female,48,Indore,Madhya Pradesh,2024-03-24
855,Male,58,Pune,Maharashtra,2022-11-17
856,Female,53,Pune,Maharashtra,2023-05-13
857,Female,19,Mumbai,Maharashtra,2022-11-16
858,Male,39,Hyderabad,Telangana,2022-10-28
859,Female,39,Chennai,Tamil Nadu,2023-11-04
860,Female,58,Mumbai,Maharashtra,2023-06-09
861,Female,48,Jaipur,Rajasthan,2023-03-27
862,Male,62,Hyderabad,Telangana,2025-07-22
863,Male,31,Hyderabad,Telangana,2021-12-07
864,Female,46,Hyderabad,Telangana,2022-08-27
865,Male,52,Delhi,Delhi,2025-12-12
866,Female,26,Chennai,Tamil Nadu,2023-01-04
867,Male,64,Pune,Maharashtra,2025-02-05
868,Female,49,Pune,Maharashtra,2023-03-30
869,Female,44,Lucknow,Uttar Pradesh,2023-06-26
870,Male,27,Surat,Gujarat,2024-02-06
871,Male,42,Delhi,Delhi,2024-09-16
872,Female,62,Bengaluru,Karnataka,2022-06-24
873,Female,50,Ahmedabad,Gujarat,2022-03-15
874,Male,28,Delhi,Delhi,2025-09-29
875,Female,54,Mumbai,Maharashtra,2023-09-15
876,Male,26,Pune,Maharashtra,2025-10-02
877,Male,24,Kolkata,West Bengal,2022-10-28
878,Female,24,Ahmedabad,Gujarat,2022-01-19
879,Male,51,Mumbai,Maharashtra,2022-08-05
880,Female,36,Bengaluru,Karnataka,2021-06-09
881,Male,37,Bengaluru,Karnataka,2022-03-08
882,Male,59,Ahmedabad,Gujarat,2024-11-20
883,Male,42,Mumbai,Maharashtra,2022-09-07
884,Female,22,Mumbai,Maharashtra,2022-05-03
885,Female,65,Jaipur,Rajasthan,2025-11-07
886,Female,46,Pune,Maharashtra,2024-04-27
887,Male,44,Ahmedabad,Gujarat,2024-12-12
888,Male,42,Bengaluru,Karnataka,2021-12-09
889,Female,54,Mumbai,Maharashtra,2024-10-16
890,Male,32,Bengaluru,Karnataka,2021-04-19
891,Female,65,Kolkata,West Bengal,2023-04-29
892,Male,21,Lucknow,Uttar Pradesh,2021-10-28
893,Female,31,Lucknow,Uttar Pradesh,2024-10-23
894,Male,34,Delhi,Delhi,2024-07-02
895,Female,38,Ahmedabad,Gujarat,2024-09-01
896,Male,33,Pune,Maharashtra,2022-12-06
897,Male,43,Bengaluru,Karnataka,2023-12-31
898,Male,26,Indore,Madhya Pradesh,2021-09-26
899,Male,19,Mumbai,Maharashtra,2025-03-05
900,Male,60,Mumbai,Maharashtra,2024-05-17
901,Female,32,Pune,Maharashtra,2022-04-23
902,Female,52,Mumbai,Maharashtra,2021-06-25
903,Female,41,Pune,Maharashtra,2021-08-27
904,Female,65,Chennai,Tamil Nadu,2023-06-12
905,Female,55,Delhi,Delhi,2022-09-02
906,Male,31,Indore,Madhya Pradesh,2023-05-09
907,Male,54,Jaipur,Rajasthan,2025-01-05
908,Male,54,Delhi,Delhi,2025-06-13
909,Female,23,Bengaluru,Karnataka,2025-11-23
910,Male,35,Delhi,Delhi,2022-05-07
911,Male,39,Chennai,Tamil Nadu,2021-04-09
912,Female,35,Bengaluru,Karnataka,2021-11-25
913,Male,19,Ahmedabad,Gujarat,2024-09-11
914,Female,49,Delhi,Delhi,2022-03-21
915,Female,34,Chennai,Tamil Nadu,2025-08-17
916,Male,18,Delhi,Delhi,2023-09-25
917,Male,26,Bengaluru,Karnataka,2021-10-22
918,Female,30,Surat,Gujarat,2022-03-18
919,Female,53,Jaipur,Rajasthan,2023-03-06
920,Male,54,Pune,Maharashtra,2023-06-10
921,Female,47,Lucknow,Uttar Pradesh,2021-01-31
922,Female,48,Hyderabad,Telangana,2024-02-29
923,Male,40,Indore,Madhya Pradesh,2025-10-18
924,Male,45,Jaipur,Rajasthan,2025-03-31
925,Female,27,Delhi,Delhi,2022-03-14
926,Male,42,Mumbai,Maharashtra,2024-09-11
927,Female,53,Bengaluru,Karnataka,2024-07-14
928,Male,43,Chennai,Tamil Nadu,2021-10-13
929,Female,43,Ahmedabad,Gujarat,2021-10-18
930,Female,62,Bengaluru,Karnataka,2022-01-03
931,Female,30,Mumbai,Maharashtra,2022-05-01
932,Male,34,Lucknow,Uttar Pradesh,2022-07-09
933,Male,57,Surat,Gujarat,2021-06-17
934,Female,21,Hyderabad,Telangana,2025-02-03
935,Male,40,Pune,Maharashtra,2025-11-26
936,Male,52,Bengaluru,Karnataka,2024-04-08
937,Female,28,Mumbai,Maharashtra,2023-02-10
938,Male,29,Indore,Madhya Pradesh,2024-10-01
939,Male,26,Mumbai,Maharashtra,2021-03-19
940,Male,32,Chennai,Tamil Nadu,2023-05-01
941,Female,62,Bengaluru,Karnataka,2024-01-14
942,Female,54,Chennai,Tamil Nadu,2023-06-11
943,Male,22,Ahmedabad,Gujarat,2022-10-23
944,Male,36,Lucknow,Uttar Pradesh,2024-05-09
945,Male,28,Pune,Maharashtra,2022-08-12
946,Female,26,Mumbai,Maharashtra,2024-10-16
947,Male,52,Mumbai,Maharashtra,2023-02-01
948,Female,44,Indore,Madhya Pradesh,2022-07-19
949,Male,30,Lucknow,Uttar Pradesh,2023-03-23
950,Other,29,Chennai,Tamil Nadu,2021-10-29
951,Male,26,Chennai,Tamil Nadu,2021-10-20
952,Female,59,Ahmedabad,Gujarat,2021-10-21
953,Male,45,Pune,Maharashtra,2021-04-19
954,Male,30,Indore,Madhya Pradesh,2021-12-31
955,Female,37,Delhi,Delhi,2022-08-23
956,Female,30,Delhi,Delhi,2022-11-09
957,Male,44,Hyderabad,Telangana,2025-02-26
958,Female,43,Mumbai,Maharashtra,2024-07-14
959,Female,46,Pune,Maharashtra,2021-04-03
960,Female,46,Kolkata,West Bengal,2025-09-05
961,Male,39,Mumbai,Maharashtra,2023-12-24
962,Female,26,Chennai,Tamil Nadu,2022-03-04
963,Male,41,Bengaluru,Karnataka,2022-09-30
964,Male,59,Delhi,Delhi,2022-01-03
965,Female,36,Bengaluru,Karnataka,2025-11-01
966,Male,55,Delhi,Delhi,2021-04-15
967,Male,48,Kolkata,West Bengal,2021-07-28
968,Female,56,Bengaluru,Karnataka,2025-05-17
969,Female,32,Chennai,Tamil Nadu,2023-10-09
970,Male,49,Hyderabad,Telangana,2025-11-11
971,Male,63,Ahmedabad,Gujarat,2022-04-19
972,Female,65,Indore,Madhya Pradesh,2023-12-21
973,Male,63,Kolkata,West Bengal,2024-10-01
974,Female,46,Pune,Maharashtra,2021-01-12
975,Female,51,Mumbai,Maharashtra,2022-04-11
976,Male,26,Bengaluru,Karnataka,2022-10-11
977,Female,52,Chennai,Tamil Nadu,2024-05-03
978,Female,23,Mumbai,Maharashtra,2024-01-03
979,Male,54,Hyderabad,Telangana,2023-05-25
980,Female,31,Chennai,Tamil Nadu,2022-01-21
981,Female,64,Bengaluru,Karnataka,2024-03-05
982,Female,26,Jaipur,Rajasthan,2023-06-03
983,Female,36,Mumbai,Maharashtra,2022-07-09
984,Male,40,Mumbai,Maharashtra,2024-12-30
985,Male,58,Kolkata,West Bengal,2023-11-29
986,Male,45,Hyderabad,Telangana,2025-04-16
987,Male,33,Ahmedabad,Gujarat,2022-10-16
988,Male,43,Delhi,Delhi,2024-09-05
989,Female,55,Bengaluru,Karnataka,2023-05-15
990,Female,57,Jaipur,Rajasthan,2023-09-16
991,Female,42,Jaipur,Rajasthan,2025-04-29
992,Female,52,Kolkata,West Bengal,2025-09-20
993,Female,22,Bengaluru,Karnataka,2021-12-19
994,Male,24,Chennai,Tamil Nadu,2022-05-29
995,Female,40,Delhi,Delhi,2025-02-15
996,Male,42,Mumbai,Maharashtra,2024-12-10
997,Female,18,Indore,Madhya Pradesh,2023-03-15
998,Female,39,Mumbai,Maharashtra,2024-10-25
999,Male,21,Surat,Gujarat,2021-12-09
1000,Female,45,Hyderabad,Telangana,2024-09-10
1001,Female,65,Pune,Maharashtra,2024-10-22
1002,Male,31,Chennai,Tamil Nadu,2021-12-02
1003,Female,50,Lucknow,Uttar Pradesh,2024-08-12
1004,Male,21,Kolkata,West Bengal,2021-01-24
1005,Male,59,Jaipur,Rajasthan,2023-06-04
1006,Female,28,Ahmedabad,Gujarat,2025-01-05
1007,Female,56,Kolkata,West Bengal,2021-04-14
1008,Female,49,Lucknow,Uttar Pradesh,2024-12-06
1009,Female,21,Bengaluru,Karnataka,2022-07-28
1010,Male,18,Hyderabad,Telangana,2025-08-16
1011,Female,43,Bengaluru,Karnataka,2023-02-14
1012,Female,50,Surat,Gujarat,2024-08-10
1013,Female,34,Surat,Gujarat,2023-06-06
1014,Male,44,Mumbai,Maharashtra,2021-08-31
1015,Female,59,Kolkata,West Bengal,2021-12-08
1016,Female,22,Indore,Madhya Pradesh,2022-09-25
1017,Female,24,Pune,Maharashtra,2023-05-15
1018,Female,42,Chennai,Tamil Nadu,2021-06-22
1019,Male,25,Indore,Madhya Pradesh,2024-12-10
1020,Female,51,Mumbai,Maharashtra,2021-04-13
1021,Female,58,Kolkata,West Bengal,2021-06-09
1022,Male,21,Bengaluru,Karnataka,2024-07-04
1023,Female,29,Indore,Madhya Pradesh,2022-12-15
1024,Male,48,Surat,Gujarat,2022-07-11
1025,Male,28,Surat,Gujarat,2022-07-30
1026,Female,54,Hyderabad,Telangana,2021-07-15
1027,Male,61,Lucknow,Uttar Pradesh,2023-09-16
1028,Male,53,Lucknow,Uttar Pradesh,2024-11-15
1029,Female,62,Bengaluru,Karnataka,2023-07-23
1030,Male,39,Lucknow,Uttar Pradesh,2021-03-11
1031,Male,18,Mumbai,Maharashtra,2025-09-13
1032,Male,21,Chennai,Tamil Nadu,2023-04-23
1033,Male,53,Bengaluru,Karnataka,2021-09-04
1034,Female,25,Mumbai,Maharashtra,2021-11-25
1035,Female,42,Mumbai,Maharashtra,2021-06-07
1036,Female,45,Kolkata,West Bengal,2023-07-07
1037,Female,55,Bengaluru,Karnataka,2022-11-29
1038,Male,53,Kolkata,West Bengal,2023-01-13
1039,Female,53,Mumbai,Maharashtra,2022-08-08
1040,Female,60,Bengaluru,Karnataka,2021-02-24
1041,Female,58,Chennai,Tamil Nadu,2022-05-01
1042,Female,63,Jaipur,Rajasthan,2024-06-20
1043,Female,21,Bengaluru,Karnataka,2024-10-08
1044,Female,30,Ahmedabad,Gujarat,2022-02-14
1045,Male,55,Indore,Madhya Pradesh,2023-08-18
1046,Female,62,Ahmedabad,Gujarat,2023-06-24
1047,Male,42,Bengaluru,Karnataka,2022-12-28
1048,Male,20,Mumbai,Maharashtra,2023-11-05
1049,Male,49,Lucknow,Uttar Pradesh,2021-05-27
1050,Male,56,Mumbai,Maharashtra,2025-02-22
1051,Male,18,Lucknow,Uttar Pradesh,2025-08-07
1052,Male,28,Hyderabad,Telangana,2023-11-15
1053,Female,19,Indore,Madhya Pradesh,2025-06-23
1054,Female,22,Jaipur,Rajasthan,2025-09-11
1055,Other,39,Surat,Gujarat,2021-11-29
1056,Male,63,Delhi,Delhi,2024-04-12
1057,Female,30,Jaipur,Rajasthan,2025-12-04
1058,Female,65,Delhi,Delhi,2021-10-17
1059,Male,40,Hyderabad,Telangana,2022-07-24
1060,Female,64,Ahmedabad,Gujarat,2023-03-02
1061,Female,48,Lucknow,Uttar Pradesh,2024-03-14
1062,Male,52,Surat,Gujarat,2023-06-28
1063,Female,55,Jaipur,Rajasthan,2024-02-20
1064,Female,58,Delhi,Delhi,2021-01-27
1065,Male,52,Delhi,Delhi,2023-12-26
1066,Male,62,Kolkata,West Bengal,2024-01-30
1067,Male,30,Bengaluru,Karnataka,2023-07-15
1068,Male,24,Mumbai,Maharashtra,2022-01-23
1069,Female,22,Delhi,Delhi,2024-01-23
1070,Female,46,Bengaluru,Karnataka,2023-12-27
1071,Male,25,Bengaluru,Karnataka,2021-09-07
1072,Female,25,Bengaluru,Karnataka,2021-05-22
1073,Male,24,Mumbai,Maharashtra,2021-09-24
1074,Male,36,Mumbai,Maharashtra,2025-04-25
1075,Male,56,Surat,Gujarat,2021-08-03
1076,Female,40,Delhi,Delhi,2022-05-04
1077,Male,53,Delhi,Delhi,2022-05-11
1078,Male,59,Ahmedabad,Gujarat,2022-04-25
1079,Male,49,Pune,Maharashtra,2022-10-05
1080,Female,62,Surat,Gujarat,2025-02-22
1081,Other,21,Jaipur,Rajasthan,2021-01-01
1082,Male,47,Mumbai,Maharashtra,2023-10-30
1083,Male,59,Delhi,Delhi,2023-04-21
1084,Female,56,Lucknow,Uttar Pradesh,2022-01-15
1085,Female,22,Surat,Gujarat,2023-04-24
1086,Male,20,Hyderabad,Telangana,2024-03-13
1087,Female,39,Ahmedabad,Gujarat,2021-10-29
1088,Female,45,Pune,Maharashtra,2022-10-12
1089,Male,39,Surat,Gujarat,2024-12-11
1090,Female,39,Bengaluru,Karnataka,2023-03-20
1091,Female,51,Surat,Gujarat,2024-04-17
1092,Female,46,Ahmedabad,Gujarat,2024-07-25
1093,Male,60,Chennai,Tamil Nadu,2024-03-13
1094,Male,59,Hyderabad,Telangana,2021-12-05
1095,Male,30,Bengaluru,Karnataka,2025-01-22
1096,Male,24,Pune,Maharashtra,2025-09-22
1097,Female,27,Bengaluru,Karnataka,2024-09-16
1098,Female,45,Pune,Maharashtra,2024-07-17
1099,Female,21,Jaipur,Rajasthan,2023-09-26
1100,Other,49,Delhi,Delhi,2024-04-25
1101,Male,39,Mumbai,Maharashtra,2022-10-28
1102,Female,37,Surat,Gujarat,2024-04-10
1103,Female,65,Indore,Madhya Pradesh,2022-02-08
1104,Male,37,Indore,Madhya Pradesh,2025-01-31
1105,Female,23,Surat,Gujarat,2021-09-04
1106,Male,26,Pune,Maharashtra,2025-03-27
1107,Female,45,Delhi,Delhi,2022-07-13
1108,Female,30,Kolkata,West Bengal,2023-02-17
1109,Male,48,Kolkata,West Bengal,2021-04-21
1110,Female,56,Pune,Maharashtra,2023-09-15
1111,Female,31,Jaipur,Rajasthan,2023-03-24
1112,Male,39,Bengaluru,Karnataka,2024-08-19
1113,Male,54,Bengaluru,Karnataka,2023-07-19
1114,Male,62,Chennai,Tamil Nadu,2023-06-05
1115,Female,41,Chennai,Tamil Nadu,2023-06-28
1116,Female,25,Chennai,Tamil Nadu,2025-02-05
1117,Female,32,Mumbai,Maharashtra,2023-03-02
1118,Female,58,Lucknow,Uttar Pradesh,2021-10-19
1119,Female,23,Bengaluru,Karnataka,2024-06-29
1120,Male,40,Mumbai,Maharashtra,2025-05-31
1121,Female,42,Indore,Madhya Pradesh,2021-06-24
1122,Male,48,Surat,Gujarat,2021-04-19
1123,Male,63,Lucknow,Uttar Pradesh,2023-08-20
1124,Female,46,Jaipur,Rajasthan,2024-09-25
1125,Male,40,Ahmedabad,Gujarat,2023-04-28
1126,Female,27,Chennai,Tamil Nadu,2023-11-04
1127,Female,26,Mumbai,Maharashtra,2022-11-24
1128,Male,30,Delhi,Delhi,2024-09-07
1129,Male,49,Delhi,Delhi,2025-12-13
1130,Female,62,Bengaluru,Karnataka,2023-08-22
1131,Female,58,Kolkata,West Bengal,2021-02-12
1132,Male,18,Hyderabad,Telangana,2022-04-06
1133,Male,18,Mumbai,Maharashtra,2024-01-31
1134,Female,54,Bengaluru,Karnataka,2025-07-07
1135,Female,57,Ahmedabad,Gujarat,2022-12-06
1136,Male,35,Mumbai,Maharashtra,2023-10-30
1137,Male,53,Lucknow,Uttar Pradesh,2021-05-29
1138,Female,48,Hyderabad,Telangana,2021-12-04
1139,Female,18,Hyderabad,Telangana,2023-09-30
1140,Other,64,Chennai,Tamil Nadu,2021-08-12
1141,Female,53,Lucknow,Uttar Pradesh,2024-02-08
1142,Female,26,Delhi,Delhi,2021-12-20
1143,Male,39,Ahmedabad,Gujarat,2024-01-13
1144,Female,45,Chennai,Tamil Nadu,2022-07-09
1145,Male,43,Bengaluru,Karnataka,2021-03-07
1146,Female,27,Lucknow,Uttar Pradesh,2024-11-12
1147,Male,64,Jaipur,Rajasthan,2022-09-13
1148,Male,20,Ahmedabad,Gujarat,2025-06-26
1149,Female,19,Lucknow,Uttar Pradesh,2024-03-04
1150,Female,54,Lucknow,Uttar Pradesh,2024-01-15
1151,Male,48,Kolkata,West Bengal,2021-03-25
1152,Female,50,Lucknow,Uttar Pradesh,2021-08-15
1153,Male,49,Kolkata,West Bengal,2024-07-07
1154,Male,60,Ahmedabad,Gujarat,2023-06-11
1155,Female,29,Ahmedabad,Gujarat,2023-10-10
1156,Male,20,Kolkata,West Bengal,2021-01-20
1157,Female,65,Pune,Maharashtra,2023-11-25
1158,Male,43,Indore,Madhya Pradesh,2023-01-25
1159,Female,31,Lucknow,Uttar Pradesh,2025-01-06
1160,Female,29,Mumbai,Maharashtra,2023-07-30
1161,Male,43,Lucknow,Uttar Pradesh,2021-09-27
1162,Male,33,Mumbai,Maharashtra,2025-10-25
1163,Female,25,Bengaluru,Karnataka,2022-02-10
1164,Female,45,Kolkata,West Bengal,2025-03-12
1165,Male,24,Pune,Maharashtra,2021-10-31
1166,Female,32,Jaipur,Rajasthan,2025-08-21
1167,Male,58,Lucknow,Uttar Pradesh,2024-08-01
1168,Male,53,Hyderabad,Telangana,2025-04-21
1169,Male,25,Mumbai,Maharashtra,2023-10-06
1170,Male,27,Bengaluru,Karnataka,2023-03-21
1171,Female,32,Ahmedabad,Gujarat,2023-11-19
1172,Female,35,Surat,Gujarat,2022-01-26
1173,Female,63,Ahmedabad,Gujarat,2024-12-10
1174,Female,54,Bengaluru,Karnataka,2025-11-26
1175,Female,58,Ahmedabad,Gujarat,2023-06-28
1176,Female,62,Chennai,Tamil Nadu,2021-05-22
1177,Female,60,Jaipur,Rajasthan,2022-10-08
1178,Female,61,Mumbai,Maharashtra,2025-08-07
1179,Female,52,Jaipur,Rajasthan,2023-03-20
1180,Male,19,Chennai,Tamil Nadu,2023-08-06
1181,Female,39,Surat,Gujarat,2024-09-26
1182,Female,32,Delhi,Delhi,2021-09-02
1183,Female,54,Ahmedabad,Gujarat,2023-02-05
1184,Female,56,Indore,Madhya Pradesh,2023-05-26
1185,Female,53,Mumbai,Maharashtra,2023-07-01
1186,Other,22,Indore,Madhya Pradesh,2023-10-26
1187,Male,65,Ahmedabad,Gujarat,2023-07-09
1188,Female,32,Mumbai,Maharashtra,2023-07-28
1189,Male,44,Bengaluru,Karnataka,2022-03-25
1190,Female,33,Kolkata,West Bengal,2021-09-23
1191,Female,53,Mumbai,Maharashtra,2025-02-23
1192,Male,55,Chennai,Tamil Nadu,2024-06-16
1193,Male,35,Delhi,Delhi,2021-09-07
1194,Female,52,Ahmedabad,Gujarat,2023-08-13
1195,Male,42,Mumbai,Maharashtra,2024-08-07
1196,Male,39,Lucknow,Uttar Pradesh,2022-06-27
1197,Female,48,Surat,Gujarat,2022-09-24
1198,Male,54,Surat,Gujarat,2024-01-08
1199,Male,51,Kolkata,West Bengal,2023-06-26
1200,Female,40,Mumbai,Maharashtra,2022-06-05
1201,Male,33,Kolkata,West Bengal,2025-01-13
1202,Male,23,Mumbai,Maharashtra,2025-04-29
1203,Female,32,Mumbai,Maharashtra,2023-06-03
1204,Female,35,Bengaluru,Karnataka,2023-01-04
1205,Female,55,Hyderabad,Telangana,2021-05-24
1206,Female,30,Jaipur,Rajasthan,2024-02-18
1207,Female,41,Ahmedabad,Gujarat,2023-08-02
1208,Male,30,Hyderabad,Telangana,2022-07-19
1209,Male,18,Bengaluru,Karnataka,2025-05-20
1210,Male,65,Surat,Gujarat,2024-04-14
1211,Male,53,Delhi,Delhi,2021-03-11
1212,Female,35,Hyderabad,Telangana,2022-09-25
1213,Female,65,Pune,Maharashtra,2023-06-08
1214,Male,50,Jaipur,Rajasthan,2024-05-11
1215,Female,55,Kolkata,West Bengal,2023-03-12
1216,Male,60,Bengaluru,Karnataka,2021-06-29
1217,Male,23,Mumbai,Maharashtra,2022-08-16
1218,Female,34,Ahmedabad,Gujarat,2022-07-21
1219,Male,21,Ahmedabad,Gujarat,2022-11-22
1220,Male,31,Bengaluru,Karnataka,2025-06-22
1221,Male,47,Surat,Gujarat,2024-02-08
1222,Male,63,Pune,Maharashtra,2024-12-18
1223,Female,37,Delhi,Delhi,2022-10-27
1224,Female,25,Surat,Gujarat,2025-03-07
1225,Male,19,Delhi,Delhi,2022-02-10
1226,Male,54,Ahmedabad,Gujarat,2023-09-13
1227,Female,21,Delhi,Delhi,2022-09-29
1228,Female,27,Bengaluru,Karnataka,2024-01-20
1229,Male,37,Surat,Gujarat,2024-08-10
1230,Male,52,Delhi,Delhi,2024-11-17
1231,Female,65,Indore,Madhya Pradesh,2023-11-27
1232,Female,27,Bengaluru,Karnataka,2022-06-01
1233,Male,45,Pune,Maharashtra,2023-04-30
1234,Female,32,Mumbai,Maharashtra,2025-08-13
1235,Male,53,Ahmedabad,Gujarat,2023-06-27
1236,Female,18,Delhi,Delhi,2021-11-12
1237,Female,39,Lucknow,Uttar Pradesh,2024-04-10
1238,Female,44,Hyderabad,Telangana,2024-11-30
1239,Male,46,Surat,Gujarat,2024-07-09
1240,Male,32,Pune,Maharashtra,2025-02-16
1241,Male,27,Lucknow,Uttar Pradesh,2021-01-27
1242,Female,37,Jaipur,Rajasthan,2025-02-27
1243,Male,39,Jaipur,Rajasthan,2021-02-24
1244,Male,65,Lucknow,Uttar Pradesh,2021-09-06
1245,Male,26,Jaipur,Rajasthan,2021-09-30
1246,Female,49,Ahmedabad,Gujarat,2024-07-06
1247,Male,34,Mumbai,Maharashtra,2025-12-07
1248,Male,59,Mumbai,Maharashtra,2021-07-10
1249,Male,36,Indore,Madhya Pradesh,2022-07-29
1250,Female,57,Ahmedabad,Gujarat,2023-05-07
1251,Female,44,Jaipur,Rajasthan,2025-01-09
1252,Female,54,Hyderabad,Telangana,2025-03-06
1253,Female,51,Mumbai,Maharashtra,2022-09-08
1254,Female,64,Mumbai,Maharashtra,2024-11-17
1255,Male,27,Ahmedabad,Gujarat,2024-12-02
1256,Female,47,Delhi,Delhi,2025-12-29
1257,Male,38,Pune,Maharashtra,2025-11-30
1258,Male,38,Hyderabad,Telangana,2023-10-15
1259,Female,51,Mumbai,Maharashtra,2022-11-04
1260,Male,26,Chennai,Tamil Nadu,2022-11-14
1261,Male,51,Bengaluru,Karnataka,2021-04-19
1262,Male,29,Jaipur,Rajasthan,2022-10-14
1263,Female,64,Bengaluru,Karnataka,2025-06-17
1264,Male,38,Hyderabad,Telangana,2023-09-08
1265,Female,37,Mumbai,Maharashtra,2024-02-01
1266,Female,23,Mumbai,Maharashtra,2021-08-14
1267,Female,62,Delhi,Delhi,2021-12-19
1268,Male,53,Hyderabad,Telangana,2024-03-29
1269,Female,29,Chennai,Tamil Nadu,2024-11-28
1270,Male,58,Bengaluru,Karnataka,2025-09-27
1271,Male,48,Kolkata,West Bengal,2024-09-09
1272,Male,19,Lucknow,Uttar Pradesh,2021-05-25
1273,Female,33,Jaipur,Rajasthan,2025-11-13
1274,Male,18,Mumbai,Maharashtra,2025-01-28
1275,Male,21,Hyderabad,Telangana,2023-07-04
1276,Male,64,Mumbai,Maharashtra,2024-03-01
1277,Male,18,Bengaluru,Karnataka,2024-01-22
1278,Female,64,Surat,Gujarat,2021-09-30
1279,Female,52,Pune,Maharashtra,2025-09-24
1280,Female,30,Hyderabad,Telangana,2022-06-18
1281,Male,62,Ahmedabad,Gujarat,2024-05-02
1282,Male,59,Kolkata,West Bengal,2024-04-08
1283,Female,48,Chennai,Tamil Nadu,2022-04-05
1284,Male,37,Mumbai,Maharashtra,2023-07-30
1285,Female,24,Bengaluru,Karnataka,2023-11-01
1286,Male,57,Hyderabad,Telangana,2021-06-30
1287,Female,50,Mumbai,Maharashtra,2024-06-09
1288,Male,45,Delhi,Delhi,2021-01-29
1289,Male,61,Mumbai,Maharashtra,2022-06-16
1290,Female,61,Mumbai,Maharashtra,2023-10-26
1291,Female,37,Delhi,Delhi,2025-04-19
1292,Male,49,Mumbai,Maharashtra,2021-05-20
1293,Female,26,Chennai,Tamil Nadu,2023-11-18
1294,Female,51,Ahmedabad,Gujarat,2021-04-08
1295,Male,31,Jaipur,Rajasthan,2021-09-19
1296,Male,21,Pune,Maharashtra,2025-11-17
1297,Male,46,Pune,Maharashtra,2021-01-19
1298,Male,32,Mumbai,Maharashtra,2021-01-12
1299,Female,34,Ahmedabad,Gujarat,2022-06-21
1300,Male,36,Kolkata,West Bengal,2025-03-29
1301,Male,55,Mumbai,Maharashtra,2025-01-28
1302,Male,26,Indore,Madhya Pradesh,2025-05-31
1303,Female,44,Mumbai,Maharashtra,2021-09-16
1304,Male,32,Chennai,Tamil Nadu,2021-01-24
1305,Male,54,Kolkata,West Bengal,2023-10-29
1306,Male,45,Lucknow,Uttar Pradesh,2021-08-16
1307,Female,21,Kolkata,West Bengal,2022-01-11
1308,Male,38,Jaipur,Rajasthan,2024-02-21
1309,Female,51,Bengaluru,Karnataka,2024-01-19
1310,Male,36,Jaipur,Rajasthan,2025-01-19
1311,Male,54,Mumbai,Maharashtra,2021-08-12
1312,Female,21,Indore,Madhya Pradesh,2023-01-06
1313,Male,54,Chennai,Tamil Nadu,2021-09-14
1314,Female,49,Jaipur,Rajasthan,2022-05-30
1315,Female,62,Hyderabad,Telangana,2023-04-13
1316,Female,65,Ahmedabad,Gujarat,2025-12-12
1317,Female,29,Hyderabad,Telangana,2024-03-17
1318,Male,58,Kolkata,West Bengal,2024-11-11
1319,Male,33,Mumbai,Maharashtra,2022-12-02
1320,Female,31,Mumbai,Maharashtra,2023-06-30
1321,Female,18,Bengaluru,Karnataka,2022-11-30
1322,Female,49,Pune,Maharashtra,2022-03-14
1323,Male,38,Lucknow,Uttar Pradesh,2025-09-20
1324,Male,21,Pune,Maharashtra,2025-07-18
1325,Female,26,Surat,Gujarat,2021-02-06
1326,Male,63,Bengaluru,Karnataka,2025-08-12
1327,Male,39,Pune,Maharashtra,2021-04-16
1328,Male,29,Jaipur,Rajasthan,2022-09-07
1329,Female,47,Ahmedabad,Gujarat,2021-08-20
1330,Male,47,Hyderabad,Telangana,2023-05-17
1331,Female,49,Chennai,Tamil Nadu,2024-03-15
1332,Male,53,Kolkata,West Bengal,2023-11-07
1333,Female,24,Bengaluru,Karnataka,2024-03-28
1334,Female,34,Surat,Gujarat,2023-08-18
1335,Male,18,Surat,Gujarat,2024-07-29
1336,Female,31,Ahmedabad,Gujarat,2021-10-05
1337,Male,64,Pune,Maharashtra,2021-05-05
1338,Male,61,Ahmedabad,Gujarat,2025-09-05
1339,Female,61,Mumbai,Maharashtra,2024-12-14
1340,Male,55,Mumbai,Maharashtra,2024-09-05
1341,Male,43,Bengaluru,Karnataka,2022-11-06
1342,Male,44,Hyderabad,Telangana,2022-12-16
1343,Male,62,Lucknow,Uttar Pradesh,2025-02-14
1344,Female,33,Kolkata,West Bengal,2022-10-29
1345,Male,63,Kolkata,West Bengal,2024-09-09
1346,Female,24,Delhi,Delhi,2023-07-02
1347,Female,49,Delhi,Delhi,2022-01-30
1348,Male,42,Delhi,Delhi,2023-02-12
1349,Male,48,Surat,Gujarat,2021-07-05
1350,Female,33,Mumbai,Maharashtra,2022-04-11
1351,Male,58,Lucknow,Uttar Pradesh,2023-12-17
1352,Male,31,Chennai,Tamil Nadu,2025-10-19
1353,Male,42,Delhi,Delhi,2022-04-03
1354,Female,47,Kolkata,West Bengal,2023-09-28
1355,Female,24,Hyderabad,Telangana,2024-05-16
1356,Male,29,Lucknow,Uttar Pradesh,2025-10-04
1357,Male,20,Indore,Madhya Pradesh,2021-03-15
1358,Female,44,Delhi,Delhi,2025-02-16
1359,Female,63,Bengaluru,Karnataka,2024-01-14
1360,Female,36,Chennai,Tamil Nadu,2022-09-24
1361,Female,60,Indore,Madhya Pradesh,2023-11-04
1362,Male,54,Pune,Maharashtra,2023-04-20
1363,Female,62,Ahmedabad,Gujarat,2025-07-23
1364,Male,59,Ahmedabad,Gujarat,2023-07-01
1365,Male,24,Kolkata,West Bengal,2023-03-05
1366,Female,33,Mumbai,Maharashtra,2021-02-18
1367,Male,49,Kolkata,West Bengal,2024-12-20
1368,Other,25,Indore,Madhya Pradesh,2023-08-24
1369,Male,30,Pune,Maharashtra,2021-12-25
1370,Female,28,Bengaluru,Karnataka,2021-08-30
1371,Female,37,Surat,Gujarat,2023-12-13
1372,Male,35,Pune,Maharashtra,2025-12-06
1373,Female,54,Lucknow,Uttar Pradesh,2023-12-29
1374,Male,23,Hyderabad,Telangana,2025-04-25
1375,Female,37,Bengaluru,Karnataka,2025-09-16
1376,Male,49,Lucknow,Uttar Pradesh,2025-07-27
1377,Female,63,Hyderabad,Telangana,2021-02-25
1378,Male,61,Hyderabad,Telangana,2023-05-29
1379,Male,46,Delhi,Delhi,2025-01-19
1380,Male,21,Chennai,Tamil Nadu,2021-09-12
1381,Male,24,Pune,Maharashtra,2021-01-05
1382,Female,60,Delhi,Delhi,2025-05-24
1383,Female,37,Surat,Gujarat,2023-12-12
1384,Female,51,Bengaluru,Karnataka,2021-11-25
1385,Male,53,Ahmedabad,Gujarat,2021-04-08
1386,Male,24,Bengaluru,Karnataka,2024-03-30
1387,Male,50,Jaipur,Rajasthan,2024-11-30
1388,Female,32,Mumbai,Maharashtra,2023-09-08
1389,Other,49,Surat,Gujarat,2023-09-30
1390,Male,39,Hyderabad,Telangana,2023-02-22
1391,Male,57,Bengaluru,Karnataka,2022-07-31
1392,Male,46,Mumbai,Maharashtra,2021-11-23
1393,Female,42,Pune,Maharashtra,2021-08-31
1394,Female,22,Hyderabad,Telangana,2025-03-08
1395,Female,31,Bengaluru,Karnataka,2022-01-02
1396,Male,52,Lucknow,Uttar Pradesh,2023-02-13
1397,Female,19,Delhi,Delhi,2022-12-25
1398,Female,42,Bengaluru,Karnataka,2025-01-05
1399,Male,33,Ahmedabad,Gujarat,2024-03-23
1400,Female,63,Kolkata,West Bengal,2021-08-22
1401,Male,33,Pune,Maharashtra,2022-10-14
1402,Male,28,Pune,Maharashtra,2021-11-29
1403,Female,52,Mumbai,Maharashtra,2022-05-10
1404,Male,40,Kolkata,West Bengal,2024-02-13
1405,Female,22,Ahmedabad,Gujarat,2022-01-04
1406,Female,52,Hyderabad,Telangana,2024-09-18
1407,Male,46,Lucknow,Uttar Pradesh,2024-02-28
1408,Female,64,Jaipur,Rajasthan,2024-04-16
1409,Female,22,Chennai,Tamil Nadu,2021-04-05
1410,Male,20,Lucknow,Uttar Pradesh,2024-09-02
1411,Male,23,Pune,Maharashtra,2023-06-26
1412,Male,40,Mumbai,Maharashtra,2024-01-30
1413,Male,63,Bengaluru,Karnataka,2024-05-04
1414,Male,19,Mumbai,Maharashtra,2023-03-13
1415,Male,35,Chennai,Tamil Nadu,2021-07-27
1416,Male,47,Indore,Madhya Pradesh,2022-08-30
1417,Female,55,Mumbai,Maharashtra,2022-04-18
1418,Male,22,Mumbai,Maharashtra,2025-06-27
1419,Female,63,Hyderabad,Telangana,2023-10-29
1420,Female,28,Indore,Madhya Pradesh,2021-05-16
1421,Female,18,Bengaluru,Karnataka,2022-09-02
1422,Male,27,Hyderabad,Telangana,2023-06-30
1423,Female,58,Mumbai,Maharashtra,2021-09-18
1424,Female,61,Pune,Maharashtra,2024-03-16
1425,Female,43,Surat,Gujarat,2022-04-03
1426,Male,50,Surat,Gujarat,2025-09-17
1427,Male,44,Mumbai,Maharashtra,2025-01-01
1428,Female,29,Surat,Gujarat,2024-12-07
1429,Male,19,Ahmedabad,Gujarat,2025-03-04
1430,Male,18,Lucknow,Uttar Pradesh,2021-08-20
1431,Male,18,Hyderabad,Telangana,2021-04-11
1432,Female,50,Hyderabad,Telangana,2021-05-27
1433,Female,39,Hyderabad,Telangana,2022-12-18
1434,Male,29,Ahmedabad,Gujarat,2022-05-22
1435,Female,56,Mumbai,Maharashtra,2022-07-12
1436,Female,53,Mumbai,Maharashtra,2021-04-14
1437,Female,38,Bengaluru,Karnataka,2021-12-02
1438,Female,37,Kolkata,West Bengal,2022-03-22
1439,Female,53,Pune,Maharashtra,2023-01-04
1440,Female,43,Ahmedabad,Gujarat,2022-03-20
1441,Male,64,Surat,Gujarat,2021-04-28
1442,Female,48,Mumbai,Maharashtra,2025-03-21
1443,Male,18,Ahmedabad,Gujarat,2023-07-18
1444,Male,55,Hyderabad,Telangana,2022-12-24
1445,Male,31,Lucknow,Uttar Pradesh,2022-07-21
1446,Female,43,Pune,Maharashtra,2025-04-04
1447,Female,63,Kolkata,West Bengal,2021-03-29
1448,Male,59,Lucknow,Uttar Pradesh,2025-11-18
1449,Male,24,Surat,Gujarat,2025-07-11
1450,Female,29,Ahmedabad,Gujarat,2022-04-21
1451,Male,41,Hyderabad,Telangana,2025-09-02
1452,Female,36,Ahmedabad,Gujarat,2025-02-17
1453,Male,26,Lucknow,Uttar Pradesh,2025-08-13
1454,Male,52,Chennai,Tamil Nadu,2021-10-22
1455,Other,21,Mumbai,Maharashtra,2022-12-21
1456,Male,62,Indore,Madhya Pradesh,2024-11-05
1457,Male,59,Ahmedabad,Gujarat,2023-09-22
1458,Male,49,Ahmedabad,Gujarat,2024-07-30
1459,Female,63,Pune,Maharashtra,2023-04-24
1460,Female,23,Ahmedabad,Gujarat,2022-11-17
1461,Male,45,Delhi,Delhi,2022-10-01
1462,Male,45,Ahmedabad,Gujarat,2024-03-25
1463,Female,57,Mumbai,Maharashtra,2024-04-18
1464,Male,46,Ahmedabad,Gujarat,2023-08-19
1465,Female,59,Surat,Gujarat,2023-07-24
1466,Male,22,Mumbai,Maharashtra,2023-06-09
1467,Male,22,Surat,Gujarat,2023-07-03
1468,Female,54,Delhi,Delhi,2024-01-16
1469,Male,58,Lucknow,Uttar Pradesh,2022-02-10
1470,Female,45,Jaipur,Rajasthan,2025-02-28
1471,Male,58,Chennai,Tamil Nadu,2024-07-14
1472,Male,64,Kolkata,West Bengal,2025-06-06
1473,Other,26,Lucknow,Uttar Pradesh,2023-12-24
1474,Male,46,Delhi,Delhi,2021-04-29
1475,Female,31,Bengaluru,Karnataka,2021-12-07
1476,Male,55,Ahmedabad,Gujarat,2021-11-09
1477,Female,57,Jaipur,Rajasthan,2021-06-12
1478,Female,51,Jaipur,Rajasthan,2025-03-09
1479,Male,54,Jaipur,Rajasthan,2021-10-20
1480,Female,59,Delhi,Delhi,2022-11-21
1481,Female,31,Jaipur,Rajasthan,2024-11-01
1482,Male,35,Mumbai,Maharashtra,2025-04-15
1483,Female,50,Chennai,Tamil Nadu,2024-11-25
1484,Female,51,Mumbai,Maharashtra,2022-11-04
1485,Male,45,Bengaluru,Karnataka,2024-11-24
1486,Male,53,Delhi,Delhi,2022-02-03
1487,Male,62,Delhi,Delhi,2023-06-28
1488,Male,65,Kolkata,West Bengal,2022-05-02
1489,Female,54,Delhi,Delhi,2025-03-19
1490,Male,40,Hyderabad,Telangana,2023-11-14
1491,Female,59,Bengaluru,Karnataka,2023-12-19
1492,Male,34,Delhi,Delhi,2023-01-19
1493,Male,28,Bengaluru,Karnataka,2021-08-28
1494,Female,49,Mumbai,Maharashtra,2021-11-07
1495,Female,54,Chennai,Tamil Nadu,2021-11-17
1496,Female,32,Ahmedabad,Gujarat,2022-11-03
1497,Male,21,Ahmedabad,Gujarat,2025-02-13
1498,Male,56,Hyderabad,Telangana,2022-07-26
1499,Male,47,Delhi,Delhi,2025-11-11
1500,Other,27,Lucknow,Uttar Pradesh,2022-02-18
1501,Male,40,Hyderabad,Telangana,2024-09-07
1502,Female,41,Hyderabad,Telangana,2022-02-06
1503,Female,53,Mumbai,Maharashtra,2021-02-28
1504,Male,22,Delhi,Delhi,2021-02-22
1505,Female,54,Delhi,Delhi,2023-12-24
1506,Female,60,Delhi,Delhi,2022-09-25
1507,Female,36,Chennai,Tamil Nadu,2024-02-17
1508,Male,54,Chennai,Tamil Nadu,2021-10-13
1509,Male,25,Chennai,Tamil Nadu,2021-01-18
1510,Male,24,Jaipur,Rajasthan,2023-10-26
1511,Male,57,Jaipur,Rajasthan,2024-11-16
1512,Female,30,Kolkata,West Bengal,2021-06-09
1513,Female,54,Surat,Gujarat,2021-05-22
1514,Male,44,Mumbai,Maharashtra,2022-02-01
1515,Female,35,Pune,Maharashtra,2023-11-08
1516,Female,41,Mumbai,Maharashtra,2022-08-03
1517,Male,58,Ahmedabad,Gujarat,2024-02-12
1518,Male,19,Indore,Madhya Pradesh,2022-06-18
1519,Female,33,Bengaluru,Karnataka,2025-04-05
1520,Female,31,Indore,Madhya Pradesh,2023-06-30
1521,Female,34,Mumbai,Maharashtra,2025-12-04
1522,Male,23,Indore,Madhya Pradesh,2022-04-06
1523,Male,52,Delhi,Delhi,2025-06-22
1524,Male,34,Mumbai,Maharashtra,2025-06-29
1525,Female,62,Hyderabad,Telangana,2021-10-13
1526,Female,55,Bengaluru,Karnataka,2023-10-26
1527,Male,57,Bengaluru,Karnataka,2021-05-09
1528,Female,23,Bengaluru,Karnataka,2023-08-14
1529,Female,65,Jaipur,Rajasthan,2022-11-02
1530,Female,55,Chennai,Tamil Nadu,2025-11-22
1531,Female,38,Bengaluru,Karnataka,2022-05-14
1532,Male,52,Ahmedabad,Gujarat,2021-10-03
1533,Female,40,Kolkata,West Bengal,2024-01-12
1534,Male,29,Bengaluru,Karnataka,2024-02-16
1535,Male,46,Delhi,Delhi,2021-01-29
1536,Female,44,Mumbai,Maharashtra,2023-10-02
1537,Female,23,Pune,Maharashtra,2024-10-13
1538,Female,38,Ahmedabad,Gujarat,2022-10-12
1539,Female,24,Pune,Maharashtra,2024-03-26
1540,Female,60,Hyderabad,Telangana,2021-01-31
1541,Female,58,Kolkata,West Bengal,2023-04-23
1542,Male,33,Mumbai,Maharashtra,2024-08-02
1543,Female,22,Chennai,Tamil Nadu,2025-08-16
1544,Male,32,Bengaluru,Karnataka,2021-12-02
1545,Male,38,Surat,Gujarat,2022-07-24
1546,Male,21,Hyderabad,Telangana,2021-11-09
1547,Female,22,Jaipur,Rajasthan,2022-08-22
1548,Female,24,Chennai,Tamil Nadu,2024-02-21
1549,Female,52,Mumbai,Maharashtra,2025-09-23
1550,Female,53,Ahmedabad,Gujarat,2023-05-15
1551,Male,32,Surat,Gujarat,2022-01-06
1552,Female,45,Chennai,Tamil Nadu,2023-03-16
1553,Female,19,Jaipur,Rajasthan,2021-11-10
1554,Female,22,Indore,Madhya Pradesh,2021-01-28
1555,Female,24,Bengaluru,Karnataka,2024-03-24
1556,Female,39,Pune,Maharashtra,2023-08-24
1557,Female,48,Ahmedabad,Gujarat,2024-06-07
1558,Female,49,Delhi,Delhi,2025-04-22
1559,Male,25,Lucknow,Uttar Pradesh,2023-10-27
1560,Female,58,Indore,Madhya Pradesh,2022-04-18
1561,Male,59,Delhi,Delhi,2024-09-03
1562,Male,28,Bengaluru,Karnataka,2024-06-02
1563,Female,18,Jaipur,Rajasthan,2023-11-23
1564,Male,64,Bengaluru,Karnataka,2021-03-30
1565,Female,57,Lucknow,Uttar Pradesh,2024-09-19
1566,Male,36,Delhi,Delhi,2021-02-09
1567,Male,61,Ahmedabad,Gujarat,2022-11-12
1568,Female,55,Mumbai,Maharashtra,2022-01-10
1569,Male,59,Ahmedabad,Gujarat,2024-08-14
1570,Female,54,Hyderabad,Telangana,2023-09-25
1571,Male,24,Chennai,Tamil Nadu,2022-01-28
1572,Male,56,Pune,Maharashtra,2023-11-08
1573,Male,42,Kolkata,West Bengal,2025-03-31
1574,Male,39,Lucknow,Uttar Pradesh,2021-05-12
1575,Female,44,Pune,Maharashtra,2021-10-17
1576,Male,58,Mumbai,Maharashtra,2023-03-17
1577,Female,64,Mumbai,Maharashtra,2021-07-28
1578,Female,55,Ahmedabad,Gujarat,2021-11-23
1579,Female,65,Chennai,Tamil Nadu,2023-09-19
1580,Female,56,Chennai,Tamil Nadu,2022-05-18
1581,Male,32,Bengaluru,Karnataka,2021-10-06
1582,Male,19,Delhi,Delhi,2024-11-06
1583,Female,25,Chennai,Tamil Nadu,2023-02-27
1584,Female,61,Hyderabad,Telangana,2023-10-04
1585,Female,60,Surat,Gujarat,2023-08-10
1586,Female,23,Mumbai,Maharashtra,2024-08-25
1587,Male,37,Kolkata,West Bengal,2021-10-04
1588,Male,44,Delhi,Delhi,2024-01-05
1589,Female,62,Delhi,Delhi,2021-10-25
1590,Female,40,Kolkata,West Bengal,2024-11-02
1591,Male,65,Kolkata,West Bengal,2022-03-09
1592,Female,57,Surat,Gujarat,2023-10-07
1593,Male,34,Mumbai,Maharashtra,2024-02-10
1594,Male,30,Mumbai,Maharashtra,2025-12-07
1595,Female,21,Kolkata,West Bengal,2024-01-01
1596,Female,37,Chennai,Tamil Nadu,2021-11-13
1597,Female,59,Bengaluru,Karnataka,2023-11-11
1598,Male,42,Mumbai,Maharashtra,2024-04-26
1599,Male,39,Mumbai,Maharashtra,2021-05-01
1600,Female,65,Indore,Madhya Pradesh,2024-09-27
1601,Male,34,Pune,Maharashtra,2022-10-15
1602,Female,57,Bengaluru,Karnataka,2021-10-31
1603,Female,28,Bengaluru,Karnataka,2023-07-25
1604,Female,42,Delhi,Delhi,2025-01-10
1605,Male,22,Mumbai,Maharashtra,2025-10-06
1606,Female,38,Hyderabad,Telangana,2022-12-22
1607,Male,43,Mumbai,Maharashtra,2022-05-11
1608,Male,33,Jaipur,Rajasthan,2025-03-25
1609,Male,57,Bengaluru,Karnataka,2021-07-04
1610,Male,38,Chennai,Tamil Nadu,2023-06-07
1611,Female,65,Indore,Madhya Pradesh,2023-03-19
1612,Male,49,Ahmedabad,Gujarat,2021-11-28
1613,Male,21,Chennai,Tamil Nadu,2022-12-14
1614,Female,55,Bengaluru,Karnataka,2022-07-30
1615,Male,25,Bengaluru,Karnataka,2021-12-16
1616,Female,26,Ahmedabad,Gujarat,2023-04-18
1617,Male,62,Surat,Gujarat,2021-11-16
1618,Male,34,Ahmedabad,Gujarat,2022-06-21
1619,Female,58,Chennai,Tamil Nadu,2022-02-16
1620,Male,30,Kolkata,West Bengal,2023-06-25
1621,Female,26,Hyderabad,Telangana,2024-03-25
1622,Male,23,Mumbai,Maharashtra,2025-10-23
1623,Male,44,Chennai,Tamil Nadu,2025-08-02
1624,Male,59,Surat,Gujarat,2022-06-17
1625,Male,54,Pune,Maharashtra,2022-05-17
1626,Male,56,Kolkata,West Bengal,2025-02-18
1627,Female,60,Pune,Maharashtra,2024-03-23
1628,Male,41,Chennai,Tamil Nadu,2023-07-03
1629,Male,26,Mumbai,Maharashtra,2023-12-28
1630,Male,59,Hyderabad,Telangana,2025-02-24
1631,Female,28,Kolkata,West Bengal,2023-12-01
1632,Female,52,Delhi,Delhi,2022-06-11
1633,Female,46,Ahmedabad,Gujarat,2025-12-20
1634,Female,25,Jaipur,Rajasthan,2024-04-07
1635,Male,34,Indore,Madhya Pradesh,2025-07-28
1636,Male,24,Bengaluru,Karnataka,2022-12-12
1637,Female,29,Delhi,Delhi,2023-01-20
1638,Female,65,Pune,Maharashtra,2023-08-14
1639,Male,32,Surat,Gujarat,2021-04-22
1640,Male,46,Indore,Madhya Pradesh,2022-04-08
1641,Other,62,Chennai,Tamil Nadu,2021-02-21
1642,Female,41,Lucknow,Uttar Pradesh,2025-07-31
1643,Male,54,Hyderabad,Telangana,2021-09-12
1644,Female,31,Ahmedabad,Gujarat,2025-07-09
1645,Male,28,Mumbai,Maharashtra,2024-03-27
1646,Male,52,Kolkata,West Bengal,2021-10-27
1647,Male,34,Mumbai,Maharashtra,2023-08-16
1648,Male,44,Lucknow,Uttar Pradesh,2022-03-03
1649,Male,61,Jaipur,Rajasthan,2023-09-17
1650,Female,20,Kolkata,West Bengal,2025-12-05
1651,Male,19,Mumbai,Maharashtra,2021-11-03
1652,Female,21,Bengaluru,Karnataka,2021-04-09
1653,Male,35,Bengaluru,Karnataka,2021-05-01
1654,Male,37,Delhi,Delhi,2025-06-14
1655,Female,38,Mumbai,Maharashtra,2023-11-20
1656,Female,31,Indore,Madhya Pradesh,2021-08-18
1657,Female,25,Chennai,Tamil Nadu,2022-10-13
1658,Other,19,Bengaluru,Karnataka,2024-07-01
1659,Male,43,Delhi,Delhi,2024-11-28
1660,Male,36,Hyderabad,Telangana,2025-02-26
1661,Female,59,Chennai,Tamil Nadu,2023-11-21
1662,Other,45,Hyderabad,Telangana,2024-03-31
1663,Female,46,Indore,Madhya Pradesh,2024-12-26
1664,Female,22,Hyderabad,Telangana,2024-03-25
1665,Female,60,Surat,Gujarat,2024-09-08
1666,Male,45,Lucknow,Uttar Pradesh,2022-09-21
1667,Female,58,Pune,Maharashtra,2024-04-29
1668,Female,65,Indore,Madhya Pradesh,2024-04-14
1669,Female,43,Mumbai,Maharashtra,2023-08-06
1670,Male,22,Jaipur,Rajasthan,2022-06-01
1671,Male,32,Delhi,Delhi,2023-04-25
1672,Male,63,Lucknow,Uttar Pradesh,2025-03-28
1673,Male,26,Lucknow,Uttar Pradesh,2025-05-14
1674,Female,49,Jaipur,Rajasthan,2023-04-13
1675,Male,43,Jaipur,Rajasthan,2023-03-31
1676,Male,54,Bengaluru,Karnataka,2023-03-22
1677,Male,32,Mumbai,Maharashtra,2023-02-01
1678,Female,58,Delhi,Delhi,2024-09-24
1679,Female,21,Pune,Maharashtra,2025-06-17
1680,Male,53,Kolkata,West Bengal,2021-11-15
1681,Male,37,Delhi,Delhi,2021-04-21
1682,Male,44,Surat,Gujarat,2023-03-18
1683,Female,38,Ahmedabad,Gujarat,2025-02-05
1684,Male,39,Lucknow,Uttar Pradesh,2023-11-07
1685,Female,24,Mumbai,Maharashtra,2024-05-28
1686,Male,64,Lucknow,Uttar Pradesh,2022-05-02
1687,Male,48,Indore,Madhya Pradesh,2023-03-22
1688,Female,34,Hyderabad,Telangana,2024-08-21
1689,Male,24,Chennai,Tamil Nadu,2022-06-01
1690,Female,36,Jaipur,Rajasthan,2024-02-27
1691,Male,45,Pune,Maharashtra,2023-04-15
1692,Female,27,Hyderabad,Telangana,2022-09-16
1693,Female,44,Delhi,Delhi,2023-11-14
1694,Female,30,Pune,Maharashtra,2025-04-14
1695,Male,19,Delhi,Delhi,2024-03-01
1696,Male,39,Mumbai,Maharashtra,2022-07-10
1697,Male,37,Mumbai,Maharashtra,2024-09-06
1698,Female,60,Mumbai,Maharashtra,2022-05-12
1699,Female,22,Surat,Gujarat,2023-06-07
1700,Male,23,Chennai,Tamil Nadu,2025-10-09
1701,Male,52,Surat,Gujarat,2022-01-17
1702,Female,18,Delhi,Delhi,2021-08-04
1703,Male,52,Bengaluru,Karnataka,2023-01-26
1704,Male,20,Hyderabad,Telangana,2022-06-27
1705,Male,53,Delhi,Delhi,2023-07-05
1706,Female,24,Mumbai,Maharashtra,2025-12-07
1707,Female,46,Ahmedabad,Gujarat,2023-11-01
1708,Other,32,Pune,Maharashtra,2021-03-23
1709,Male,28,Ahmedabad,Gujarat,2023-09-21
1710,Female,35,Ahmedabad,Gujarat,2024-03-25
1711,Female,61,Pune,Maharashtra,2021-06-15
1712,Male,21,Mumbai,Maharashtra,2021-07-27
1713,Female,41,Jaipur,Rajasthan,2021-01-24
1714,Male,28,Hyderabad,Telangana,2023-03-18
1715,Male,23,Mumbai,Maharashtra,2023-06-06
1716,Male,35,Surat,Gujarat,2022-11-22
1717,Male,32,Mumbai,Maharashtra,2021-11-28
1718,Female,20,Kolkata,West Bengal,2025-05-05
1719,Male,34,Surat,Gujarat,2023-09-29
1720,Male,50,Bengaluru,Karnataka,2025-03-23
1721,Male,51,Pune,Maharashtra,2025-03-15
1722,Female,47,Mumbai,Maharashtra,2025-06-24
1723,Female,36,Bengaluru,Karnataka,2025-06-05
1724,Female,26,Mumbai,Maharashtra,2021-08-29
1725,Female,57,Kolkata,West Bengal,2023-04-16
1726,Male,61,Mumbai,Maharashtra,2021-06-30
1727,Male,48,Hyderabad,Telangana,2024-08-09
1728,Female,44,Surat,Gujarat,2024-01-12
1729,Male,64,Jaipur,Rajasthan,2025-05-09
1730,Male,42,Ahmedabad,Gujarat,2021-03-31
1731,Female,24,Bengaluru,Karnataka,2022-03-15
1732,Male,65,Ahmedabad,Gujarat,2025-10-05
1733,Male,24,Hyderabad,Telangana,2022-06-27
1734,Male,37,Delhi,Delhi,2021-07-12
1735,Male,61,Mumbai,Maharashtra,2022-05-03
1736,Female,60,Indore,Madhya Pradesh,2022-09-04
1737,Female,53,Hyderabad,Telangana,2024-10-04
1738,Female,36,Pune,Maharashtra,2024-01-18
1739,Female,19,Delhi,Delhi,2023-08-13
1740,Male,51,Delhi,Delhi,2024-02-21
1741,Male,34,Lucknow,Uttar Pradesh,2024-10-29
1742,Male,41,Kolkata,West Bengal,2023-12-07
1743,Male,26,Jaipur,Rajasthan,2024-12-27
1744,Other,18,Mumbai,Maharashtra,2021-05-26
1745,Female,59,Delhi,Delhi,2023-10-24
1746,Male,45,Hyderabad,Telangana,2025-04-03
1747,Male,32,Mumbai,Maharashtra,2024-08-30
1748,Male,38,Bengaluru,Karnataka,2021-11-23
1749,Male,32,Jaipur,Rajasthan,2023-09-15
1750,Male,40,Mumbai,Maharashtra,2024-01-10
1751,Female,19,Chennai,Tamil Nadu,2021-06-02
1752,Female,63,Pune,Maharashtra,2022-02-06
1753,Female,53,Mumbai,Maharashtra,2023-03-31
1754,Male,26,Bengaluru,Karnataka,2022-05-03
1755,Male,19,Surat,Gujarat,2021-03-08
1756,Female,19,Jaipur,Rajasthan,2021-03-30
1757,Female,35,Surat,Gujarat,2024-03-04
1758,Female,34,Hyderabad,Telangana,2021-07-21
1759,Female,58,Mumbai,Maharashtra,2022-03-04
1760,Female,25,Chennai,Tamil Nadu,2023-07-29
1761,Female,51,Hyderabad,Telangana,2024-04-17
1762,Male,51,Lucknow,Uttar Pradesh,2021-12-05
1763,Female,22,Mumbai,Maharashtra,2021-03-20
1764,Male,61,Hyderabad,Telangana,2025-06-09
1765,Male,46,Pune,Maharashtra,2025-04-06
1766,Female,45,Bengaluru,Karnataka,2022-01-13
1767,Male,33,Kolkata,West Bengal,2021-06-14
1768,Male,31,Hyderabad,Telangana,2025-04-13
1769,Male,19,Delhi,Delhi,2023-01-19
1770,Male,57,Delhi,Delhi,2025-12-29
1771,Male,21,Hyderabad,Telangana,2025-09-17
1772,Male,58,Jaipur,Rajasthan,2023-07-26
1773,Male,48,Indore,Madhya Pradesh,2021-06-04
1774,Male,43,Surat,Gujarat,2024-02-21
1775,Other,44,Jaipur,Rajasthan,2025-06-11
1776,Male,51,Bengaluru,Karnataka,2024-05-10
1777,Male,48,Ahmedabad,Gujarat,2023-11-30
1778,Female,65,Delhi,Delhi,2021-06-18
1779,Female,28,Bengaluru,Karnataka,2023-12-30
1780,Female,25,Lucknow,Uttar Pradesh,2023-03-03
1781,Male,29,Mumbai,Maharashtra,2024-09-15
1782,Female,52,Indore,Madhya Pradesh,2025-01-03
1783,Female,62,Hyderabad,Telangana,2024-11-23
1784,Female,51,Ahmedabad,Gujarat,2025-02-25
1785,Female,30,Ahmedabad,Gujarat,2023-09-30
1786,Female,44,Indore,Madhya Pradesh,2021-12-20
1787,Female,25,Ahmedabad,Gujarat,2021-11-24
1788,Female,64,Ahmedabad,Gujarat,2022-05-13
1789,Male,38,Mumbai,Maharashtra,2024-12-13
1790,Female,58,Hyderabad,Telangana,2025-03-07
1791,Female,28,Pune,Maharashtra,2025-04-12
1792,Male,39,Kolkata,West Bengal,2021-12-11
1793,Other,38,Hyderabad,Telangana,2022-10-05
1794,Male,45,Ahmedabad,Gujarat,2023-02-28
1795,Male,20,Mumbai,Maharashtra,2022-01-12
1796,Female,24,Mumbai,Maharashtra,2024-08-11
1797,Male,31,Kolkata,West Bengal,2024-08-04
1798,Male,32,Mumbai,Maharashtra,2024-07-01
1799,Male,26,Mumbai,Maharashtra,2022-03-10
1800,Male,60,Mumbai,Maharashtra,2022-05-16
1801,Male,24,Surat,Gujarat,2024-01-14
1802,Male,29,Kolkata,West Bengal,2022-06-05
1803,Male,36,Delhi,Delhi,2022-07-16
1804,Other,44,Bengaluru,Karnataka,2022-05-28
1805,Other,35,Delhi,Delhi,2022-05-31
1806,Male,30,Jaipur,Rajasthan,2025-03-20
1807,Female,60,Ahmedabad,Gujarat,2022-05-12
1808,Male,18,Pune,Maharashtra,2022-08-25
1809,Male,55,Pune,Maharashtra,2023-10-12
1810,Male,38,Mumbai,Maharashtra,2024-03-31
1811,Female,51,Ahmedabad,Gujarat,2022-10-29
1812,Female,30,Jaipur,Rajasthan,2025-03-31
1813,Male,62,Bengaluru,Karnataka,2021-12-31
1814,Male,58,Mumbai,Maharashtra,2025-04-17
1815,Male,40,Mumbai,Maharashtra,2024-12-19
1816,Female,18,Surat,Gujarat,2023-08-25
1817,Female,40,Bengaluru,Karnataka,2025-05-18
1818,Male,45,Jaipur,Rajasthan,2021-12-30
1819,Female,49,Ahmedabad,Gujarat,2021-04-18
1820,Male,25,Delhi,Delhi,2023-11-04
1821,Female,43,Pune,Maharashtra,2023-11-13
1822,Female,31,Mumbai,Maharashtra,2022-09-15
1823,Male,41,Ahmedabad,Gujarat,2021-11-17
1824,Female,65,Jaipur,Rajasthan,2022-05-25
1825,Female,46,Ahmedabad,Gujarat,2022-11-03
1826,Male,21,Chennai,Tamil Nadu,2023-12-01
1827,Male,35,Mumbai,Maharashtra,2025-12-23
1828,Female,31,Surat,Gujarat,2021-10-31
1829,Male,44,Jaipur,Rajasthan,2023-08-27
1830,Male,58,Bengaluru,Karnataka,2025-08-07
1831,Male,64,Surat,Gujarat,2024-12-09
1832,Female,20,Chennai,Tamil Nadu,2025-01-13
1833,Female,47,Chennai,Tamil Nadu,2025-12-29
1834,Female,53,Kolkata,West Bengal,2024-11-18
1835,Female,40,Jaipur,Rajasthan,2025-08-16
1836,Male,35,Ahmedabad,Gujarat,2025-06-06
1837,Female,63,Mumbai,Maharashtra,2021-12-31
1838,Female,64,Bengaluru,Karnataka,2023-01-08
1839,Male,57,Indore,Madhya Pradesh,2023-09-16
1840,Male,27,Bengaluru,Karnataka,2023-10-18
1841,Male,29,Delhi,Delhi,2024-12-23
1842,Female,58,Delhi,Delhi,2021-06-01
1843,Female,25,Delhi,Delhi,2021-09-16
1844,Female,49,Ahmedabad,Gujarat,2025-06-03
1845,Other,34,Surat,Gujarat,2022-12-08
1846,Male,58,Bengaluru,Karnataka,2021-08-11
1847,Female,62,Mumbai,Maharashtra,2024-07-13
1848,Female,31,Pune,Maharashtra,2021-08-18
1849,Male,54,Indore,Madhya Pradesh,2022-03-15
1850,Female,26,Ahmedabad,Gujarat,2021-05-30
1851,Male,43,Bengaluru,Karnataka,2023-06-29
1852,Female,65,Jaipur,Rajasthan,2025-01-20
1853,Female,41,Lucknow,Uttar Pradesh,2023-09-05
1854,Female,40,Lucknow,Uttar Pradesh,2024-03-05
1855,Female,48,Indore,Madhya Pradesh,2022-09-27
1856,Male,56,Bengaluru,Karnataka,2022-02-03
1857,Female,61,Kolkata,West Bengal,2022-09-14
1858,Male,19,Hyderabad,Telangana,2021-05-23
1859,Female,35,Lucknow,Uttar Pradesh,2023-08-06
1860,Female,33,Kolkata,West Bengal,2023-12-30
1861,Female,46,Jaipur,Rajasthan,2021-02-23
1862,Male,28,Ahmedabad,Gujarat,2023-04-24
1863,Female,19,Pune,Maharashtra,2023-07-27
1864,Female,31,Chennai,Tamil Nadu,2024-11-27
1865,Female,21,Surat,Gujarat,2022-07-06
1866,Male,56,Indore,Madhya Pradesh,2025-09-29
1867,Male,51,Mumbai,Maharashtra,2023-11-17
1868,Male,63,Pune,Maharashtra,2021-10-26
1869,Female,56,Mumbai,Maharashtra,2022-11-23
1870,Female,26,Kolkata,West Bengal,2022-07-12
1871,Other,57,Jaipur,Rajasthan,2025-08-05
1872,Male,58,Pune,Maharashtra,2024-09-05
1873,Male,24,Hyderabad,Telangana,2022-03-21
1874,Female,34,Lucknow,Uttar Pradesh,2021-04-08
1875,Female,40,Kolkata,West Bengal,2024-02-24
1876,Female,62,Chennai,Tamil Nadu,2021-02-27
1877,Female,28,Chennai,Tamil Nadu,2021-06-26
1878,Male,39,Hyderabad,Telangana,2022-12-20
1879,Female,35,Bengaluru,Karnataka,2024-08-01
1880,Female,45,Chennai,Tamil Nadu,2022-10-28
1881,Female,33,Ahmedabad,Gujarat,2023-11-17
1882,Male,59,Lucknow,Uttar Pradesh,2025-01-14
1883,Male,21,Ahmedabad,Gujarat,2021-11-19
1884,Male,53,Jaipur,Rajasthan,2022-11-06
1885,Female,39,Pune,Maharashtra,2024-06-27
1886,Male,28,Hyderabad,Telangana,2025-09-20
1887,Male,38,Mumbai,Maharashtra,2024-10-25
1888,Male,57,Bengaluru,Karnataka,2023-04-26
1889,Female,58,Kolkata,West Bengal,2021-03-31
1890,Male,33,Surat,Gujarat,2021-05-11
1891,Female,59,Mumbai,Maharashtra,2025-03-29
1892,Male,26,Delhi,Delhi,2023-11-19
1893,Male,52,Jaipur,Rajasthan,2025-12-06
1894,Female,51,Pune,Maharashtra,2025-04-17
1895,Male,26,Chennai,Tamil Nadu,2022-10-24
1896,Male,30,Kolkata,West Bengal,2024-01-15
1897,Male,23,Ahmedabad,Gujarat,2021-02-27
1898,Female,21,Pune,Maharashtra,2023-12-17
1899,Female,63,Delhi,Delhi,2023-09-21
1900,Male,45,Jaipur,Rajasthan,2024-11-18
1901,Male,28,Chennai,Tamil Nadu,2023-11-15
1902,Female,51,Mumbai,Maharashtra,2021-07-09
1903,Female,52,Jaipur,Rajasthan,2023-08-17
1904,Male,22,Mumbai,Maharashtra,2021-03-17
1905,Female,56,Kolkata,West Bengal,2022-01-06
1906,Female,28,Pune,Maharashtra,2023-06-18
1907,Female,29,Surat,Gujarat,2023-05-01
1908,Male,60,Delhi,Delhi,2025-10-27
1909,Male,36,Bengaluru,Karnataka,2022-05-21
1910,Male,30,Pune,Maharashtra,2021-07-02
1911,Female,21,Bengaluru,Karnataka,2021-06-03
1912,Female,31,Lucknow,Uttar Pradesh,2024-07-16
1913,Male,61,Surat,Gujarat,2023-06-22
1914,Female,19,Delhi,Delhi,2024-07-25
1915,Female,25,Hyderabad,Telangana,2024-09-25
1916,Other,39,Kolkata,West Bengal,2023-11-13
1917,Female,30,Indore,Madhya Pradesh,2024-12-26
1918,Other,38,Chennai,Tamil Nadu,2022-06-10
1919,Male,38,Delhi,Delhi,2022-08-29
1920,Female,45,Delhi,Delhi,2024-09-28
1921,Female,50,Kolkata,West Bengal,2023-05-29
1922,Male,46,Mumbai,Maharashtra,2023-12-12
1923,Male,54,Ahmedabad,Gujarat,2021-12-05
1924,Female,39,Delhi,Delhi,2023-12-01
1925,Male,43,Jaipur,Rajasthan,2025-08-27
1926,Female,28,Mumbai,Maharashtra,2022-06-02
1927,Male,28,Chennai,Tamil Nadu,2022-02-11
1928,Male,62,Hyderabad,Telangana,2021-05-18
1929,Male,51,Ahmedabad,Gujarat,2024-01-28
1930,Male,36,Mumbai,Maharashtra,2021-12-07
1931,Female,65,Chennai,Tamil Nadu,2025-10-26
1932,Female,54,Chennai,Tamil Nadu,2024-09-01
1933,Male,31,Chennai,Tamil Nadu,2022-06-26
1934,Male,46,Chennai,Tamil Nadu,2021-08-13
1935,Male,36,Ahmedabad,Gujarat,2021-09-18
1936,Male,54,Jaipur,Rajasthan,2024-06-24
1937,Female,38,Bengaluru,Karnataka,2024-01-08
1938,Male,41,Lucknow,Uttar Pradesh,2022-11-28
1939,Male,43,Hyderabad,Telangana,2023-03-22
1940,Male,58,Mumbai,Maharashtra,2025-09-12
1941,Male,29,Mumbai,Maharashtra,2022-04-18
1942,Male,65,Bengaluru,Karnataka,2021-03-18
1943,Male,36,Jaipur,Rajasthan,2021-09-19
1944,Female,64,Kolkata,West Bengal,2025-10-31
1945,Female,47,Jaipur,Rajasthan,2023-10-23
1946,Female,32,Hyderabad,Telangana,2021-01-17
1947,Male,20,Hyderabad,Telangana,2021-12-10
1948,Male,30,Pune,Maharashtra,2023-11-02
1949,Female,26,Bengaluru,Karnataka,2023-07-29
1950,Female,30,Delhi,Delhi,2022-11-25
1951,Other,33,Mumbai,Maharashtra,2023-04-26
1952,Male,31,Bengaluru,Karnataka,2023-10-28
1953,Male,25,Chennai,Tamil Nadu,2021-09-03
1954,Female,36,Kolkata,West Bengal,2023-09-13
1955,Female,49,Surat,Gujarat,2024-03-26
1956,Female,52,Indore,Madhya Pradesh,2021-06-23
1957,Female,40,Ahmedabad,Gujarat,2025-02-19
1958,Female,38,Delhi,Delhi,2023-04-26
1959,Female,35,Ahmedabad,Gujarat,2022-11-24
1960,Female,65,Jaipur,Rajasthan,2023-10-06
1961,Female,31,Mumbai,Maharashtra,2021-10-08
1962,Female,33,Delhi,Delhi,2024-08-25
1963,Male,41,Lucknow,Uttar Pradesh,2023-09-17
1964,Male,49,Delhi,Delhi,2021-08-25
1965,Female,28,Chennai,Tamil Nadu,2021-06-06
1966,Male,62,Chennai,Tamil Nadu,2024-06-28
1967,Female,28,Pune,Maharashtra,2023-10-20
1968,Male,21,Delhi,Delhi,2024-05-29
1969,Male,43,Bengaluru,Karnataka,2021-12-04
1970,Female,63,Mumbai,Maharashtra,2024-05-31
1971,Male,22,Mumbai,Maharashtra,2024-05-19
1972,Male,53,Lucknow,Uttar Pradesh,2021-12-03
1973,Male,50,Bengaluru,Karnataka,2024-03-03
1974,Female,31,Hyderabad,Telangana,2023-02-10
1975,Male,49,Bengaluru,Karnataka,2022-05-10
1976,Female,24,Surat,Gujarat,2022-07-01
1977,Male,27,Bengaluru,Karnataka,2024-04-21
1978,Female,19,Delhi,Delhi,2021-06-10
1979,Male,27,Lucknow,Uttar Pradesh,2022-08-28
1980,Male,52,Lucknow,Uttar Pradesh,2022-01-22
1981,Male,38,Pune,Maharashtra,2024-05-05
1982,Male,57,Jaipur,Rajasthan,2025-10-08
1983,Female,59,Hyderabad,Telangana,2025-02-16
1984,Male,25,Hyderabad,Telangana,2025-03-06
1985,Male,63,Mumbai,Maharashtra,2023-09-15
1986,Female,35,Mumbai,Maharashtra,2025-02-21
1987,Male,26,Kolkata,West Bengal,2024-10-07
1988,Male,58,Hyderabad,Telangana,2025-04-03
1989,Female,47,Delhi,Delhi,2021-08-22
1990,Female,21,Kolkata,West Bengal,2025-05-21
1991,Male,52,Jaipur,Rajasthan,2025-11-15
1992,Male,31,Pune,Maharashtra,2024-12-03
1993,Female,31,Ahmedabad,Gujarat,2024-07-23
1994,Male,65,Mumbai,Maharashtra,2022-12-12
1995,Female,54,Kolkata,West Bengal,2022-04-04
1996,Male,37,Ahmedabad,Gujarat,2025-01-16
1997,Female,46,Surat,Gujarat,2022-02-17
1998,Male,40,Mumbai,Maharashtra,2023-11-08
1999,Female,64,Mumbai,Maharashtra,2021-03-13
2000,Male,38,Bengaluru,Karnataka,2025-08-18
2001,Female,48,Bengaluru,Karnataka,2022-01-13
2002,Male,49,Bengaluru,Karnataka,2022-11-13
2003,Male,58,Indore,Madhya Pradesh,2023-04-14
2004,Female,24,Bengaluru,Karnataka,2024-10-10
2005,Female,30,Bengaluru,Karnataka,2025-12-23
2006,Female,40,Kolkata,West Bengal,2021-05-31
2007,Male,25,Hyderabad,Telangana,2024-07-08
2008,Female,29,Jaipur,Rajasthan,2024-01-09
2009,Male,53,Mumbai,Maharashtra,2024-02-04
2010,Female,33,Hyderabad,Telangana,2025-03-27
2011,Female,43,Mumbai,Maharashtra,2024-11-27
2012,Male,46,Mumbai,Maharashtra,2022-12-21
2013,Female,46,Indore,Madhya Pradesh,2021-05-10
2014,Female,23,Mumbai,Maharashtra,2024-04-09
2015,Male,54,Chennai,Tamil Nadu,2022-02-10
2016,Female,50,Delhi,Delhi,2023-11-23
2017,Male,48,Delhi,Delhi,2022-06-20
2018,Female,63,Indore,Madhya Pradesh,2021-07-16
2019,Male,58,Mumbai,Maharashtra,2023-07-06
2020,Male,35,Ahmedabad,Gujarat,2023-12-06
2021,Male,55,Surat,Gujarat,2021-10-01
2022,Female,64,Chennai,Tamil Nadu,2025-11-02
2023,Female,48,Indore,Madhya Pradesh,2021-05-13
2024,Female,33,Mumbai,Maharashtra,2021-09-21
2025,Male,57,Delhi,Delhi,2025-06-09
2026,Male,54,Bengaluru,Karnataka,2022-01-02
2027,Female,31,Kolkata,West Bengal,2023-04-05
2028,Female,56,Surat,Gujarat,2021-01-05
2029,Male,21,Bengaluru,Karnataka,2021-09-26
2030,Male,47,Ahmedabad,Gujarat,2023-05-01
2031,Female,50,Pune,Maharashtra,2023-01-03
2032,Male,53,Chennai,Tamil Nadu,2025-09-26
2033,Female,47,Hyderabad,Telangana,2024-12-15
2034,Female,31,Surat,Gujarat,2024-10-01
2035,Female,40,Chennai,Tamil Nadu,2021-03-10
2036,Female,65,Delhi,Delhi,2023-03-11
2037,Male,45,Mumbai,Maharashtra,2021-12-24
2038,Female,24,Pune,Maharashtra,2025-09-08
2039,Female,59,Bengaluru,Karnataka,2024-11-10
2040,Male,27,Bengaluru,Karnataka,2021-11-21
2041,Female,21,Lucknow,Uttar Pradesh,2023-01-21
2042,Male,61,Chennai,Tamil Nadu,2025-02-13
2043,Female,55,Hyderabad,Telangana,2024-04-17
2044,Male,30,Mumbai,Maharashtra,2021-09-13
2045,Female,38,Lucknow,Uttar Pradesh,2022-02-23
2046,Male,50,Kolkata,West Bengal,2021-07-30
2047,Male,57,Mumbai,Maharashtra,2023-06-30
2048,Other,45,Kolkata,West Bengal,2025-10-29
2049,Female,40,Chennai,Tamil Nadu,2022-08-07
2050,Male,49,Mumbai,Maharashtra,2024-10-22
2051,Male,65,Hyderabad,Telangana,2022-07-31
2052,Male,22,Hyderabad,Telangana,2021-06-15
2053,Female,43,Pune,Maharashtra,2021-08-02
2054,Female,56,Surat,Gujarat,2022-06-13
2055,Female,43,Lucknow,Uttar Pradesh,2024-04-11
2056,Female,20,Ahmedabad,Gujarat,2024-02-27
2057,Female,41,Hyderabad,Telangana,2021-01-03
2058,Male,51,Delhi,Delhi,2023-06-14
2059,Male,51,Ahmedabad,Gujarat,2023-06-15
2060,Female,37,Chennai,Tamil Nadu,2025-11-19
2061,Female,47,Mumbai,Maharashtra,2023-12-30
2062,Female,59,Hyderabad,Telangana,2021-02-21
2063,Female,37,Jaipur,Rajasthan,2022-03-13
2064,Female,58,Hyderabad,Telangana,2024-11-02
2065,Female,35,Mumbai,Maharashtra,2023-10-19
2066,Male,55,Jaipur,Rajasthan,2025-11-30
2067,Male,37,Pune,Maharashtra,2025-11-10
2068,Female,23,Bengaluru,Karnataka,2021-04-04
2069,Female,59,Pune,Maharashtra,2025-05-02
2070,Male,42,Bengaluru,Karnataka,2022-08-10
2071,Male,58,Kolkata,West Bengal,2022-08-26
2072,Male,58,Hyderabad,Telangana,2021-03-27
2073,Male,20,Pune,Maharashtra,2022-06-02
2074,Female,61,Lucknow,Uttar Pradesh,2023-01-12
2075,Male,60,Lucknow,Uttar Pradesh,2022-03-06
2076,Female,63,Lucknow,Uttar Pradesh,2023-05-13
2077,Male,36,Bengaluru,Karnataka,2023-04-09
2078,Female,27,Hyderabad,Telangana,2021-02-12
2079,Male,22,Surat,Gujarat,2025-09-30
2080,Female,39,Jaipur,Rajasthan,2024-10-25
2081,Female,26,Mumbai,Maharashtra,2022-02-08
2082,Female,50,Mumbai,Maharashtra,2024-08-19
2083,Male,32,Hyderabad,Telangana,2024-04-20
2084,Male,41,Indore,Madhya Pradesh,2021-06-18
2085,Male,47,Chennai,Tamil Nadu,2021-07-22
2086,Male,53,Hyderabad,Telangana,2022-12-07
2087,Female,56,Mumbai,Maharashtra,2022-06-27
2088,Female,23,Ahmedabad,Gujarat,2021-04-12
2089,Female,32,Lucknow,Uttar Pradesh,2025-05-19
2090,Female,55,Delhi,Delhi,2021-12-12
2091,Male,56,Jaipur,Rajasthan,2022-08-26
2092,Male,39,Surat,Gujarat,2022-03-18
2093,Male,20,Pune,Maharashtra,2021-09-07
2094,Female,46,Hyderabad,Telangana,2024-04-21
2095,Female,46,Bengaluru,Karnataka,2024-08-18
2096,Male,48,Jaipur,Rajasthan,2023-05-28
2097,Male,62,Chennai,Tamil Nadu,2024-07-27
2098,Female,19,Ahmedabad,Gujarat,2025-10-07
2099,Female,52,Jaipur,Rajasthan,2024-01-18
2100,Female,62,Delhi,Delhi,2024-12-19
2101,Male,26,Indore,Madhya Pradesh,2024-08-01
2102,Male,39,Chennai,Tamil Nadu,2022-11-02
2103,Female,36,Pune,Maharashtra,2024-02-28
2104,Female,54,Kolkata,West Bengal,2021-09-05
2105,Male,27,Jaipur,Rajasthan,2022-10-14
2106,Female,63,Bengaluru,Karnataka,2023-06-20
2107,Female,38,Lucknow,Uttar Pradesh,2024-04-27
2108,Male,34,Indore,Madhya Pradesh,2021-04-01
2109,Male,20,Bengaluru,Karnataka,2022-07-22
2110,Male,24,Surat,Gujarat,2025-10-28
2111,Male,58,Pune,Maharashtra,2024-04-03
2112,Female,54,Pune,Maharashtra,2022-07-02
2113,Male,53,Pune,Maharashtra,2024-09-15
2114,Female,20,Indore,Madhya Pradesh,2025-04-14
2115,Other,30,Ahmedabad,Gujarat,2021-03-21
2116,Male,58,Pune,Maharashtra,2023-07-23
2117,Male,47,Hyderabad,Telangana,2023-09-08
2118,Female,40,Ahmedabad,Gujarat,2023-05-20
2119,Female,24,Mumbai,Maharashtra,2021-06-18
2120,Female,47,Indore,Madhya Pradesh,2025-04-18
2121,Male,46,Jaipur,Rajasthan,2024-01-22
2122,Male,25,Hyderabad,Telangana,2022-09-16
2123,Female,27,Surat,Gujarat,2022-01-14
2124,Female,50,Delhi,Delhi,2024-05-17
2125,Male,37,Surat,Gujarat,2021-07-13
2126,Female,46,Ahmedabad,Gujarat,2021-09-21
2127,Male,46,Ahmedabad,Gujarat,2024-06-24
2128,Other,38,Pune,Maharashtra,2025-07-12
2129,Female,18,Indore,Madhya Pradesh,2025-01-11
2130,Male,51,Delhi,Delhi,2025-10-30
2131,Female,61,Pune,Maharashtra,2022-06-05
2132,Male,49,Mumbai,Maharashtra,2023-07-08
2133,Male,62,Chennai,Tamil Nadu,2025-10-01
2134,Male,31,Hyderabad,Telangana,2022-04-24
2135,Male,54,Kolkata,West Bengal,2024-07-24
2136,Male,52,Indore,Madhya Pradesh,2024-02-27
2137,Female,41,Mumbai,Maharashtra,2024-08-18
2138,Female,18,Kolkata,West Bengal,2022-07-28
2139,Male,63,Pune,Maharashtra,2025-03-18
2140,Female,23,Lucknow,Uttar Pradesh,2024-10-15
2141,Female,21,Jaipur,Rajasthan,2023-04-23
2142,Female,55,Chennai,Tamil Nadu,2024-10-12
2143,Female,18,Kolkata,West Bengal,2025-01-29
2144,Male,58,Bengaluru,Karnataka,2024-04-10
2145,Male,48,Hyderabad,Telangana,2025-11-16
2146,Female,53,Lucknow,Uttar Pradesh,2024-01-17
2147,Male,26,Hyderabad,Telangana,2025-03-04
2148,Male,58,Delhi,Delhi,2023-06-15
2149,Male,62,Hyderabad,Telangana,2024-01-12
2150,Male,40,Lucknow,Uttar Pradesh,2022-06-01
2151,Male,48,Bengaluru,Karnataka,2023-10-21
2152,Male,46,Pune,Maharashtra,2025-04-24
2153,Male,38,Kolkata,West Bengal,2023-06-15
2154,Female,20,Lucknow,Uttar Pradesh,2024-09-07
2155,Female,43,Mumbai,Maharashtra,2022-04-10
2156,Male,23,Bengaluru,Karnataka,2025-05-30
2157,Male,37,Pune,Maharashtra,2022-09-05
2158,Male,64,Delhi,Delhi,2024-03-10
2159,Male,63,Hyderabad,Telangana,2022-08-28
2160,Male,30,Kolkata,West Bengal,2025-07-13
2161,Male,58,Ahmedabad,Gujarat,2025-12-29
2162,Female,40,Ahmedabad,Gujarat,2022-09-13
2163,Female,32,Delhi,Delhi,2023-09-27
2164,Male,63,Lucknow,Uttar Pradesh,2022-07-09
2165,Male,48,Hyderabad,Telangana,2021-05-16
2166,Female,21,Surat,Gujarat,2021-11-26
2167,Female,28,Ahmedabad,Gujarat,2025-10-19
2168,Female,19,Mumbai,Maharashtra,2023-08-13
2169,Female,33,Ahmedabad,Gujarat,2022-01-30
2170,Male,48,Bengaluru,Karnataka,2021-06-05
2171,Male,65,Ahmedabad,Gujarat,2023-11-29
2172,Female,56,Mumbai,Maharashtra,2024-07-29
2173,Male,60,Pune,Maharashtra,2023-05-20
2174,Other,61,Lucknow,Uttar Pradesh,2022-06-22
2175,Female,21,Bengaluru,Karnataka,2025-04-17
2176,Female,65,Lucknow,Uttar Pradesh,2023-12-06
2177,Male,45,Bengaluru,Karnataka,2022-10-30
2178,Female,33,Ahmedabad,Gujarat,2021-09-01
2179,Male,56,Kolkata,West Bengal,2022-07-01
2180,Male,42,Hyderabad,Telangana,2022-03-26
2181,Male,30,Bengaluru,Karnataka,2021-10-05
2182,Female,22,Pune,Maharashtra,2023-01-24
2183,Female,47,Mumbai,Maharashtra,2022-02-10
2184,Male,18,Bengaluru,Karnataka,2023-02-10
2185,Male,22,Ahmedabad,Gujarat,2023-12-06
2186,Female,31,Indore,Madhya Pradesh,2023-01-19
2187,Female,28,Lucknow,Uttar Pradesh,2025-03-24
2188,Female,51,Jaipur,Rajasthan,2023-02-11
2189,Female,46,Jaipur,Rajasthan,2024-07-18
2190,Male,35,Ahmedabad,Gujarat,2025-04-29
2191,Female,32,Bengaluru,Karnataka,2021-08-26
2192,Male,63,Indore,Madhya Pradesh,2024-04-05
2193,Female,42,Ahmedabad,Gujarat,2024-10-31
2194,Female,47,Chennai,Tamil Nadu,2025-05-31
2195,Male,62,Mumbai,Maharashtra,2025-08-20
2196,Male,19,Hyderabad,Telangana,2021-07-20
2197,Female,57,Hyderabad,Telangana,2023-01-16
2198,Male,44,Lucknow,Uttar Pradesh,2021-08-20
2199,Male,32,Chennai,Tamil Nadu,2025-01-09
2200,Female,49,Delhi,Delhi,2022-12-25
2201,Male,37,Surat,Gujarat,2024-12-12
2202,Female,31,Mumbai,Maharashtra,2024-03-23
2203,Male,44,Delhi,Delhi,2024-10-23
2204,Female,20,Mumbai,Maharashtra,2022-12-26
2205,Male,20,Kolkata,West Bengal,2021-03-28
2206,Male,30,Indore,Madhya Pradesh,2025-04-03
2207,Female,42,Bengaluru,Karnataka,2022-12-04
2208,Female,35,Lucknow,Uttar Pradesh,2023-03-31
2209,Male,18,Bengaluru,Karnataka,2021-02-23
2210,Male,56,Indore,Madhya Pradesh,2025-10-18
2211,Female,22,Kolkata,West Bengal,2023-12-02
2212,Female,19,Jaipur,Rajasthan,2024-10-04
2213,Other,47,Mumbai,Maharashtra,2024-06-07
2214,Other,34,Surat,Gujarat,2023-01-12
2215,Female,46,Kolkata,West Bengal,2022-11-25
2216,Male,59,Bengaluru,Karnataka,2022-03-12
2217,Female,21,Lucknow,Uttar Pradesh,2024-03-10
2218,Female,26,Bengaluru,Karnataka,2024-08-04
2219,Male,38,Lucknow,Uttar Pradesh,2024-09-07
2220,Male,60,Mumbai,Maharashtra,2022-08-17
2221,Male,29,Kolkata,West Bengal,2022-03-18
2222,Male,29,Chennai,Tamil Nadu,2021-06-16
2223,Male,21,Mumbai,Maharashtra,2022-07-20
2224,Male,45,Bengaluru,Karnataka,2025-01-26
2225,Female,26,Mumbai,Maharashtra,2025-01-19
2226,Male,57,Hyderabad,Telangana,2021-03-14
2227,Male,49,Bengaluru,Karnataka,2022-12-26
2228,Male,30,Chennai,Tamil Nadu,2025-09-03
2229,Female,51,Bengaluru,Karnataka,2023-08-06
2230,Male,36,Bengaluru,Karnataka,2021-09-27
2231,Female,31,Kolkata,West Bengal,2021-08-07
2232,Female,22,Mumbai,Maharashtra,2025-07-30
2233,Male,44,Indore,Madhya Pradesh,2022-07-01
2234,Male,45,Lucknow,Uttar Pradesh,2025-08-09
2235,Male,43,Ahmedabad,Gujarat,2024-04-21
2236,Female,27,Chennai,Tamil Nadu,2024-01-07
2237,Female,41,Indore,Madhya Pradesh,2021-11-04
2238,Female,34,Pune,Maharashtra,2025-11-24
2239,Male,33,Mumbai,Maharashtra,2024-09-13
2240,Other,34,Bengaluru,Karnataka,2022-02-25
2241,Male,18,Jaipur,Rajasthan,2024-06-13
2242,Male,38,Mumbai,Maharashtra,2023-04-29
2243,Female,64,Chennai,Tamil Nadu,2025-06-01
2244,Female,60,Surat,Gujarat,2023-06-05
2245,Male,39,Lucknow,Uttar Pradesh,2022-04-07
2246,Male,22,Hyderabad,Telangana,2022-08-08
2247,Male,53,Mumbai,Maharashtra,2025-04-12
2248,Male,38,Lucknow,Uttar Pradesh,2023-07-05
2249,Male,26,Chennai,Tamil Nadu,2021-02-07
2250,Female,44,Mumbai,Maharashtra,2025-11-25
2251,Female,65,Mumbai,Maharashtra,2022-03-02
2252,Female,29,Indore,Madhya Pradesh,2025-06-10
2253,Female,35,Ahmedabad,Gujarat,2022-03-10
2254,Female,52,Lucknow,Uttar Pradesh,2024-10-14
2255,Female,32,Lucknow,Uttar Pradesh,2023-11-21
2256,Female,61,Chennai,Tamil Nadu,2021-07-24
2257,Male,47,Hyderabad,Telangana,2022-12-06
2258,Female,62,Delhi,Delhi,2023-01-12
2259,Female,50,Bengaluru,Karnataka,2024-04-19
2260,Female,53,Delhi,Delhi,2025-11-16
2261,Other,57,Jaipur,Rajasthan,2021-02-09
2262,Male,47,Chennai,Tamil Nadu,2023-04-21
2263,Female,43,Indore,Madhya Pradesh,2024-12-17
2264,Male,38,Hyderabad,Telangana,2023-06-25
2265,Female,54,Chennai,Tamil Nadu,2024-03-26
2266,Male,60,Ahmedabad,Gujarat,2021-06-17
2267,Male,48,Chennai,Tamil Nadu,2025-08-21
2268,Male,34,Kolkata,West Bengal,2022-10-04
2269,Female,34,Bengaluru,Karnataka,2024-01-11
2270,Male,51,Hyderabad,Telangana,2025-08-19
2271,Female,41,Mumbai,Maharashtra,2022-11-18
2272,Male,50,Delhi,Delhi,2025-12-29
2273,Female,21,Hyderabad,Telangana,2022-08-23
2274,Female,26,Ahmedabad,Gujarat,2021-04-12
2275,Male,19,Surat,Gujarat,2023-01-30
2276,Male,52,Chennai,Tamil Nadu,2022-12-19
2277,Female,55,Kolkata,West Bengal,2021-03-30
2278,Female,62,Hyderabad,Telangana,2021-12-11
2279,Female,32,Ahmedabad,Gujarat,2023-03-11
2280,Male,60,Mumbai,Maharashtra,2024-08-26
2281,Male,59,Bengaluru,Karnataka,2022-08-31
2282,Other,20,Delhi,Delhi,2025-01-03
2283,Male,48,Hyderabad,Telangana,2021-06-08
2284,Male,58,Mumbai,Maharashtra,2024-02-12
2285,Male,59,Pune,Maharashtra,2022-06-20
2286,Female,40,Bengaluru,Karnataka,2021-06-12
2287,Female,29,Surat,Gujarat,2021-10-13
2288,Male,25,Bengaluru,Karnataka,2023-05-15
2289,Male,38,Hyderabad,Telangana,2021-02-24
2290,Male,38,Pune,Maharashtra,2022-07-30
2291,Male,49,Ahmedabad,Gujarat,2021-02-02
2292,Male,34,Bengaluru,Karnataka,2022-07-12
2293,Other,54,Pune,Maharashtra,2023-01-01
2294,Male,41,Hyderabad,Telangana,2023-09-20
2295,Male,25,Mumbai,Maharashtra,2023-03-12
2296,Female,35,Mumbai,Maharashtra,2021-07-15
2297,Female,28,Pune,Maharashtra,2025-11-24
2298,Female,27,Mumbai,Maharashtra,2022-03-24
2299,Male,43,Mumbai,Maharashtra,2025-12-27
2300,Male,64,Bengaluru,Karnataka,2025-11-07
2301,Female,23,Jaipur,Rajasthan,2025-06-03
2302,Female,34,Chennai,Tamil Nadu,2023-07-14
2303,Male,40,Hyderabad,Telangana,2021-04-02
2304,Female,59,Bengaluru,Karnataka,2022-08-31
2305,Female,54,Indore,Madhya Pradesh,2024-06-05
2306,Male,45,Delhi,Delhi,2021-10-13
2307,Female,33,Mumbai,Maharashtra,2023-05-24
2308,Female,29,Ahmedabad,Gujarat,2024-06-12
2309,Male,38,Mumbai,Maharashtra,2021-04-12
2310,Female,41,Delhi,Delhi,2025-11-23
2311,Female,45,Hyderabad,Telangana,2021-05-20
2312,Female,54,Lucknow,Uttar Pradesh,2023-04-15
2313,Male,38,Hyderabad,Telangana,2025-08-06
2314,Male,50,Kolkata,West Bengal,2025-11-11
2315,Female,19,Surat,Gujarat,2021-09-23
2316,Male,54,Mumbai,Maharashtra,2024-09-27
2317,Male,36,Bengaluru,Karnataka,2022-07-27
2318,Male,45,Delhi,Delhi,2022-06-19
2319,Male,32,Delhi,Delhi,2022-06-07
2320,Female,18,Delhi,Delhi,2021-01-16
2321,Male,60,Indore,Madhya Pradesh,2022-07-15
2322,Female,45,Kolkata,West Bengal,2023-05-28
2323,Male,52,Chennai,Tamil Nadu,2021-12-02
2324,Female,49,Bengaluru,Karnataka,2023-06-29
2325,Male,45,Lucknow,Uttar Pradesh,2024-11-14
2326,Female,26,Surat,Gujarat,2021-06-19
2327,Female,41,Lucknow,Uttar Pradesh,2023-07-02
2328,Male,21,Mumbai,Maharashtra,2021-04-29
2329,Female,62,Ahmedabad,Gujarat,2023-12-02
2330,Male,58,Mumbai,Maharashtra,2023-10-10
2331,Female,20,Bengaluru,Karnataka,2021-01-10
2332,Other,65,Mumbai,Maharashtra,2022-03-06
2333,Female,39,Chennai,Tamil Nadu,2025-01-31
2334,Female,57,Ahmedabad,Gujarat,2021-02-18
2335,Male,56,Mumbai,Maharashtra,2025-12-06
2336,Male,42,Delhi,Delhi,2021-07-26
2337,Male,65,Hyderabad,Telangana,2025-08-30
2338,Female,39,Delhi,Delhi,2022-05-29
2339,Female,65,Mumbai,Maharashtra,2025-05-23
2340,Male,64,Delhi,Delhi,2024-05-18
2341,Female,51,Kolkata,West Bengal,2024-03-08
2342,Male,37,Mumbai,Maharashtra,2021-02-06
2343,Male,53,Mumbai,Maharashtra,2021-08-06
2344,Female,54,Delhi,Delhi,2025-01-19
2345,Male,56,Surat,Gujarat,2025-03-16
2346,Female,44,Ahmedabad,Gujarat,2024-07-25
2347,Male,64,Ahmedabad,Gujarat,2021-06-29
2348,Female,49,Delhi,Delhi,2025-03-21
2349,Male,59,Chennai,Tamil Nadu,2021-05-10
2350,Male,46,Mumbai,Maharashtra,2025-07-27
2351,Female,58,Ahmedabad,Gujarat,2022-09-03
2352,Female,65,Indore,Madhya Pradesh,2025-08-23
2353,Male,49,Ahmedabad,Gujarat,2025-11-07
2354,Male,41,Lucknow,Uttar Pradesh,2022-10-21
2355,Female,20,Kolkata,West Bengal,2021-12-25
2356,Male,44,Mumbai,Maharashtra,2022-09-19
2357,Female,26,Indore,Madhya Pradesh,2023-10-25
2358,Female,57,Mumbai,Maharashtra,2025-06-11
2359,Male,40,Chennai,Tamil Nadu,2025-05-01
2360,Male,24,Pune,Maharashtra,2024-01-12
2361,Female,34,Mumbai,Maharashtra,2024-03-23
2362,Male,54,Delhi,Delhi,2022-05-21
2363,Female,24,Bengaluru,Karnataka,2025-03-13
2364,Male,47,Hyderabad,Telangana,2023-03-29
2365,Female,30,Chennai,Tamil Nadu,2023-03-05
2366,Male,35,Mumbai,Maharashtra,2023-04-19
2367,Female,48,Mumbai,Maharashtra,2025-12-29
2368,Male,39,Chennai,Tamil Nadu,2022-09-15
2369,Male,31,Delhi,Delhi,2022-09-21
2370,Female,35,Kolkata,West Bengal,2021-04-07
2371,Male,52,Ahmedabad,Gujarat,2024-07-29
2372,Male,34,Lucknow,Uttar Pradesh,2025-09-21
2373,Male,36,Kolkata,West Bengal,2025-06-12
2374,Male,48,Delhi,Delhi,2023-03-30
2375,Female,56,Ahmedabad,Gujarat,2022-08-22
2376,Female,53,Bengaluru,Karnataka,2023-07-23
2377,Male,32,Bengaluru,Karnataka,2025-04-11
2378,Female,46,Jaipur,Rajasthan,2022-03-05
2379,Female,57,Hyderabad,Telangana,2025-04-16
2380,Female,33,Jaipur,Rajasthan,2024-02-24
2381,Male,50,Lucknow,Uttar Pradesh,2025-09-30
2382,Female,42,Lucknow,Uttar Pradesh,2024-08-17
2383,Female,33,Indore,Madhya Pradesh,2022-06-27
2384,Male,47,Delhi,Delhi,2022-01-02
2385,Male,51,Bengaluru,Karnataka,2025-11-03
2386,Male,19,Chennai,Tamil Nadu,2023-12-05
2387,Female,57,Delhi,Delhi,2025-02-25
2388,Male,61,Chennai,Tamil Nadu,2024-09-01
2389,Female,60,Kolkata,West Bengal,2024-04-27
2390,Male,55,Ahmedabad,Gujarat,2021-02-21
2391,Female,35,Delhi,Delhi,2022-07-18
2392,Female,22,Pune,Maharashtra,2024-09-17
2393,Female,64,Delhi,Delhi,2022-05-14
2394,Female,57,Pune,Maharashtra,2023-09-04
2395,Female,23,Indore,Madhya Pradesh,2024-09-03
2396,Male,29,Delhi,Delhi,2024-12-04
2397,Female,29,Pune,Maharashtra,2021-11-19
2398,Male,29,Mumbai,Maharashtra,2025-06-03
2399,Female,26,Ahmedabad,Gujarat,2025-05-04
2400,Male,59,Ahmedabad,Gujarat,2024-06-07
2401,Female,39,Delhi,Delhi,2024-09-29
2402,Female,33,Mumbai,Maharashtra,2024-10-26
2403,Male,21,Delhi,Delhi,2022-07-10
2404,Male,20,Bengaluru,Karnataka,2024-08-08
2405,Other,33,Ahmedabad,Gujarat,2024-12-31
2406,Male,31,Chennai,Tamil Nadu,2024-06-24
2407,Male,58,Delhi,Delhi,2021-08-07
2408,Male,55,Pune,Maharashtra,2022-06-18
2409,Female,21,Surat,Gujarat,2022-10-04
2410,Female,19,Hyderabad,Telangana,2022-06-03
2411,Female,27,Ahmedabad,Gujarat,2025-12-13
2412,Female,28,Pune,Maharashtra,2025-02-04
2413,Male,56,Hyderabad,Telangana,2024-10-05
2414,Female,43,Mumbai,Maharashtra,2021-02-13
2415,Male,54,Hyderabad,Telangana,2025-11-11
2416,Male,43,Surat,Gujarat,2021-03-06
2417,Male,21,Delhi,Delhi,2021-09-03
2418,Female,43,Mumbai,Maharashtra,2023-09-14
2419,Female,55,Mumbai,Maharashtra,2025-05-28
2420,Male,45,Delhi,Delhi,2023-12-31
2421,Female,19,Pune,Maharashtra,2025-09-29
2422,Male,19,Mumbai,Maharashtra,2025-09-21
2423,Male,33,Kolkata,West Bengal,2021-06-07
2424,Male,40,Hyderabad,Telangana,2023-07-27
2425,Female,40,Bengaluru,Karnataka,2025-02-07
2426,Female,30,Indore,Madhya Pradesh,2023-11-15
2427,Male,38,Mumbai,Maharashtra,2025-05-26
2428,Female,56,Surat,Gujarat,2023-04-05
2429,Male,42,Bengaluru,Karnataka,2024-05-31
2430,Female,54,Indore,Madhya Pradesh,2021-06-09
2431,Other,30,Chennai,Tamil Nadu,2023-03-29
2432,Male,32,Lucknow,Uttar Pradesh,2023-10-02
2433,Female,45,Surat,Gujarat,2021-03-16
2434,Female,20,Bengaluru,Karnataka,2021-05-18
2435,Male,40,Surat,Gujarat,2022-04-24
2436,Female,21,Delhi,Delhi,2022-07-07
2437,Male,64,Delhi,Delhi,2024-08-19
2438,Male,20,Delhi,Delhi,2022-01-22
2439,Male,56,Chennai,Tamil Nadu,2022-04-17
2440,Male,25,Pune,Maharashtra,2024-09-19
2441,Female,60,Chennai,Tamil Nadu,2021-11-05
2442,Female,42,Chennai,Tamil Nadu,2025-04-01
2443,Female,58,Jaipur,Rajasthan,2023-06-06
2444,Male,29,Lucknow,Uttar Pradesh,2022-12-02
2445,Male,22,Hyderabad,Telangana,2025-04-13
2446,Male,50,Bengaluru,Karnataka,2024-04-01
2447,Female,63,Bengaluru,Karnataka,2023-09-27
2448,Other,42,Pune,Maharashtra,2023-08-10
2449,Female,42,Mumbai,Maharashtra,2023-12-15
2450,Male,52,Delhi,Delhi,2023-02-25
2451,Female,32,Bengaluru,Karnataka,2025-01-18
2452,Female,59,Surat,Gujarat,2021-11-01
2453,Male,43,Chennai,Tamil Nadu,2021-04-12
2454,Female,27,Delhi,Delhi,2025-04-27
2455,Male,41,Chennai,Tamil Nadu,2023-02-14
2456,Male,52,Mumbai,Maharashtra,2024-11-12
2457,Male,46,Hyderabad,Telangana,2025-09-03
2458,Male,55,Ahmedabad,Gujarat,2024-05-16
2459,Male,22,Hyderabad,Telangana,2024-08-31
2460,Male,41,Delhi,Delhi,2023-12-09
2461,Male,36,Surat,Gujarat,2022-07-26
2462,Female,63,Indore,Madhya Pradesh,2025-03-22
2463,Other,61,Ahmedabad,Gujarat,2021-05-28
2464,Female,26,Chennai,Tamil Nadu,2025-12-28
2465,Male,43,Ahmedabad,Gujarat,2024-05-19
2466,Male,42,Pune,Maharashtra,2024-10-27
2467,Male,52,Delhi,Delhi,2025-08-13
2468,Male,53,Mumbai,Maharashtra,2022-08-20
2469,Female,31,Hyderabad,Telangana,2023-09-05
2470,Female,23,Chennai,Tamil Nadu,2025-08-23
2471,Female,49,Bengaluru,Karnataka,2023-12-07
2472,Female,43,Surat,Gujarat,2025-08-25
2473,Male,32,Indore,Madhya Pradesh,2022-05-14
2474,Male,48,Kolkata,West Bengal,2021-06-04
2475,Female,54,Chennai,Tamil Nadu,2021-08-18
2476,Male,55,Lucknow,Uttar Pradesh,2024-08-16
2477,Male,54,Mumbai,Maharashtra,2021-06-07
2478,Male,36,Jaipur,Rajasthan,2025-08-24
2479,Male,31,Mumbai,Maharashtra,2023-07-12
2480,Male,53,Jaipur,Rajasthan,2024-06-24
2481,Female,54,Bengaluru,Karnataka,2022-07-22
2482,Female,28,Lucknow,Uttar Pradesh,2024-03-20
2483,Male,44,Surat,Gujarat,2021-10-26
2484,Male,19,Pune,Maharashtra,2023-12-14
2485,Female,39,Hyderabad,Telangana,2024-05-31
2486,Male,19,Surat,Gujarat,2023-02-05
2487,Male,37,Hyderabad,Telangana,2025-05-23
2488,Male,61,Lucknow,Uttar Pradesh,2022-07-19
2489,Male,65,Chennai,Tamil Nadu,2022-04-12
2490,Female,34,Delhi,Delhi,2025-11-16
2491,Female,21,Bengaluru,Karnataka,2022-05-01
2492,Male,31,Pune,Maharashtra,2025-04-25
2493,Male,24,Jaipur,Rajasthan,2022-03-20
2494,Male,32,Delhi,Delhi,2023-06-24
2495,Male,47,Hyderabad,Telangana,2023-05-13
2496,Other,33,Hyderabad,Telangana,2024-03-07
2497,Female,57,Chennai,Tamil Nadu,2025-12-07
2498,Female,19,Lucknow,Uttar Pradesh,2023-07-15
2499,Female,36,Surat,Gujarat,2025-08-01
2500,Female,18,Delhi,Delhi,2021-10-19
2501,Female,48,Lucknow,Uttar Pradesh,2024-05-18
2502,Male,21,Jaipur,Rajasthan,2025-09-04
2503,Male,44,Chennai,Tamil Nadu,2025-09-17
2504,Female,42,Surat,Gujarat,2023-01-22
2505,Male,39,Pune,Maharashtra,2024-05-19
2506,Other,60,Mumbai,Maharashtra,2023-05-25
2507,Female,27,Lucknow,Uttar Pradesh,2022-10-25
2508,Female,50,Delhi,Delhi,2024-11-12
2509,Male,65,Lucknow,Uttar Pradesh,2024-11-20
2510,Female,61,Indore,Madhya Pradesh,2024-02-22
2511,Male,47,Mumbai,Maharashtra,2025-05-04
2512,Other,47,Indore,Madhya Pradesh,2023-07-09
2513,Male,33,Hyderabad,Telangana,2023-06-28
2514,Female,26,Hyderabad,Telangana,2021-05-04
2515,Female,34,Ahmedabad,Gujarat,2021-03-09
2516,Male,52,Indore,Madhya Pradesh,2022-04-20
2517,Male,64,Mumbai,Maharashtra,2021-12-24
2518,Other,32,Hyderabad,Telangana,2025-11-02
2519,Male,65,Ahmedabad,Gujarat,2025-01-19
2520,Female,45,Kolkata,West Bengal,2024-10-01
2521,Male,37,Kolkata,West Bengal,2022-06-05
2522,Female,50,Mumbai,Maharashtra,2025-12-07
2523,Female,50,Bengaluru,Karnataka,2025-07-19
2524,Male,53,Delhi,Delhi,2023-04-13
2525,Male,30,Jaipur,Rajasthan,2022-09-16
2526,Female,21,Bengaluru,Karnataka,2025-03-02
2527,Male,40,Pune,Maharashtra,2024-09-13
2528,Male,25,Surat,Gujarat,2024-09-15
2529,Female,30,Mumbai,Maharashtra,2025-05-09
2530,Male,41,Surat,Gujarat,2022-03-03
2531,Male,57,Ahmedabad,Gujarat,2023-10-06
2532,Female,63,Lucknow,Uttar Pradesh,2022-03-19
2533,Male,47,Bengaluru,Karnataka,2022-08-24
2534,Male,47,Mumbai,Maharashtra,2024-01-24
2535,Male,42,Kolkata,West Bengal,2023-02-01
2536,Female,50,Lucknow,Uttar Pradesh,2023-08-13
2537,Female,26,Kolkata,West Bengal,2025-01-14
2538,Female,43,Pune,Maharashtra,2024-09-02
2539,Male,41,Kolkata,West Bengal,2022-05-02
2540,Male,50,Jaipur,Rajasthan,2025-08-29
2541,Male,56,Ahmedabad,Gujarat,2023-01-09
2542,Male,42,Jaipur,Rajasthan,2022-10-10
2543,Female,62,Lucknow,Uttar Pradesh,2023-06-15
2544,Male,32,Ahmedabad,Gujarat,2025-05-20
2545,Male,58,Mumbai,Maharashtra,2021-01-05
2546,Male,65,Hyderabad,Telangana,2022-09-24
2547,Female,58,Mumbai,Maharashtra,2024-10-26
2548,Female,23,Delhi,Delhi,2025-10-21
2549,Female,37,Delhi,Delhi,2023-05-27
2550,Female,61,Mumbai,Maharashtra,2023-09-13
2551,Male,33,Delhi,Delhi,2025-04-28
2552,Male,38,Mumbai,Maharashtra,2024-04-26
2553,Male,32,Jaipur,Rajasthan,2021-01-26
2554,Female,56,Surat,Gujarat,2025-12-08
2555,Female,59,Mumbai,Maharashtra,2021-06-11
2556,Female,21,Surat,Gujarat,2023-01-15
2557,Female,41,Hyderabad,Telangana,2024-02-28
2558,Female,20,Bengaluru,Karnataka,2022-06-17
2559,Female,18,Mumbai,Maharashtra,2023-06-02
2560,Female,47,Hyderabad,Telangana,2022-02-14
2561,Female,30,Jaipur,Rajasthan,2025-07-22
2562,Male,35,Kolkata,West Bengal,2025-05-31
2563,Female,57,Mumbai,Maharashtra,2024-01-02
2564,Female,28,Mumbai,Maharashtra,2024-06-10
2565,Male,59,Delhi,Delhi,2023-05-05
2566,Female,46,Bengaluru,Karnataka,2024-02-04
2567,Female,21,Bengaluru,Karnataka,2023-06-20
2568,Male,42,Bengaluru,Karnataka,2021-01-09
2569,Female,53,Jaipur,Rajasthan,2025-07-13
2570,Male,53,Indore,Madhya Pradesh,2021-02-19
2571,Female,61,Delhi,Delhi,2025-03-26
2572,Female,57,Indore,Madhya Pradesh,2025-07-07
2573,Male,45,Bengaluru,Karnataka,2022-03-18
2574,Male,62,Hyderabad,Telangana,2025-12-07
2575,Female,25,Bengaluru,Karnataka,2025-06-02
2576,Male,38,Ahmedabad,Gujarat,2021-02-05
2577,Male,52,Surat,Gujarat,2024-05-10
2578,Female,61,Chennai,Tamil Nadu,2021-04-28
2579,Male,35,Delhi,Delhi,2022-12-03
2580,Male,64,Ahmedabad,Gujarat,2023-01-24
2581,Female,42,Mumbai,Maharashtra,2024-04-07
2582,Female,63,Indore,Madhya Pradesh,2025-03-16
2583,Female,58,Hyderabad,Telangana,2021-08-18
2584,Female,22,Hyderabad,Telangana,2022-07-14
2585,Male,64,Chennai,Tamil Nadu,2024-03-19
2586,Male,25,Ahmedabad,Gujarat,2021-07-27
2587,Male,40,Mumbai,Maharashtra,2023-12-21
2588,Female,20,Ahmedabad,Gujarat,2024-02-15
2589,Female,61,Bengaluru,Karnataka,2021-08-27
2590,Female,54,Kolkata,West Bengal,2023-05-17
2591,Female,48,Lucknow,Uttar Pradesh,2021-02-17
2592,Female,46,Jaipur,Rajasthan,2025-01-11
2593,Male,58,Chennai,Tamil Nadu,2023-01-27
2594,Male,37,Hyderabad,Telangana,2025-01-31
2595,Male,20,Pune,Maharashtra,2024-08-09
2596,Male,40,Jaipur,Rajasthan,2024-12-19
2597,Female,57,Bengaluru,Karnataka,2022-06-01
2598,Male,38,Hyderabad,Telangana,2025-06-24
2599,Female,30,Bengaluru,Karnataka,2021-07-24
2600,Female,25,Mumbai,Maharashtra,2024-04-18
2601,Male,22,Ahmedabad,Gujarat,2025-04-02
2602,Male,42,Mumbai,Maharashtra,2021-03-31
2603,Male,56,Kolkata,West Bengal,2022-05-15
2604,Male,54,Bengaluru,Karnataka,2024-02-06
2605,Female,58,Mumbai,Maharashtra,2024-04-28
2606,Male,22,Hyderabad,Telangana,2024-04-18
2607,Female,25,Mumbai,Maharashtra,2025-11-20
2608,Female,61,Bengaluru,Karnataka,2025-11-22
2609,Female,21,Kolkata,West Bengal,2023-11-10
2610,Female,58,Mumbai,Maharashtra,2024-10-14
2611,Male,39,Lucknow,Uttar Pradesh,2025-06-21
2612,Male,31,Mumbai,Maharashtra,2025-10-24
2613,Male,36,Bengaluru,Karnataka,2025-08-07
2614,Male,30,Kolkata,West Bengal,2021-01-07
2615,Female,52,Bengaluru,Karnataka,2021-11-18
2616,Female,21,Mumbai,Maharashtra,2021-09-25
2617,Male,50,Delhi,Delhi,2024-12-21
2618,Male,39,Bengaluru,Karnataka,2021-10-23
2619,Male,18,Lucknow,Uttar Pradesh,2025-03-17
2620,Female,28,Bengaluru,Karnataka,2022-07-24
2621,Female,33,Jaipur,Rajasthan,2024-11-11
2622,Female,21,Indore,Madhya Pradesh,2021-09-21
2623,Female,46,Delhi,Delhi,2021-03-31
2624,Male,56,Indore,Madhya Pradesh,2025-02-20
2625,Male,61,Delhi,Delhi,2025-05-30
2626,Male,55,Surat,Gujarat,2023-05-03
2627,Male,41,Mumbai,Maharashtra,2024-07-08
2628,Female,26,Ahmedabad,Gujarat,2022-05-03
2629,Female,25,Hyderabad,Telangana,2025-12-23
2630,Female,31,Delhi,Delhi,2024-09-26
2631,Female,32,Ahmedabad,Gujarat,2024-09-14
2632,Male,39,Kolkata,West Bengal,2022-02-05
2633,Male,54,Mumbai,Maharashtra,2021-12-23
2634,Female,32,Pune,Maharashtra,2023-01-25
2635,Female,23,Kolkata,West Bengal,2022-05-14
2636,Male,18,Ahmedabad,Gujarat,2023-04-14
2637,Female,37,Surat,Gujarat,2022-03-11
2638,Female,58,Jaipur,Rajasthan,2021-04-29
2639,Male,53,Surat,Gujarat,2023-12-07
2640,Female,19,Kolkata,West Bengal,2024-04-06
2641,Male,23,Bengaluru,Karnataka,2023-10-20
2642,Female,19,Mumbai,Maharashtra,2021-12-14
2643,Female,20,Jaipur,Rajasthan,2025-03-08
2644,Other,24,Ahmedabad,Gujarat,2022-06-23
2645,Male,37,Mumbai,Maharashtra,2024-08-12
2646,Male,58,Delhi,Delhi,2025-03-17
2647,Male,58,Surat,Gujarat,2024-04-12
2648,Male,22,Hyderabad,Telangana,2024-11-19
2649,Female,42,Delhi,Delhi,2025-08-30
2650,Female,55,Hyderabad,Telangana,2022-06-14
2651,Male,35,Pune,Maharashtra,2025-06-15
2652,Male,18,Delhi,Delhi,2021-10-30
2653,Male,42,Delhi,Delhi,2021-07-21
2654,Male,34,Mumbai,Maharashtra,2025-04-06
2655,Male,63,Jaipur,Rajasthan,2021-06-05
2656,Male,32,Delhi,Delhi,2021-01-14
2657,Female,22,Lucknow,Uttar Pradesh,2023-11-10
2658,Male,34,Lucknow,Uttar Pradesh,2023-01-26
2659,Female,38,Pune,Maharashtra,2023-06-08
2660,Female,40,Ahmedabad,Gujarat,2025-01-20
2661,Male,60,Hyderabad,Telangana,2024-04-11
2662,Female,27,Indore,Madhya Pradesh,2022-03-21
2663,Female,34,Pune,Maharashtra,2021-05-02
2664,Female,18,Ahmedabad,Gujarat,2025-03-01
2665,Male,54,Chennai,Tamil Nadu,2021-07-03
2666,Male,65,Bengaluru,Karnataka,2025-05-23
2667,Female,24,Mumbai,Maharashtra,2022-11-02
2668,Female,29,Ahmedabad,Gujarat,2021-02-18
2669,Male,57,Kolkata,West Bengal,2021-06-30
2670,Male,18,Bengaluru,Karnataka,2024-11-18
2671,Male,37,Ahmedabad,Gujarat,2024-11-17
2672,Male,61,Delhi,Delhi,2024-10-03
2673,Female,48,Kolkata,West Bengal,2025-02-08
2674,Male,21,Pune,Maharashtra,2021-05-21
2675,Male,43,Indore,Madhya Pradesh,2022-06-14
2676,Female,29,Bengaluru,Karnataka,2025-08-03
2677,Male,39,Delhi,Delhi,2022-08-07
2678,Female,18,Mumbai,Maharashtra,2022-04-16
2679,Female,18,Mumbai,Maharashtra,2025-11-13
2680,Male,20,Hyderabad,Telangana,2025-12-02
2681,Female,29,Bengaluru,Karnataka,2024-07-10
2682,Female,38,Lucknow,Uttar Pradesh,2021-05-23
2683,Male,30,Mumbai,Maharashtra,2022-12-08
2684,Male,30,Delhi,Delhi,2024-03-15
2685,Female,58,Bengaluru,Karnataka,2021-10-21
2686,Female,35,Mumbai,Maharashtra,2025-04-11
2687,Female,50,Mumbai,Maharashtra,2025-03-13
2688,Male,23,Delhi,Delhi,2022-02-26
2689,Female,42,Hyderabad,Telangana,2025-05-14
2690,Male,40,Delhi,Delhi,2022-07-18
2691,Female,41,Chennai,Tamil Nadu,2022-02-21
2692,Female,54,Chennai,Tamil Nadu,2022-10-23
2693,Female,43,Mumbai,Maharashtra,2023-07-02
2694,Female,21,Hyderabad,Telangana,2024-02-05
2695,Female,55,Surat,Gujarat,2024-09-03
2696,Female,52,Hyderabad,Telangana,2021-02-28
2697,Male,28,Ahmedabad,Gujarat,2023-10-13
2698,Female,53,Bengaluru,Karnataka,2021-09-15
2699,Female,42,Jaipur,Rajasthan,2023-03-04
2700,Male,37,Jaipur,Rajasthan,2024-12-19
2701,Male,18,Hyderabad,Telangana,2022-06-15
2702,Male,47,Surat,Gujarat,2021-06-15
2703,Female,21,Mumbai,Maharashtra,2023-11-15
2704,Female,40,Mumbai,Maharashtra,2021-01-04
2705,Male,52,Jaipur,Rajasthan,2021-01-03
2706,Female,59,Jaipur,Rajasthan,2022-02-22
2707,Male,39,Mumbai,Maharashtra,2021-12-28
2708,Female,48,Bengaluru,Karnataka,2023-06-25
2709,Male,18,Mumbai,Maharashtra,2022-01-04
2710,Male,21,Bengaluru,Karnataka,2022-06-23
2711,Male,36,Jaipur,Rajasthan,2023-05-30
2712,Male,47,Hyderabad,Telangana,2021-12-12
2713,Female,18,Delhi,Delhi,2023-01-01
2714,Female,65,Delhi,Delhi,2023-06-16
2715,Male,36,Mumbai,Maharashtra,2023-12-04
2716,Male,38,Bengaluru,Karnataka,2022-12-25
2717,Male,39,Ahmedabad,Gujarat,2022-07-18
2718,Female,19,Surat,Gujarat,2024-03-22
2719,Female,23,Lucknow,Uttar Pradesh,2021-07-21
2720,Male,38,Mumbai,Maharashtra,2021-11-17
2721,Female,50,Indore,Madhya Pradesh,2022-04-09
2722,Male,36,Jaipur,Rajasthan,2023-11-01
2723,Female,44,Jaipur,Rajasthan,2025-05-23
2724,Female,54,Hyderabad,Telangana,2024-06-04
2725,Female,46,Delhi,Delhi,2022-09-25
2726,Female,45,Bengaluru,Karnataka,2021-11-29
2727,Female,51,Mumbai,Maharashtra,2025-02-01
2728,Female,18,Bengaluru,Karnataka,2021-01-15
2729,Female,65,Bengaluru,Karnataka,2023-12-17
2730,Male,42,Hyderabad,Telangana,2024-09-15
2731,Male,38,Kolkata,West Bengal,2023-12-24
2732,Male,51,Hyderabad,Telangana,2021-08-18
2733,Female,43,Mumbai,Maharashtra,2021-01-11
2734,Male,53,Surat,Gujarat,2025-07-15
2735,Male,52,Surat,Gujarat,2024-06-01
2736,Male,40,Jaipur,Rajasthan,2025-10-27
2737,Male,34,Surat,Gujarat,2025-07-19
2738,Female,64,Chennai,Tamil Nadu,2025-08-11
2739,Female,59,Surat,Gujarat,2025-10-30
2740,Female,29,Mumbai,Maharashtra,2022-06-26
2741,Female,61,Delhi,Delhi,2025-03-10
2742,Female,37,Bengaluru,Karnataka,2022-06-06
2743,Male,56,Pune,Maharashtra,2023-12-14
2744,Male,44,Pune,Maharashtra,2025-09-18
2745,Female,59,Ahmedabad,Gujarat,2025-10-09
2746,Male,54,Jaipur,Rajasthan,2023-02-06
2747,Male,37,Chennai,Tamil Nadu,2024-03-26
2748,Female,28,Pune,Maharashtra,2022-10-03
2749,Male,45,Jaipur,Rajasthan,2022-07-24
2750,Male,19,Ahmedabad,Gujarat,2022-02-09
2751,Male,41,Delhi,Delhi,2024-11-23
2752,Male,33,Ahmedabad,Gujarat,2022-12-08
2753,Male,29,Bengaluru,Karnataka,2023-07-18
2754,Male,33,Delhi,Delhi,2024-11-27
2755,Female,53,Indore,Madhya Pradesh,2025-05-31
2756,Female,19,Bengaluru,Karnataka,2024-01-18
2757,Male,42,Hyderabad,Telangana,2022-08-16
2758,Female,46,Indore,Madhya Pradesh,2021-07-05
2759,Male,45,Kolkata,West Bengal,2025-12-09
2760,Male,27,Mumbai,Maharashtra,2023-06-14
2761,Male,62,Pune,Maharashtra,2021-03-20
2762,Female,40,Mumbai,Maharashtra,2021-05-25
2763,Male,49,Ahmedabad,Gujarat,2025-07-23
2764,Female,48,Hyderabad,Telangana,2021-01-14
2765,Female,36,Mumbai,Maharashtra,2025-07-13
2766,Female,32,Surat,Gujarat,2021-01-02
2767,Female,50,Hyderabad,Telangana,2022-05-31
2768,Female,34,Bengaluru,Karnataka,2023-01-26
2769,Male,53,Hyderabad,Telangana,2021-03-07
2770,Male,37,Ahmedabad,Gujarat,2021-09-03
2771,Female,26,Mumbai,Maharashtra,2025-06-14
2772,Female,55,Bengaluru,Karnataka,2024-12-24
2773,Male,20,Jaipur,Rajasthan,2025-09-10
2774,Male,19,Hyderabad,Telangana,2022-07-26
2775,Male,35,Chennai,Tamil Nadu,2024-06-09
2776,Male,40,Delhi,Delhi,2022-03-12
2777,Male,36,Mumbai,Maharashtra,2021-12-19
2778,Female,24,Pune,Maharashtra,2025-09-08
2779,Female,52,Hyderabad,Telangana,2022-11-10
2780,Male,37,Pune,Maharashtra,2022-01-18
2781,Female,37,Mumbai,Maharashtra,2025-09-30
2782,Female,36,Lucknow,Uttar Pradesh,2023-12-20
2783,Male,58,Surat,Gujarat,2022-04-15
2784,Male,33,Jaipur,Rajasthan,2024-12-05
2785,Female,55,Lucknow,Uttar Pradesh,2024-01-12
2786,Female,38,Bengaluru,Karnataka,2021-03-15
2787,Male,46,Surat,Gujarat,2024-08-27
2788,Other,61,Pune,Maharashtra,2025-01-17
2789,Male,55,Surat,Gujarat,2021-01-26
2790,Male,62,Surat,Gujarat,2024-12-20
2791,Male,41,Kolkata,West Bengal,2024-11-01
2792,Male,54,Surat,Gujarat,2024-06-20
2793,Female,46,Chennai,Tamil Nadu,2023-04-15
2794,Female,48,Bengaluru,Karnataka,2022-09-20
2795,Male,62,Delhi,Delhi,2024-09-08
2796,Female,56,Chennai,Tamil Nadu,2024-04-18
2797,Female,29,Mumbai,Maharashtra,2023-02-13
2798,Male,47,Ahmedabad,Gujarat,2023-10-06
2799,Female,21,Surat,Gujarat,2025-07-08
2800,Male,47,Pune,Maharashtra,2021-09-23
2801,Female,22,Jaipur,Rajasthan,2022-07-04
2802,Male,33,Indore,Madhya Pradesh,2024-11-04
2803,Female,44,Surat,Gujarat,2021-03-18
2804,Male,21,Surat,Gujarat,2025-06-26
2805,Female,25,Hyderabad,Telangana,2025-03-28
2806,Female,65,Surat,Gujarat,2023-12-09
2807,Male,25,Kolkata,West Bengal,2023-10-11
2808,Male,34,Pune,Maharashtra,2024-07-01
2809,Male,63,Hyderabad,Telangana,2024-11-04
2810,Female,61,Kolkata,West Bengal,2024-06-26
2811,Male,20,Bengaluru,Karnataka,2024-01-01
2812,Female,44,Ahmedabad,Gujarat,2022-03-23
2813,Male,51,Ahmedabad,Gujarat,2022-05-21
2814,Male,62,Pune,Maharashtra,2025-09-29
2815,Male,38,Chennai,Tamil Nadu,2024-06-30
2816,Male,60,Jaipur,Rajasthan,2023-09-23
2817,Female,41,Hyderabad,Telangana,2023-05-20
2818,Female,61,Mumbai,Maharashtra,2021-10-26
2819,Male,58,Mumbai,Maharashtra,2023-01-04
2820,Female,46,Delhi,Delhi,2023-12-20
2821,Male,56,Indore,Madhya Pradesh,2024-10-12
2822,Female,23,Bengaluru,Karnataka,2021-06-06
2823,Male,31,Ahmedabad,Gujarat,2021-12-08
2824,Female,31,Bengaluru,Karnataka,2023-09-01
2825,Female,54,Bengaluru,Karnataka,2023-06-13
2826,Male,41,Lucknow,Uttar Pradesh,2024-05-10
2827,Female,30,Kolkata,West Bengal,2025-12-08
2828,Male,18,Mumbai,Maharashtra,2023-11-25
2829,Male,29,Delhi,Delhi,2025-11-26
2830,Male,59,Mumbai,Maharashtra,2025-04-08
2831,Male,41,Hyderabad,Telangana,2025-01-19
2832,Male,54,Ahmedabad,Gujarat,2023-07-06
2833,Male,37,Mumbai,Maharashtra,2024-04-03
2834,Male,23,Bengaluru,Karnataka,2023-11-18
2835,Male,29,Delhi,Delhi,2024-10-27
2836,Female,38,Indore,Madhya Pradesh,2021-11-10
2837,Female,20,Surat,Gujarat,2025-05-08
2838,Male,44,Mumbai,Maharashtra,2024-07-31
2839,Male,63,Jaipur,Rajasthan,2024-08-14
2840,Male,53,Delhi,Delhi,2022-04-20
2841,Female,34,Delhi,Delhi,2022-08-20
2842,Female,63,Kolkata,West Bengal,2024-10-04
2843,Male,32,Indore,Madhya Pradesh,2022-09-28
2844,Male,56,Surat,Gujarat,2022-03-21
2845,Male,21,Chennai,Tamil Nadu,2024-05-15
2846,Male,34,Delhi,Delhi,2022-02-21
2847,Female,55,Jaipur,Rajasthan,2022-03-15
2848,Female,28,Bengaluru,Karnataka,2021-06-14
2849,Male,29,Chennai,Tamil Nadu,2025-05-02
2850,Female,64,Delhi,Delhi,2022-02-24
2851,Male,49,Ahmedabad,Gujarat,2024-10-26
2852,Male,44,Bengaluru,Karnataka,2025-08-19
2853,Female,61,Pune,Maharashtra,2024-07-13
2854,Female,60,Indore,Madhya Pradesh,2024-07-26
2855,Male,44,Mumbai,Maharashtra,2023-09-15
2856,Male,57,Hyderabad,Telangana,2022-04-27
2857,Female,61,Bengaluru,Karnataka,2022-06-01
2858,Female,46,Mumbai,Maharashtra,2021-03-23
2859,Male,26,Mumbai,Maharashtra,2021-04-29
2860,Male,60,Pune,Maharashtra,2025-12-03
2861,Male,20,Lucknow,Uttar Pradesh,2025-07-19
2862,Female,56,Bengaluru,Karnataka,2024-08-19
2863,Female,46,Surat,Gujarat,2024-05-23
2864,Male,38,Chennai,Tamil Nadu,2021-01-28
2865,Female,52,Delhi,Delhi,2023-02-20
2866,Female,65,Chennai,Tamil Nadu,2022-05-13
2867,Male,27,Hyderabad,Telangana,2022-06-21
2868,Male,40,Kolkata,West Bengal,2022-06-03
2869,Female,56,Bengaluru,Karnataka,2021-07-13
2870,Female,42,Delhi,Delhi,2022-08-15
2871,Female,41,Indore,Madhya Pradesh,2022-03-18
2872,Female,37,Surat,Gujarat,2023-11-26
2873,Male,32,Indore,Madhya Pradesh,2021-09-15
2874,Male,38,Delhi,Delhi,2021-04-23
2875,Female,59,Jaipur,Rajasthan,2024-08-10
2876,Male,29,Hyderabad,Telangana,2025-10-04
2877,Female,35,Hyderabad,Telangana,2021-01-14
2878,Female,40,Pune,Maharashtra,2025-08-18
2879,Female,58,Chennai,Tamil Nadu,2023-06-30
2880,Male,46,Pune,Maharashtra,2025-06-09
2881,Female,58,Bengaluru,Karnataka,2021-05-20
2882,Female,53,Lucknow,Uttar Pradesh,2024-10-26
2883,Female,22,Pune,Maharashtra,2024-12-21
2884,Male,56,Mumbai,Maharashtra,2024-01-26
2885,Male,43,Mumbai,Maharashtra,2022-11-28
2886,Male,56,Surat,Gujarat,2025-02-20
2887,Male,28,Hyderabad,Telangana,2024-09-27
2888,Male,59,Delhi,Delhi,2023-05-20
2889,Female,28,Jaipur,Rajasthan,2025-02-24
2890,Female,35,Lucknow,Uttar Pradesh,2025-03-04
2891,Female,29,Bengaluru,Karnataka,2024-12-26
2892,Female,33,Kolkata,West Bengal,2021-07-08
2893,Male,44,Jaipur,Rajasthan,2021-03-23
2894,Female,53,Ahmedabad,Gujarat,2024-04-18
2895,Male,34,Pune,Maharashtra,2023-08-16
2896,Male,38,Lucknow,Uttar Pradesh,2023-06-17
2897,Female,54,Chennai,Tamil Nadu,2023-08-25
2898,Female,48,Bengaluru,Karnataka,2024-12-09
2899,Female,62,Delhi,Delhi,2024-02-03
2900,Male,52,Mumbai,Maharashtra,2022-01-16
2901,Female,44,Mumbai,Maharashtra,2022-12-23
2902,Male,40,Jaipur,Rajasthan,2021-11-25
2903,Male,49,Mumbai,Maharashtra,2024-06-26
2904,Female,34,Delhi,Delhi,2021-03-13
2905,Female,28,Hyderabad,Telangana,2025-08-24
2906,Female,18,Mumbai,Maharashtra,2021-05-13
2907,Female,45,Surat,Gujarat,2024-06-17
2908,Female,35,Bengaluru,Karnataka,2024-01-07
2909,Female,58,Bengaluru,Karnataka,2022-07-24
2910,Female,37,Bengaluru,Karnataka,2022-04-06
2911,Female,24,Bengaluru,Karnataka,2021-05-05
2912,Female,54,Mumbai,Maharashtra,2023-11-01
2913,Other,33,Kolkata,West Bengal,2025-01-31
2914,Male,56,Surat,Gujarat,2024-12-01
2915,Female,62,Bengaluru,Karnataka,2023-07-30
2916,Female,62,Ahmedabad,Gujarat,2021-01-27
2917,Male,64,Kolkata,West Bengal,2021-07-26
2918,Female,40,Lucknow,Uttar Pradesh,2024-05-30
2919,Male,49,Delhi,Delhi,2021-11-08
2920,Female,34,Bengaluru,Karnataka,2022-01-17
2921,Female,36,Bengaluru,Karnataka,2025-11-21
2922,Male,59,Kolkata,West Bengal,2024-08-31
2923,Male,51,Jaipur,Rajasthan,2024-05-16
2924,Female,31,Pune,Maharashtra,2025-07-03
2925,Male,20,Delhi,Delhi,2021-10-23
2926,Male,56,Indore,Madhya Pradesh,2022-02-06
2927,Male,42,Jaipur,Rajasthan,2024-12-29
2928,Female,28,Surat,Gujarat,2025-05-16
2929,Female,32,Kolkata,West Bengal,2021-05-02
2930,Female,36,Delhi,Delhi,2023-01-21
2931,Male,60,Chennai,Tamil Nadu,2021-04-16
2932,Female,32,Ahmedabad,Gujarat,2023-03-02
2933,Female,32,Mumbai,Maharashtra,2023-11-26
2934,Male,55,Chennai,Tamil Nadu,2025-04-23
2935,Female,32,Kolkata,West Bengal,2021-03-13
2936,Female,26,Pune,Maharashtra,2022-07-22
2937,Female,22,Jaipur,Rajasthan,2024-04-05
2938,Male,36,Chennai,Tamil Nadu,2024-05-29
2939,Male,41,Surat,Gujarat,2021-03-17
2940,Male,46,Mumbai,Maharashtra,2022-12-23
2941,Male,22,Bengaluru,Karnataka,2023-10-07
2942,Female,39,Chennai,Tamil Nadu,2024-05-19
2943,Male,30,Bengaluru,Karnataka,2021-08-16
2944,Female,64,Kolkata,West Bengal,2025-10-27
2945,Male,63,Kolkata,West Bengal,2022-03-29
2946,Male,46,Mumbai,Maharashtra,2023-02-05
2947,Female,33,Hyderabad,Telangana,2022-05-02
2948,Male,53,Hyderabad,Telangana,2022-10-30
2949,Female,34,Delhi,Delhi,2025-02-06
2950,Male,37,Indore,Madhya Pradesh,2025-08-12
2951,Male,31,Lucknow,Uttar Pradesh,2023-04-10
2952,Female,23,Kolkata,West Bengal,2023-03-02
2953,Female,39,Kolkata,West Bengal,2023-08-29
2954,Male,57,Hyderabad,Telangana,2022-05-05
2955,Male,26,Indore,Madhya Pradesh,2022-01-11
2956,Female,49,Kolkata,West Bengal,2021-08-19
2957,Female,41,Kolkata,West Bengal,2022-12-03
2958,Female,50,Lucknow,Uttar Pradesh,2024-06-02
2959,Male,30,Bengaluru,Karnataka,2022-04-20
2960,Other,52,Jaipur,Rajasthan,2025-05-20
2961,Male,23,Pune,Maharashtra,2025-07-02
2962,Male,57,Delhi,Delhi,2024-01-09
2963,Female,47,Bengaluru,Karnataka,2025-07-27
2964,Male,55,Surat,Gujarat,2025-09-06
2965,Male,33,Lucknow,Uttar Pradesh,2025-05-19
2966,Male,18,Kolkata,West Bengal,2024-05-18
2967,Male,59,Kolkata,West Bengal,2024-08-13
2968,Female,35,Chennai,Tamil Nadu,2025-06-22
2969,Female,39,Surat,Gujarat,2024-04-10
2970,Male,43,Hyderabad,Telangana,2024-01-18
2971,Female,31,Delhi,Delhi,2021-08-14
2972,Female,54,Pune,Maharashtra,2021-05-23
2973,Female,31,Jaipur,Rajasthan,2022-12-09
2974,Male,43,Kolkata,West Bengal,2025-09-11
2975,Other,53,Delhi,Delhi,2021-02-23
2976,Female,40,Mumbai,Maharashtra,2021-07-15
2977,Male,19,Lucknow,Uttar Pradesh,2025-10-19
2978,Male,56,Mumbai,Maharashtra,2025-02-21
2979,Male,24,Kolkata,West Bengal,2023-04-25
2980,Female,56,Surat,Gujarat,2021-10-25
2981,Male,62,Delhi,Delhi,2024-12-24
2982,Female,39,Bengaluru,Karnataka,2022-06-21
2983,Male,45,Kolkata,West Bengal,2022-08-02
2984,Female,55,Jaipur,Rajasthan,2025-08-26
2985,Male,37,Chennai,Tamil Nadu,2022-05-15
2986,Female,35,Surat,Gujarat,2022-09-16
2987,Female,41,Mumbai,Maharashtra,2023-04-21
2988,Male,50,Hyderabad,Telangana,2021-07-25
2989,Male,62,Kolkata,West Bengal,2023-05-30
2990,Male,43,Lucknow,Uttar Pradesh,2024-03-06
2991,Female,36,Pune,Maharashtra,2022-02-12
2992,Female,65,Jaipur,Rajasthan,2021-10-06
2993,Male,59,Chennai,Tamil Nadu,2025-01-08
2994,Male,30,Delhi,Delhi,2022-11-08
2995,Male,27,Mumbai,Maharashtra,2023-07-30
2996,Female,31,Lucknow,Uttar Pradesh,2021-09-28
2997,Female,26,Pune,Maharashtra,2022-03-17
2998,Female,28,Bengaluru,Karnataka,2024-06-05
2999,Male,20,Bengaluru,Karnataka,2021-05-07
3000,Male,57,Lucknow,Uttar Pradesh,2024-07-17
3001,Female,29,Ahmedabad,Gujarat,2025-11-19
3002,Male,52,Jaipur,Rajasthan,2022-05-02
3003,Female,56,Bengaluru,Karnataka,2022-07-02
3004,Male,63,Ahmedabad,Gujarat,2024-03-24
3005,Male,56,Chennai,Tamil Nadu,2025-08-08
3006,Female,49,Lucknow,Uttar Pradesh,2023-09-13
3007,Other,56,Indore,Madhya Pradesh,2023-07-26
3008,Female,31,Mumbai,Maharashtra,2023-02-11
3009,Male,61,Ahmedabad,Gujarat,2021-01-19
3010,Male,18,Mumbai,Maharashtra,2022-03-01
3011,Female,44,Chennai,Tamil Nadu,2023-07-25
3012,Female,54,Bengaluru,Karnataka,2021-02-27
3013,Female,60,Bengaluru,Karnataka,2022-02-27
3014,Male,18,Delhi,Delhi,2025-12-04
3015,Female,62,Ahmedabad,Gujarat,2025-04-21
3016,Female,46,Bengaluru,Karnataka,2025-10-13
3017,Female,41,Kolkata,West Bengal,2023-04-24
3018,Female,34,Delhi,Delhi,2025-08-11
3019,Male,52,Mumbai,Maharashtra,2024-01-31
3020,Female,48,Jaipur,Rajasthan,2024-01-05
3021,Female,59,Bengaluru,Karnataka,2025-05-23
3022,Female,49,Delhi,Delhi,2021-03-07
3023,Female,36,Ahmedabad,Gujarat,2023-03-26
3024,Female,48,Bengaluru,Karnataka,2025-10-24
3025,Female,56,Mumbai,Maharashtra,2024-03-20
3026,Male,37,Delhi,Delhi,2023-06-21
3027,Male,45,Surat,Gujarat,2025-12-15
3028,Male,20,Ahmedabad,Gujarat,2022-03-13
3029,Male,49,Ahmedabad,Gujarat,2023-03-01
3030,Male,39,Ahmedabad,Gujarat,2023-12-28
3031,Male,61,Pune,Maharashtra,2021-08-23
3032,Male,59,Delhi,Delhi,2025-10-05
3033,Male,61,Kolkata,West Bengal,2025-11-04
3034,Male,32,Mumbai,Maharashtra,2022-11-06
3035,Male,55,Bengaluru,Karnataka,2021-04-08
3036,Female,36,Bengaluru,Karnataka,2023-10-30
3037,Female,48,Delhi,Delhi,2023-07-16
3038,Male,43,Surat,Gujarat,2025-03-08
3039,Female,22,Mumbai,Maharashtra,2023-01-31
3040,Female,37,Hyderabad,Telangana,2025-02-22
3041,Male,19,Pune,Maharashtra,2022-03-03
3042,Female,38,Surat,Gujarat,2021-08-15
3043,Female,53,Mumbai,Maharashtra,2025-11-12
3044,Female,45,Delhi,Delhi,2025-05-30
3045,Male,37,Kolkata,West Bengal,2021-01-17
3046,Female,54,Kolkata,West Bengal,2022-07-17
3047,Male,56,Delhi,Delhi,2021-08-16
3048,Female,53,Delhi,Delhi,2022-12-07
3049,Other,28,Delhi,Delhi,2025-12-21
3050,Female,20,Bengaluru,Karnataka,2024-06-15
3051,Female,54,Pune,Maharashtra,2024-11-05
3052,Male,37,Hyderabad,Telangana,2025-12-12
3053,Other,49,Bengaluru,Karnataka,2024-11-11
3054,Female,64,Bengaluru,Karnataka,2022-10-31
3055,Male,42,Ahmedabad,Gujarat,2021-09-11
3056,Female,38,Surat,Gujarat,2024-08-24
3057,Male,33,Chennai,Tamil Nadu,2024-08-30
3058,Male,65,Mumbai,Maharashtra,2024-08-17
3059,Female,59,Mumbai,Maharashtra,2021-04-28
3060,Male,18,Surat,Gujarat,2021-02-19
3061,Female,40,Bengaluru,Karnataka,2025-12-19
3062,Male,60,Mumbai,Maharashtra,2025-05-07
3063,Male,41,Chennai,Tamil Nadu,2024-04-19
3064,Female,64,Ahmedabad,Gujarat,2022-06-27
3065,Male,42,Ahmedabad,Gujarat,2021-11-23
3066,Female,24,Bengaluru,Karnataka,2025-03-07
3067,Female,55,Mumbai,Maharashtra,2025-02-28
3068,Female,64,Surat,Gujarat,2023-08-02
3069,Female,64,Bengaluru,Karnataka,2024-06-23
3070,Female,56,Ahmedabad,Gujarat,2022-08-25
3071,Male,52,Kolkata,West Bengal,2025-04-16
3072,Female,31,Ahmedabad,Gujarat,2021-04-12
3073,Male,26,Bengaluru,Karnataka,2024-06-07
3074,Female,20,Bengaluru,Karnataka,2022-01-23
3075,Female,55,Chennai,Tamil Nadu,2025-06-21
3076,Female,37,Lucknow,Uttar Pradesh,2025-05-22
3077,Female,58,Surat,Gujarat,2025-09-24
3078,Female,50,Mumbai,Maharashtra,2024-05-19
3079,Female,58,Pune,Maharashtra,2022-10-11
3080,Female,61,Surat,Gujarat,2024-12-24
3081,Male,49,Kolkata,West Bengal,2021-12-05
3082,Male,53,Indore,Madhya Pradesh,2021-07-03
3083,Male,43,Pune,Maharashtra,2021-02-25
3084,Female,65,Chennai,Tamil Nadu,2023-09-06
3085,Male,22,Kolkata,West Bengal,2025-11-21
3086,Male,47,Ahmedabad,Gujarat,2024-07-29
3087,Male,34,Delhi,Delhi,2022-07-26
3088,Female,23,Mumbai,Maharashtra,2024-02-26
3089,Female,32,Chennai,Tamil Nadu,2022-12-18
3090,Male,18,Bengaluru,Karnataka,2025-10-16
3091,Male,30,Hyderabad,Telangana,2025-07-21
3092,Male,65,Surat,Gujarat,2023-10-05
3093,Male,51,Delhi,Delhi,2025-03-12
3094,Male,47,Lucknow,Uttar Pradesh,2025-05-27
3095,Female,36,Pune,Maharashtra,2021-08-04
3096,Other,19,Ahmedabad,Gujarat,2024-01-19
3097,Male,61,Surat,Gujarat,2023-08-02
3098,Male,29,Mumbai,Maharashtra,2021-11-10
3099,Male,57,Mumbai,Maharashtra,2021-08-21
3100,Male,61,Delhi,Delhi,2023-01-15
3101,Male,41,Mumbai,Maharashtra,2022-07-29
3102,Male,28,Kolkata,West Bengal,2023-06-07
3103,Male,19,Indore,Madhya Pradesh,2021-09-04
3104,Female,18,Delhi,Delhi,2022-03-18
3105,Female,45,Bengaluru,Karnataka,2021-05-15
3106,Female,21,Delhi,Delhi,2023-10-13
3107,Male,58,Kolkata,West Bengal,2023-10-23
3108,Female,47,Mumbai,Maharashtra,2021-06-10
3109,Female,24,Chennai,Tamil Nadu,2021-05-20
3110,Male,39,Ahmedabad,Gujarat,2021-10-31
3111,Male,43,Ahmedabad,Gujarat,2025-01-23
3112,Female,46,Bengaluru,Karnataka,2025-10-04
3113,Male,42,Kolkata,West Bengal,2021-05-05
3114,Male,27,Mumbai,Maharashtra,2023-07-26
3115,Female,37,Pune,Maharashtra,2024-10-02
3116,Female,31,Lucknow,Uttar Pradesh,2025-06-06
3117,Male,50,Kolkata,West Bengal,2024-09-09
3118,Female,22,Mumbai,Maharashtra,2022-02-11
3119,Female,62,Bengaluru,Karnataka,2025-02-01
3120,Male,23,Pune,Maharashtra,2021-06-13
3121,Female,39,Bengaluru,Karnataka,2023-05-12
3122,Male,34,Bengaluru,Karnataka,2021-08-28
3123,Male,32,Mumbai,Maharashtra,2024-05-21
3124,Female,56,Hyderabad,Telangana,2021-05-29
3125,Male,57,Kolkata,West Bengal,2022-08-07
3126,Male,45,Chennai,Tamil Nadu,2024-02-01
3127,Male,19,Ahmedabad,Gujarat,2024-04-21
3128,Female,35,Mumbai,Maharashtra,2022-05-20
3129,Female,44,Surat,Gujarat,2025-09-16
3130,Male,38,Lucknow,Uttar Pradesh,2022-06-09
3131,Female,40,Jaipur,Rajasthan,2024-11-04
3132,Male,24,Lucknow,Uttar Pradesh,2025-11-03
3133,Female,65,Indore,Madhya Pradesh,2025-08-13
3134,Male,36,Chennai,Tamil Nadu,2023-02-14
3135,Female,26,Pune,Maharashtra,2023-11-14
3136,Other,29,Ahmedabad,Gujarat,2022-12-02
3137,Female,63,Kolkata,West Bengal,2024-03-02
3138,Male,47,Kolkata,West Bengal,2023-10-15
3139,Female,24,Hyderabad,Telangana,2021-02-19
3140,Male,19,Mumbai,Maharashtra,2023-08-16
3141,Female,34,Delhi,Delhi,2022-11-26
3142,Male,28,Indore,Madhya Pradesh,2021-01-26
3143,Male,29,Chennai,Tamil Nadu,2022-10-12
3144,Male,20,Chennai,Tamil Nadu,2021-01-11
3145,Male,38,Bengaluru,Karnataka,2023-03-19
3146,Female,31,Delhi,Delhi,2024-01-31
3147,Female,32,Indore,Madhya Pradesh,2021-01-11
3148,Female,59,Ahmedabad,Gujarat,2024-02-10
3149,Female,58,Jaipur,Rajasthan,2025-06-18
3150,Female,27,Hyderabad,Telangana,2023-02-11
3151,Male,53,Ahmedabad,Gujarat,2023-02-09
3152,Male,27,Bengaluru,Karnataka,2023-08-31
3153,Male,34,Kolkata,West Bengal,2024-04-05
3154,Male,61,Delhi,Delhi,2025-10-11
3155,Male,42,Hyderabad,Telangana,2022-02-11
3156,Male,44,Ahmedabad,Gujarat,2023-12-05
3157,Male,50,Indore,Madhya Pradesh,2023-04-22
3158,Male,28,Mumbai,Maharashtra,2022-12-18
3159,Female,30,Lucknow,Uttar Pradesh,2021-12-25
3160,Male,18,Bengaluru,Karnataka,2022-07-08
3161,Female,48,Hyderabad,Telangana,2021-10-12
3162,Female,50,Mumbai,Maharashtra,2022-02-04
3163,Female,38,Bengaluru,Karnataka,2025-01-14
3164,Male,33,Hyderabad,Telangana,2025-06-24
3165,Male,56,Mumbai,Maharashtra,2025-01-07
3166,Male,40,Hyderabad,Telangana,2022-01-23
3167,Male,27,Indore,Madhya Pradesh,2024-10-11
3168,Male,65,Mumbai,Maharashtra,2023-02-23
3169,Female,50,Jaipur,Rajasthan,2022-03-01
3170,Female,39,Delhi,Delhi,2023-10-27
3171,Female,58,Ahmedabad,Gujarat,2025-04-27
3172,Male,23,Bengaluru,Karnataka,2022-03-17
3173,Male,64,Pune,Maharashtra,2021-12-22
3174,Female,53,Pune,Maharashtra,2023-07-08
3175,Male,64,Mumbai,Maharashtra,2023-02-04
3176,Female,27,Pune,Maharashtra,2025-05-31
3177,Female,33,Ahmedabad,Gujarat,2022-07-08
3178,Male,30,Indore,Madhya Pradesh,2021-09-25
3179,Male,37,Jaipur,Rajasthan,2023-09-19
3180,Male,21,Ahmedabad,Gujarat,2024-05-25
3181,Male,37,Mumbai,Maharashtra,2021-03-05
3182,Male,39,Bengaluru,Karnataka,2022-03-18
3183,Male,46,Bengaluru,Karnataka,2025-09-11
3184,Male,33,Bengaluru,Karnataka,2022-06-25
3185,Female,60,Hyderabad,Telangana,2024-07-22
3186,Female,64,Chennai,Tamil Nadu,2022-04-15
3187,Male,60,Delhi,Delhi,2024-05-24
3188,Female,40,Delhi,Delhi,2025-05-09
3189,Female,47,Lucknow,Uttar Pradesh,2023-05-28
3190,Female,47,Jaipur,Rajasthan,2025-06-04
3191,Female,60,Bengaluru,Karnataka,2024-05-02
3192,Male,20,Indore,Madhya Pradesh,2022-12-13
3193,Male,41,Surat,Gujarat,2021-01-13
3194,Female,54,Bengaluru,Karnataka,2021-08-10
3195,Female,30,Delhi,Delhi,2025-09-25
3196,Female,59,Hyderabad,Telangana,2024-11-20
3197,Other,49,Surat,Gujarat,2023-05-31
3198,Female,54,Lucknow,Uttar Pradesh,2023-04-19
3199,Male,29,Mumbai,Maharashtra,2023-01-22
3200,Male,25,Delhi,Delhi,2021-09-27
3201,Male,41,Chennai,Tamil Nadu,2024-08-14
3202,Female,61,Hyderabad,Telangana,2025-06-23
3203,Female,33,Pune,Maharashtra,2023-01-02
3204,Female,49,Lucknow,Uttar Pradesh,2023-04-24
3205,Female,51,Ahmedabad,Gujarat,2022-09-08
3206,Female,52,Lucknow,Uttar Pradesh,2024-12-26
3207,Female,49,Lucknow,Uttar Pradesh,2024-12-02
3208,Female,34,Kolkata,West Bengal,2021-03-06
3209,Male,19,Delhi,Delhi,2025-08-08
3210,Female,43,Ahmedabad,Gujarat,2023-11-28
3211,Female,61,Pune,Maharashtra,2021-01-28
3212,Male,34,Ahmedabad,Gujarat,2024-08-05
3213,Male,55,Pune,Maharashtra,2021-08-25
3214,Female,19,Kolkata,West Bengal,2024-02-24
3215,Male,25,Bengaluru,Karnataka,2022-01-19
3216,Male,63,Mumbai,Maharashtra,2021-11-22
3217,Male,23,Pune,Maharashtra,2021-03-26
3218,Female,26,Mumbai,Maharashtra,2023-01-19
3219,Female,18,Kolkata,West Bengal,2021-09-03
3220,Male,22,Kolkata,West Bengal,2022-01-23
3221,Male,56,Hyderabad,Telangana,2023-07-18
3222,Other,26,Pune,Maharashtra,2021-09-23
3223,Female,31,Mumbai,Maharashtra,2023-01-31
3224,Female,44,Mumbai,Maharashtra,2023-03-15
3225,Male,26,Pune,Maharashtra,2024-05-13
3226,Male,53,Indore,Madhya Pradesh,2021-08-16
3227,Male,46,Bengaluru,Karnataka,2021-08-28
3228,Female,37,Delhi,Delhi,2024-01-02
3229,Male,32,Mumbai,Maharashtra,2025-08-22
3230,Male,53,Bengaluru,Karnataka,2022-01-23
3231,Male,20,Hyderabad,Telangana,2022-01-13
3232,Male,40,Chennai,Tamil Nadu,2021-07-31
3233,Female,63,Bengaluru,Karnataka,2025-07-30
3234,Male,26,Mumbai,Maharashtra,2023-03-06
3235,Female,47,Delhi,Delhi,2022-11-07
3236,Female,36,Bengaluru,Karnataka,2022-10-11
3237,Male,55,Pune,Maharashtra,2021-06-20
3238,Female,20,Surat,Gujarat,2024-03-21
3239,Female,65,Ahmedabad,Gujarat,2025-08-28
3240,Female,20,Chennai,Tamil Nadu,2023-03-20
3241,Male,51,Delhi,Delhi,2021-04-14
3242,Male,19,Delhi,Delhi,2024-05-30
3243,Male,44,Chennai,Tamil Nadu,2024-07-29
3244,Female,40,Kolkata,West Bengal,2024-11-12
3245,Female,59,Kolkata,West Bengal,2022-01-07
3246,Female,49,Pune,Maharashtra,2021-05-09
3247,Male,64,Hyderabad,Telangana,2024-11-28
3248,Male,52,Delhi,Delhi,2021-08-08
3249,Female,57,Lucknow,Uttar Pradesh,2024-04-11
3250,Male,35,Ahmedabad,Gujarat,2022-04-17
3251,Female,44,Chennai,Tamil Nadu,2023-09-15
3252,Male,28,Mumbai,Maharashtra,2025-01-16
3253,Male,56,Chennai,Tamil Nadu,2022-08-31
3254,Male,36,Mumbai,Maharashtra,2025-03-06
3255,Male,42,Bengaluru,Karnataka,2023-12-12
3256,Male,24,Pune,Maharashtra,2021-04-04
3257,Male,48,Kolkata,West Bengal,2025-05-19
3258,Male,19,Pune,Maharashtra,2023-11-11
3259,Male,55,Delhi,Delhi,2021-04-16
3260,Male,22,Indore,Madhya Pradesh,2024-05-08
3261,Female,31,Pune,Maharashtra,2024-10-07
3262,Male,35,Hyderabad,Telangana,2024-07-28
3263,Female,53,Delhi,Delhi,2024-07-29
3264,Female,21,Mumbai,Maharashtra,2022-09-04
3265,Female,41,Jaipur,Rajasthan,2023-04-29
3266,Female,30,Mumbai,Maharashtra,2025-04-12
3267,Male,38,Hyderabad,Telangana,2024-06-22
3268,Female,50,Chennai,Tamil Nadu,2023-08-06
3269,Female,37,Ahmedabad,Gujarat,2025-05-18
3270,Female,22,Ahmedabad,Gujarat,2023-05-04
3271,Male,41,Bengaluru,Karnataka,2022-03-05
3272,Male,52,Mumbai,Maharashtra,2023-11-28
3273,Male,47,Kolkata,West Bengal,2024-12-13
3274,Female,45,Chennai,Tamil Nadu,2021-10-29
3275,Female,62,Lucknow,Uttar Pradesh,2022-10-01
3276,Male,24,Lucknow,Uttar Pradesh,2021-03-12
3277,Female,59,Lucknow,Uttar Pradesh,2022-10-08
3278,Female,52,Hyderabad,Telangana,2025-11-24
3279,Male,47,Bengaluru,Karnataka,2022-06-09
3280,Female,51,Jaipur,Rajasthan,2021-06-23
3281,Female,56,Hyderabad,Telangana,2021-03-31
3282,Male,26,Pune,Maharashtra,2022-01-03
3283,Female,29,Lucknow,Uttar Pradesh,2023-03-12
3284,Male,46,Indore,Madhya Pradesh,2024-05-15
3285,Female,27,Hyderabad,Telangana,2023-12-22
3286,Female,44,Mumbai,Maharashtra,2021-11-15
3287,Female,36,Delhi,Delhi,2023-04-04
3288,Male,30,Jaipur,Rajasthan,2022-07-05
3289,Male,59,Indore,Madhya Pradesh,2021-03-01
3290,Male,54,Pune,Maharashtra,2024-02-03
3291,Female,49,Mumbai,Maharashtra,2024-06-16
3292,Male,32,Lucknow,Uttar Pradesh,2025-01-25
3293,Female,38,Delhi,Delhi,2021-05-07
3294,Male,20,Chennai,Tamil Nadu,2021-03-24
3295,Male,25,Surat,Gujarat,2024-05-28
3296,Male,23,Mumbai,Maharashtra,2024-12-02
3297,Female,46,Ahmedabad,Gujarat,2023-08-04
3298,Female,36,Mumbai,Maharashtra,2025-06-29
3299,Male,34,Delhi,Delhi,2022-08-09
3300,Male,27,Jaipur,Rajasthan,2022-10-09
3301,Female,50,Delhi,Delhi,2024-12-24
3302,Male,30,Surat,Gujarat,2023-06-09
3303,Female,44,Chennai,Tamil Nadu,2022-07-28
3304,Female,59,Bengaluru,Karnataka,2022-05-28
3305,Female,29,Bengaluru,Karnataka,2024-01-08
3306,Female,19,Delhi,Delhi,2021-03-06
3307,Female,27,Delhi,Delhi,2021-07-02
3308,Female,38,Mumbai,Maharashtra,2023-12-26
3309,Female,40,Delhi,Delhi,2023-04-15
3310,Female,18,Hyderabad,Telangana,2024-05-16
3311,Male,50,Kolkata,West Bengal,2021-02-23
3312,Male,43,Ahmedabad,Gujarat,2024-05-29
3313,Male,32,Kolkata,West Bengal,2021-08-24
3314,Female,39,Mumbai,Maharashtra,2023-06-08
3315,Female,42,Pune,Maharashtra,2022-09-04
3316,Male,18,Ahmedabad,Gujarat,2023-08-17
3317,Male,43,Hyderabad,Telangana,2022-03-14
3318,Male,38,Mumbai,Maharashtra,2023-10-01
3319,Female,58,Jaipur,Rajasthan,2024-02-01
3320,Female,41,Jaipur,Rajasthan,2024-12-30
3321,Female,56,Chennai,Tamil Nadu,2022-11-25
3322,Male,33,Mumbai,Maharashtra,2023-08-21
3323,Female,49,Jaipur,Rajasthan,2024-12-15
3324,Male,33,Chennai,Tamil Nadu,2024-02-06
3325,Female,30,Jaipur,Rajasthan,2022-06-08
3326,Male,59,Kolkata,West Bengal,2025-01-06
3327,Female,49,Jaipur,Rajasthan,2025-03-10
3328,Male,58,Hyderabad,Telangana,2022-02-08
3329,Male,61,Pune,Maharashtra,2021-12-09
3330,Female,41,Ahmedabad,Gujarat,2025-06-10
3331,Male,30,Ahmedabad,Gujarat,2023-03-11
3332,Male,28,Kolkata,West Bengal,2024-09-12
3333,Female,32,Pune,Maharashtra,2021-08-02
3334,Female,27,Pune,Maharashtra,2023-10-21
3335,Male,59,Indore,Madhya Pradesh,2025-04-29
3336,Female,58,Kolkata,West Bengal,2021-11-18
3337,Female,20,Indore,Madhya Pradesh,2024-01-07
3338,Male,33,Kolkata,West Bengal,2023-12-15
3339,Male,61,Chennai,Tamil Nadu,2023-02-23
3340,Male,34,Ahmedabad,Gujarat,2023-05-06
3341,Female,42,Indore,Madhya Pradesh,2023-12-31
3342,Male,47,Chennai,Tamil Nadu,2023-12-28
3343,Male,64,Ahmedabad,Gujarat,2021-06-29
3344,Female,52,Pune,Maharashtra,2022-01-15
3345,Female,54,Hyderabad,Telangana,2023-07-22
3346,Male,30,Kolkata,West Bengal,2025-09-06
3347,Female,41,Bengaluru,Karnataka,2025-09-01
3348,Male,55,Pune,Maharashtra,2022-03-26
3349,Male,43,Bengaluru,Karnataka,2024-07-08
3350,Female,26,Bengaluru,Karnataka,2025-01-10
3351,Female,36,Pune,Maharashtra,2025-07-19
3352,Male,45,Delhi,Delhi,2021-05-11
3353,Female,24,Indore,Madhya Pradesh,2024-06-11
3354,Female,62,Hyderabad,Telangana,2023-06-23
3355,Male,39,Pune,Maharashtra,2024-03-23
3356,Female,47,Mumbai,Maharashtra,2021-11-26
3357,Male,54,Kolkata,West Bengal,2022-09-29
3358,Other,33,Delhi,Delhi,2025-06-24
3359,Female,53,Lucknow,Uttar Pradesh,2021-02-22
3360,Male,22,Ahmedabad,Gujarat,2022-04-13
3361,Male,46,Jaipur,Rajasthan,2022-10-02
3362,Male,40,Bengaluru,Karnataka,2022-02-17
3363,Male,23,Kolkata,West Bengal,2023-11-04
3364,Male,53,Bengaluru,Karnataka,2022-05-11
3365,Male,50,Indore,Madhya Pradesh,2025-03-21
3366,Female,58,Ahmedabad,Gujarat,2025-11-21
3367,Male,33,Bengaluru,Karnataka,2022-01-03
3368,Female,51,Bengaluru,Karnataka,2022-06-23
3369,Female,60,Pune,Maharashtra,2022-09-29
3370,Male,43,Kolkata,West Bengal,2025-01-15
3371,Female,54,Pune,Maharashtra,2025-04-14
3372,Male,30,Chennai,Tamil Nadu,2022-05-30
3373,Male,34,Bengaluru,Karnataka,2022-04-26
3374,Female,49,Ahmedabad,Gujarat,2022-02-18
3375,Male,49,Jaipur,Rajasthan,2021-08-16
3376,Female,45,Jaipur,Rajasthan,2021-05-17
3377,Female,46,Jaipur,Rajasthan,2025-11-28
3378,Female,42,Pune,Maharashtra,2024-06-17
3379,Female,64,Mumbai,Maharashtra,2023-03-02
3380,Female,39,Kolkata,West Bengal,2023-04-15
3381,Male,44,Delhi,Delhi,2025-08-23
3382,Male,61,Delhi,Delhi,2022-04-17
3383,Female,55,Mumbai,Maharashtra,2022-06-02
3384,Male,37,Bengaluru,Karnataka,2025-01-24
3385,Male,62,Mumbai,Maharashtra,2021-11-01
3386,Male,41,Lucknow,Uttar Pradesh,2022-10-17
3387,Female,64,Bengaluru,Karnataka,2021-06-30
3388,Male,64,Chennai,Tamil Nadu,2021-01-30
3389,Female,25,Mumbai,Maharashtra,2023-08-30
3390,Male,31,Ahmedabad,Gujarat,2023-02-04
3391,Male,56,Bengaluru,Karnataka,2021-02-09
3392,Male,31,Indore,Madhya Pradesh,2021-07-06
3393,Male,22,Indore,Madhya Pradesh,2021-11-15
3394,Female,64,Bengaluru,Karnataka,2024-06-04
3395,Male,38,Indore,Madhya Pradesh,2023-01-02
3396,Male,32,Surat,Gujarat,2023-06-11
3397,Female,53,Lucknow,Uttar Pradesh,2021-11-20
3398,Male,50,Lucknow,Uttar Pradesh,2023-08-01
3399,Male,34,Bengaluru,Karnataka,2023-12-03
3400,Male,37,Chennai,Tamil Nadu,2022-10-18
3401,Other,18,Mumbai,Maharashtra,2024-07-25
3402,Female,33,Mumbai,Maharashtra,2024-09-04
3403,Male,62,Surat,Gujarat,2021-06-23
3404,Male,35,Bengaluru,Karnataka,2025-11-18
3405,Male,27,Kolkata,West Bengal,2022-11-16
3406,Male,40,Jaipur,Rajasthan,2023-12-01
3407,Female,35,Lucknow,Uttar Pradesh,2022-02-13
3408,Female,26,Surat,Gujarat,2025-05-05
3409,Male,63,Bengaluru,Karnataka,2024-09-08
3410,Female,47,Mumbai,Maharashtra,2021-06-29
3411,Male,30,Delhi,Delhi,2023-05-04
3412,Male,48,Mumbai,Maharashtra,2024-03-28
3413,Male,63,Mumbai,Maharashtra,2021-02-06
3414,Male,60,Delhi,Delhi,2022-02-10
3415,Female,30,Jaipur,Rajasthan,2022-06-23
3416,Male,49,Chennai,Tamil Nadu,2022-01-11
3417,Male,34,Bengaluru,Karnataka,2021-09-13
3418,Female,20,Ahmedabad,Gujarat,2021-10-05
3419,Female,18,Bengaluru,Karnataka,2021-09-06
3420,Female,22,Mumbai,Maharashtra,2022-11-24
3421,Female,49,Jaipur,Rajasthan,2023-11-07
3422,Male,42,Ahmedabad,Gujarat,2024-10-23
3423,Female,62,Jaipur,Rajasthan,2021-05-05
3424,Female,22,Mumbai,Maharashtra,2024-08-28
3425,Female,54,Lucknow,Uttar Pradesh,2021-07-31
3426,Female,40,Ahmedabad,Gujarat,2022-04-17
3427,Male,29,Chennai,Tamil Nadu,2023-01-19
3428,Female,51,Ahmedabad,Gujarat,2024-12-09
3429,Male,40,Lucknow,Uttar Pradesh,2022-05-15
3430,Male,33,Chennai,Tamil Nadu,2023-03-22
3431,Male,22,Chennai,Tamil Nadu,2025-10-02
3432,Female,61,Surat,Gujarat,2023-06-08
3433,Male,64,Kolkata,West Bengal,2024-04-19
3434,Female,45,Hyderabad,Telangana,2024-11-13
3435,Male,23,Kolkata,West Bengal,2025-07-24
3436,Female,30,Delhi,Delhi,2025-07-15
3437,Male,60,Bengaluru,Karnataka,2024-04-25
3438,Female,47,Chennai,Tamil Nadu,2025-10-29
3439,Female,43,Indore,Madhya Pradesh,2025-08-25
3440,Male,34,Indore,Madhya Pradesh,2025-07-06
3441,Male,26,Delhi,Delhi,2025-01-31
3442,Female,33,Hyderabad,Telangana,2025-01-20
3443,Female,35,Pune,Maharashtra,2024-03-03
3444,Female,30,Surat,Gujarat,2025-09-18
3445,Male,46,Surat,Gujarat,2021-06-24
3446,Female,60,Ahmedabad,Gujarat,2024-07-08
3447,Male,62,Jaipur,Rajasthan,2021-11-13
3448,Female,41,Kolkata,West Bengal,2023-09-28
3449,Female,62,Chennai,Tamil Nadu,2023-04-04
3450,Male,61,Mumbai,Maharashtra,2023-05-20
3451,Female,63,Hyderabad,Telangana,2023-07-20
3452,Female,30,Ahmedabad,Gujarat,2023-06-06
3453,Female,42,Ahmedabad,Gujarat,2021-09-26
3454,Male,58,Delhi,Delhi,2025-12-23
3455,Male,63,Surat,Gujarat,2022-04-15
3456,Female,18,Pune,Maharashtra,2021-08-12
3457,Male,26,Hyderabad,Telangana,2024-06-29
3458,Male,21,Kolkata,West Bengal,2023-12-24
3459,Other,45,Kolkata,West Bengal,2023-09-02
3460,Male,29,Ahmedabad,Gujarat,2023-06-26
3461,Female,41,Bengaluru,Karnataka,2023-04-10
3462,Male,63,Pune,Maharashtra,2025-01-27
3463,Male,26,Ahmedabad,Gujarat,2024-02-22
3464,Female,52,Chennai,Tamil Nadu,2025-05-25
3465,Female,55,Pune,Maharashtra,2021-08-26
3466,Female,52,Kolkata,West Bengal,2021-03-16
3467,Female,50,Hyderabad,Telangana,2025-01-05
3468,Female,52,Ahmedabad,Gujarat,2022-05-15
3469,Male,63,Lucknow,Uttar Pradesh,2025-03-26
3470,Male,37,Pune,Maharashtra,2021-09-25
3471,Male,19,Mumbai,Maharashtra,2025-02-19
3472,Female,61,Jaipur,Rajasthan,2023-09-14
3473,Male,43,Chennai,Tamil Nadu,2025-06-12
3474,Male,59,Kolkata,West Bengal,2023-12-10
3475,Male,30,Lucknow,Uttar Pradesh,2025-08-06
3476,Male,47,Jaipur,Rajasthan,2023-12-19
3477,Male,49,Surat,Gujarat,2025-01-17
3478,Female,53,Chennai,Tamil Nadu,2022-12-24
3479,Male,36,Hyderabad,Telangana,2024-01-01
3480,Female,39,Delhi,Delhi,2025-11-15
3481,Female,18,Pune,Maharashtra,2025-11-10
3482,Male,28,Chennai,Tamil Nadu,2021-07-09
3483,Female,43,Bengaluru,Karnataka,2023-09-23
3484,Male,65,Indore,Madhya Pradesh,2025-05-05
3485,Female,36,Chennai,Tamil Nadu,2025-10-07
3486,Other,36,Chennai,Tamil Nadu,2022-07-20
3487,Female,29,Delhi,Delhi,2023-09-20
3488,Female,20,Mumbai,Maharashtra,2023-01-06
3489,Male,35,Mumbai,Maharashtra,2021-06-05
3490,Male,22,Delhi,Delhi,2025-05-06
3491,Female,65,Mumbai,Maharashtra,2025-11-12
3492,Male,41,Chennai,Tamil Nadu,2022-11-04
3493,Male,31,Indore,Madhya Pradesh,2025-07-23
3494,Male,55,Indore,Madhya Pradesh,2024-01-14
3495,Female,20,Ahmedabad,Gujarat,2021-03-10
3496,Male,23,Pune,Maharashtra,2024-11-09
3497,Female,29,Lucknow,Uttar Pradesh,2022-01-08
3498,Male,28,Indore,Madhya Pradesh,2021-02-24
3499,Male,56,Pune,Maharashtra,2021-03-26
3500,Female,43,Kolkata,West Bengal,2023-07-30
3501,Male,18,Bengaluru,Karnataka,2023-04-21
3502,Female,33,Jaipur,Rajasthan,2022-08-15
3503,Male,65,Surat,Gujarat,2023-01-02
3504,Male,64,Mumbai,Maharashtra,2022-09-14
3505,Male,26,Indore,Madhya Pradesh,2025-11-24
3506,Female,22,Ahmedabad,Gujarat,2023-10-06
3507,Female,25,Surat,Gujarat,2021-11-13
3508,Female,38,Hyderabad,Telangana,2024-04-02
3509,Male,50,Lucknow,Uttar Pradesh,2025-06-27
3510,Female,56,Mumbai,Maharashtra,2022-09-17
3511,Female,60,Bengaluru,Karnataka,2021-09-09
3512,Female,37,Mumbai,Maharashtra,2021-06-01
3513,Female,62,Surat,Gujarat,2024-09-21
3514,Female,39,Jaipur,Rajasthan,2023-06-29
3515,Male,30,Lucknow,Uttar Pradesh,2024-10-23
3516,Female,56,Indore,Madhya Pradesh,2025-11-22
3517,Male,28,Mumbai,Maharashtra,2023-05-16
3518,Female,35,Delhi,Delhi,2022-08-23
3519,Male,47,Mumbai,Maharashtra,2023-10-04
3520,Male,50,Pune,Maharashtra,2023-08-29
3521,Male,61,Bengaluru,Karnataka,2023-10-02
3522,Male,20,Hyderabad,Telangana,2024-01-29
3523,Male,18,Bengaluru,Karnataka,2024-02-18
3524,Female,53,Mumbai,Maharashtra,2024-11-09
3525,Female,23,Pune,Maharashtra,2021-10-30
3526,Female,54,Pune,Maharashtra,2025-10-06
3527,Female,46,Surat,Gujarat,2024-03-18
3528,Male,28,Kolkata,West Bengal,2024-05-09
3529,Female,30,Surat,Gujarat,2023-10-24
3530,Male,28,Delhi,Delhi,2022-02-04
3531,Female,55,Bengaluru,Karnataka,2021-03-09
3532,Male,42,Jaipur,Rajasthan,2021-06-03
3533,Male,32,Bengaluru,Karnataka,2023-10-12
3534,Male,30,Bengaluru,Karnataka,2025-02-26
3535,Male,59,Bengaluru,Karnataka,2021-07-01
3536,Male,50,Mumbai,Maharashtra,2022-06-09
3537,Male,30,Bengaluru,Karnataka,2021-07-08
3538,Female,55,Delhi,Delhi,2021-01-20
3539,Female,41,Ahmedabad,Gujarat,2023-05-01
3540,Male,37,Mumbai,Maharashtra,2024-07-30
3541,Male,61,Pune,Maharashtra,2023-06-17
3542,Female,34,Jaipur,Rajasthan,2021-01-10
3543,Male,41,Pune,Maharashtra,2022-12-01
3544,Female,43,Delhi,Delhi,2025-04-04
3545,Male,57,Lucknow,Uttar Pradesh,2022-10-17
3546,Female,49,Pune,Maharashtra,2025-06-27
3547,Female,46,Mumbai,Maharashtra,2024-08-19
3548,Female,31,Hyderabad,Telangana,2021-08-29
3549,Female,54,Bengaluru,Karnataka,2021-06-01
3550,Male,39,Chennai,Tamil Nadu,2023-02-23
3551,Male,51,Jaipur,Rajasthan,2024-09-22
3552,Female,44,Mumbai,Maharashtra,2021-07-07
3553,Female,45,Chennai,Tamil Nadu,2022-04-09
3554,Male,39,Hyderabad,Telangana,2022-12-23
3555,Female,60,Pune,Maharashtra,2024-04-15
3556,Male,20,Ahmedabad,Gujarat,2023-06-19
3557,Male,39,Bengaluru,Karnataka,2022-12-07
3558,Female,65,Hyderabad,Telangana,2024-04-15
3559,Male,38,Mumbai,Maharashtra,2023-05-31
3560,Female,33,Hyderabad,Telangana,2022-02-19
3561,Male,26,Bengaluru,Karnataka,2022-08-01
3562,Male,30,Lucknow,Uttar Pradesh,2021-11-06
3563,Female,27,Mumbai,Maharashtra,2023-10-23
3564,Female,38,Delhi,Delhi,2021-11-13
3565,Male,59,Hyderabad,Telangana,2025-12-12
3566,Male,57,Kolkata,West Bengal,2025-03-13
3567,Male,24,Chennai,Tamil Nadu,2023-10-17
3568,Male,63,Ahmedabad,Gujarat,2025-05-15
3569,Female,39,Jaipur,Rajasthan,2022-01-03
3570,Female,35,Lucknow,Uttar Pradesh,2022-07-09
3571,Male,38,Bengaluru,Karnataka,2022-08-28
3572,Male,31,Chennai,Tamil Nadu,2024-06-03
3573,Female,27,Lucknow,Uttar Pradesh,2023-07-25
3574,Female,50,Surat,Gujarat,2022-04-25
3575,Female,26,Indore,Madhya Pradesh,2023-09-08
3576,Female,35,Delhi,Delhi,2025-12-27
3577,Male,30,Pune,Maharashtra,2023-12-23
3578,Male,34,Hyderabad,Telangana,2024-07-27
3579,Female,40,Kolkata,West Bengal,2023-07-29
3580,Female,42,Hyderabad,Telangana,2021-01-14
3581,Male,33,Hyderabad,Telangana,2021-01-28
3582,Male,41,Lucknow,Uttar Pradesh,2021-05-22
3583,Male,48,Delhi,Delhi,2025-07-02
3584,Female,28,Lucknow,Uttar Pradesh,2025-12-31
3585,Male,40,Delhi,Delhi,2022-08-13
3586,Male,58,Bengaluru,Karnataka,2025-11-18
3587,Female,56,Hyderabad,Telangana,2022-04-18
3588,Male,39,Jaipur,Rajasthan,2025-03-28
3589,Male,50,Mumbai,Maharashtra,2024-04-22
3590,Male,58,Pune,Maharashtra,2021-11-13
3591,Male,59,Surat,Gujarat,2024-10-16
3592,Male,65,Pune,Maharashtra,2022-03-21
3593,Female,35,Chennai,Tamil Nadu,2021-10-23
3594,Female,31,Chennai,Tamil Nadu,2022-02-08
3595,Male,45,Hyderabad,Telangana,2023-01-22
3596,Male,28,Ahmedabad,Gujarat,2021-09-20
3597,Female,41,Bengaluru,Karnataka,2023-04-27
3598,Male,53,Chennai,Tamil Nadu,2022-01-12
3599,Male,36,Delhi,Delhi,2022-08-08
3600,Female,30,Ahmedabad,Gujarat,2023-12-28
3601,Male,50,Pune,Maharashtra,2023-03-10
3602,Male,36,Chennai,Tamil Nadu,2022-04-16
3603,Male,64,Pune,Maharashtra,2023-01-02
3604,Female,49,Bengaluru,Karnataka,2023-08-30
3605,Male,32,Pune,Maharashtra,2021-02-16
3606,Male,28,Pune,Maharashtra,2023-08-05
3607,Male,40,Lucknow,Uttar Pradesh,2023-12-18
3608,Female,22,Bengaluru,Karnataka,2021-01-24
3609,Male,39,Indore,Madhya Pradesh,2024-08-06
3610,Male,59,Surat,Gujarat,2023-04-11
3611,Female,35,Chennai,Tamil Nadu,2025-01-07
3612,Female,24,Pune,Maharashtra,2022-02-07
3613,Male,50,Delhi,Delhi,2023-11-14
3614,Male,20,Jaipur,Rajasthan,2023-12-24
3615,Male,45,Delhi,Delhi,2025-11-26
3616,Female,18,Mumbai,Maharashtra,2025-08-11
3617,Male,64,Chennai,Tamil Nadu,2025-07-10
3618,Male,54,Lucknow,Uttar Pradesh,2025-06-22
3619,Male,39,Jaipur,Rajasthan,2024-06-16
3620,Male,65,Pune,Maharashtra,2021-10-10
3621,Male,61,Ahmedabad,Gujarat,2025-01-05
3622,Male,36,Bengaluru,Karnataka,2024-08-16
3623,Female,31,Pune,Maharashtra,2021-04-03
3624,Female,20,Lucknow,Uttar Pradesh,2025-05-20
3625,Male,36,Bengaluru,Karnataka,2024-10-30
3626,Male,50,Bengaluru,Karnataka,2022-11-17
3627,Female,38,Mumbai,Maharashtra,2021-11-06
3628,Male,18,Lucknow,Uttar Pradesh,2023-06-07
3629,Female,43,Jaipur,Rajasthan,2025-11-06
3630,Other,27,Ahmedabad,Gujarat,2024-04-05
3631,Male,52,Kolkata,West Bengal,2025-11-08
3632,Male,30,Pune,Maharashtra,2021-01-07
3633,Male,23,Hyderabad,Telangana,2023-12-03
3634,Female,60,Delhi,Delhi,2023-02-27
3635,Female,23,Mumbai,Maharashtra,2024-09-25
3636,Female,52,Hyderabad,Telangana,2024-03-22
3637,Female,33,Indore,Madhya Pradesh,2021-02-12
3638,Male,58,Mumbai,Maharashtra,2022-12-26
3639,Female,25,Bengaluru,Karnataka,2021-07-20
3640,Female,20,Pune,Maharashtra,2023-06-14
3641,Female,22,Bengaluru,Karnataka,2022-10-29
3642,Male,38,Indore,Madhya Pradesh,2025-10-22
3643,Female,48,Hyderabad,Telangana,2025-08-16
3644,Female,31,Hyderabad,Telangana,2022-07-02
3645,Female,54,Jaipur,Rajasthan,2021-08-14
3646,Female,36,Pune,Maharashtra,2022-09-25
3647,Female,54,Hyderabad,Telangana,2025-03-25
3648,Female,37,Delhi,Delhi,2024-09-24
3649,Female,19,Chennai,Tamil Nadu,2024-09-20
3650,Female,24,Surat,Gujarat,2024-04-19
3651,Male,50,Jaipur,Rajasthan,2025-04-06
3652,Male,59,Delhi,Delhi,2023-08-04
3653,Male,23,Lucknow,Uttar Pradesh,2024-07-19
3654,Female,24,Pune,Maharashtra,2021-07-13
3655,Female,61,Mumbai,Maharashtra,2022-06-22
3656,Female,35,Pune,Maharashtra,2025-12-26
3657,Male,60,Delhi,Delhi,2022-04-26
3658,Male,46,Hyderabad,Telangana,2024-01-27
3659,Male,36,Ahmedabad,Gujarat,2022-03-06
3660,Male,42,Indore,Madhya Pradesh,2025-03-16
3661,Female,21,Hyderabad,Telangana,2025-10-21
3662,Male,30,Hyderabad,Telangana,2024-09-12
3663,Female,49,Mumbai,Maharashtra,2023-08-03
3664,Female,44,Mumbai,Maharashtra,2023-06-30
3665,Male,51,Chennai,Tamil Nadu,2025-12-14
3666,Female,45,Delhi,Delhi,2025-12-29
3667,Male,26,Lucknow,Uttar Pradesh,2022-08-01
3668,Male,25,Pune,Maharashtra,2024-12-10
3669,Female,38,Mumbai,Maharashtra,2021-04-21
3670,Female,63,Hyderabad,Telangana,2021-07-31
3671,Male,47,Bengaluru,Karnataka,2025-09-03
3672,Male,46,Mumbai,Maharashtra,2023-05-01
3673,Male,26,Kolkata,West Bengal,2023-05-28
3674,Male,30,Mumbai,Maharashtra,2023-09-14
3675,Female,35,Chennai,Tamil Nadu,2023-09-23
3676,Female,55,Bengaluru,Karnataka,2022-07-25
3677,Male,39,Pune,Maharashtra,2023-11-20
3678,Female,48,Delhi,Delhi,2024-07-14
3679,Male,52,Jaipur,Rajasthan,2022-10-28
3680,Male,59,Delhi,Delhi,2021-12-16
3681,Female,59,Kolkata,West Bengal,2025-03-18
3682,Female,27,Mumbai,Maharashtra,2023-07-19
3683,Female,26,Jaipur,Rajasthan,2022-11-12
3684,Female,48,Bengaluru,Karnataka,2024-05-22
3685,Female,61,Ahmedabad,Gujarat,2021-09-08
3686,Male,57,Chennai,Tamil Nadu,2025-04-16
3687,Female,41,Indore,Madhya Pradesh,2021-11-15
3688,Other,58,Delhi,Delhi,2024-04-21
3689,Male,25,Mumbai,Maharashtra,2023-06-04
3690,Female,37,Mumbai,Maharashtra,2021-07-08
3691,Female,34,Lucknow,Uttar Pradesh,2022-12-26
3692,Male,45,Hyderabad,Telangana,2024-02-25
3693,Female,23,Jaipur,Rajasthan,2024-08-12
3694,Male,59,Bengaluru,Karnataka,2023-11-13
3695,Female,50,Delhi,Delhi,2025-04-03
3696,Male,45,Mumbai,Maharashtra,2021-03-20
3697,Female,18,Surat,Gujarat,2022-06-30
3698,Male,58,Ahmedabad,Gujarat,2025-02-02
3699,Male,52,Indore,Madhya Pradesh,2023-07-13
3700,Male,41,Bengaluru,Karnataka,2022-09-11
3701,Female,23,Ahmedabad,Gujarat,2021-11-01
3702,Female,24,Ahmedabad,Gujarat,2025-01-11
3703,Female,26,Bengaluru,Karnataka,2021-07-18
3704,Female,54,Lucknow,Uttar Pradesh,2024-04-29
3705,Male,33,Surat,Gujarat,2024-06-09
3706,Male,51,Indore,Madhya Pradesh,2025-05-17
3707,Female,52,Kolkata,West Bengal,2022-07-08
3708,Male,52,Bengaluru,Karnataka,2023-11-14
3709,Female,37,Bengaluru,Karnataka,2025-08-26
3710,Female,40,Surat,Gujarat,2025-01-24
3711,Male,59,Mumbai,Maharashtra,2021-07-02
3712,Male,52,Kolkata,West Bengal,2024-12-27
3713,Female,64,Kolkata,West Bengal,2022-08-30
3714,Male,63,Ahmedabad,Gujarat,2021-03-24
3715,Male,40,Surat,Gujarat,2021-04-03
3716,Male,21,Bengaluru,Karnataka,2024-07-25
3717,Female,27,Bengaluru,Karnataka,2022-09-09
3718,Female,60,Mumbai,Maharashtra,2024-01-14
3719,Male,28,Hyderabad,Telangana,2022-07-27
3720,Male,57,Bengaluru,Karnataka,2024-05-16
3721,Male,26,Delhi,Delhi,2025-08-21
3722,Female,57,Lucknow,Uttar Pradesh,2022-08-04
3723,Male,29,Indore,Madhya Pradesh,2023-09-28
3724,Male,34,Pune,Maharashtra,2025-01-07
3725,Female,49,Delhi,Delhi,2023-02-13
3726,Female,40,Indore,Madhya Pradesh,2023-05-03
3727,Other,32,Mumbai,Maharashtra,2025-11-05
3728,Female,45,Mumbai,Maharashtra,2024-10-25
3729,Male,55,Pune,Maharashtra,2022-10-13
3730,Male,22,Chennai,Tamil Nadu,2023-03-03
3731,Male,57,Pune,Maharashtra,2022-04-21
3732,Male,35,Surat,Gujarat,2022-05-19
3733,Female,38,Hyderabad,Telangana,2021-08-19
3734,Female,32,Hyderabad,Telangana,2023-05-28
3735,Female,20,Bengaluru,Karnataka,2024-10-15
3736,Male,63,Hyderabad,Telangana,2025-05-06
3737,Female,43,Ahmedabad,Gujarat,2025-11-10
3738,Female,32,Kolkata,West Bengal,2023-11-09
3739,Male,62,Kolkata,West Bengal,2022-11-21
3740,Female,37,Chennai,Tamil Nadu,2021-07-28
3741,Male,38,Indore,Madhya Pradesh,2021-05-11
3742,Male,43,Jaipur,Rajasthan,2023-01-13
3743,Female,58,Kolkata,West Bengal,2022-01-19
3744,Female,40,Mumbai,Maharashtra,2024-01-21
3745,Male,42,Mumbai,Maharashtra,2025-04-16
3746,Male,21,Pune,Maharashtra,2021-12-28
3747,Other,27,Ahmedabad,Gujarat,2023-01-31
3748,Female,39,Delhi,Delhi,2024-02-22
3749,Female,20,Delhi,Delhi,2023-08-01
3750,Male,36,Indore,Madhya Pradesh,2022-10-10
3751,Male,48,Indore,Madhya Pradesh,2024-07-20
3752,Male,26,Indore,Madhya Pradesh,2021-12-21
3753,Male,46,Bengaluru,Karnataka,2021-04-10
3754,Male,54,Kolkata,West Bengal,2023-01-01
3755,Male,63,Bengaluru,Karnataka,2025-06-28
3756,Female,24,Pune,Maharashtra,2021-10-28
3757,Male,55,Pune,Maharashtra,2022-09-01
3758,Female,41,Delhi,Delhi,2023-06-01
3759,Male,25,Delhi,Delhi,2021-07-22
3760,Male,51,Lucknow,Uttar Pradesh,2023-11-11
3761,Male,43,Mumbai,Maharashtra,2024-05-06
3762,Male,45,Kolkata,West Bengal,2021-04-22
3763,Male,45,Chennai,Tamil Nadu,2024-03-18
3764,Female,63,Bengaluru,Karnataka,2022-01-16
3765,Female,24,Hyderabad,Telangana,2023-01-25
3766,Female,20,Bengaluru,Karnataka,2023-08-12
3767,Male,39,Chennai,Tamil Nadu,2024-04-21
3768,Female,55,Delhi,Delhi,2023-03-07
3769,Female,63,Pune,Maharashtra,2021-12-03
3770,Male,61,Mumbai,Maharashtra,2024-09-23
3771,Female,35,Chennai,Tamil Nadu,2024-08-16
3772,Female,29,Indore,Madhya Pradesh,2025-06-13
3773,Female,48,Delhi,Delhi,2021-08-10
3774,Female,56,Kolkata,West Bengal,2023-10-09
3775,Female,22,Ahmedabad,Gujarat,2023-01-30
3776,Female,61,Indore,Madhya Pradesh,2024-12-03
3777,Male,58,Lucknow,Uttar Pradesh,2022-11-20
3778,Female,46,Chennai,Tamil Nadu,2021-04-28
3779,Female,60,Ahmedabad,Gujarat,2021-06-23
3780,Female,53,Indore,Madhya Pradesh,2024-05-27
3781,Other,31,Delhi,Delhi,2024-10-31
3782,Male,61,Bengaluru,Karnataka,2025-10-20
3783,Male,35,Mumbai,Maharashtra,2021-11-15
3784,Male,24,Lucknow,Uttar Pradesh,2025-06-01
3785,Male,40,Jaipur,Rajasthan,2024-01-17
3786,Male,50,Mumbai,Maharashtra,2024-01-07
3787,Female,62,Chennai,Tamil Nadu,2022-03-17
3788,Male,33,Hyderabad,Telangana,2024-05-09
3789,Female,54,Mumbai,Maharashtra,2025-05-19
3790,Female,42,Surat,Gujarat,2022-02-19
3791,Male,26,Pune,Maharashtra,2023-10-25
3792,Male,45,Mumbai,Maharashtra,2023-08-08
3793,Female,26,Chennai,Tamil Nadu,2021-03-24
3794,Female,29,Kolkata,West Bengal,2025-09-25
3795,Female,35,Mumbai,Maharashtra,2023-09-16
3796,Female,44,Ahmedabad,Gujarat,2022-05-08
3797,Female,43,Chennai,Tamil Nadu,2021-01-06
3798,Female,43,Mumbai,Maharashtra,2022-12-06
3799,Female,27,Pune,Maharashtra,2025-10-19
3800,Female,34,Chennai,Tamil Nadu,2021-12-13
3801,Female,49,Bengaluru,Karnataka,2022-06-18
3802,Male,41,Indore,Madhya Pradesh,2022-10-19
3803,Female,60,Jaipur,Rajasthan,2023-08-13
3804,Male,65,Surat,Gujarat,2025-12-26
3805,Female,25,Bengaluru,Karnataka,2022-03-27
3806,Male,47,Surat,Gujarat,2024-03-14
3807,Male,43,Delhi,Delhi,2023-10-23
3808,Male,41,Delhi,Delhi,2024-08-04
3809,Male,44,Mumbai,Maharashtra,2023-07-07
3810,Male,32,Mumbai,Maharashtra,2024-06-02
3811,Female,45,Kolkata,West Bengal,2023-08-12
3812,Male,28,Hyderabad,Telangana,2024-12-31
3813,Male,56,Bengaluru,Karnataka,2021-08-02
3814,Male,19,Ahmedabad,Gujarat,2023-06-19
3815,Female,26,Bengaluru,Karnataka,2024-04-04
3816,Male,62,Chennai,Tamil Nadu,2022-01-08
3817,Male,40,Delhi,Delhi,2022-10-15
3818,Male,50,Lucknow,Uttar Pradesh,2022-05-22
3819,Female,36,Lucknow,Uttar Pradesh,2023-09-10
3820,Male,30,Hyderabad,Telangana,2022-07-30
3821,Male,31,Delhi,Delhi,2021-11-29
3822,Male,49,Delhi,Delhi,2021-07-31
3823,Female,39,Jaipur,Rajasthan,2021-10-16
3824,Male,37,Bengaluru,Karnataka,2022-09-02
3825,Female,50,Pune,Maharashtra,2021-06-15
3826,Male,22,Mumbai,Maharashtra,2021-05-06
3827,Female,37,Hyderabad,Telangana,2024-03-26
3828,Male,31,Hyderabad,Telangana,2025-11-21
3829,Male,44,Lucknow,Uttar Pradesh,2025-05-16
3830,Male,43,Bengaluru,Karnataka,2023-11-22
3831,Male,49,Delhi,Delhi,2021-10-01
3832,Male,47,Jaipur,Rajasthan,2024-08-17
3833,Female,44,Lucknow,Uttar Pradesh,2023-11-11
3834,Other,43,Delhi,Delhi,2025-03-28
3835,Male,35,Hyderabad,Telangana,2025-11-15
3836,Female,62,Bengaluru,Karnataka,2022-09-07
3837,Female,40,Indore,Madhya Pradesh,2021-10-03
3838,Female,61,Mumbai,Maharashtra,2023-10-28
3839,Male,64,Indore,Madhya Pradesh,2023-10-13
3840,Female,41,Ahmedabad,Gujarat,2025-01-18
3841,Male,21,Chennai,Tamil Nadu,2024-02-28
3842,Female,58,Mumbai,Maharashtra,2024-08-15
3843,Male,20,Hyderabad,Telangana,2021-04-07
3844,Male,60,Delhi,Delhi,2021-10-04
3845,Male,47,Pune,Maharashtra,2024-08-01
3846,Male,64,Ahmedabad,Gujarat,2023-03-11
3847,Female,33,Surat,Gujarat,2024-04-11
3848,Male,24,Chennai,Tamil Nadu,2021-11-28
3849,Female,56,Kolkata,West Bengal,2021-07-24
3850,Male,39,Mumbai,Maharashtra,2021-04-13
3851,Male,58,Delhi,Delhi,2023-10-01
3852,Female,48,Mumbai,Maharashtra,2025-07-07
3853,Other,30,Ahmedabad,Gujarat,2023-08-13
3854,Male,58,Indore,Madhya Pradesh,2021-12-26
3855,Male,58,Ahmedabad,Gujarat,2024-02-29
3856,Female,46,Mumbai,Maharashtra,2021-02-08
3857,Male,45,Delhi,Delhi,2021-11-03
3858,Female,61,Chennai,Tamil Nadu,2023-06-03
3859,Female,36,Delhi,Delhi,2022-06-04
3860,Male,40,Lucknow,Uttar Pradesh,2023-05-28
3861,Male,64,Jaipur,Rajasthan,2021-02-15
3862,Male,25,Ahmedabad,Gujarat,2021-07-13
3863,Male,42,Delhi,Delhi,2025-03-22
3864,Female,55,Bengaluru,Karnataka,2025-05-13
3865,Female,55,Mumbai,Maharashtra,2024-04-07
3866,Female,52,Delhi,Delhi,2024-02-20
3867,Female,43,Delhi,Delhi,2021-09-06
3868,Male,20,Ahmedabad,Gujarat,2023-10-10
3869,Female,19,Ahmedabad,Gujarat,2021-07-26
3870,Male,22,Mumbai,Maharashtra,2021-04-25
3871,Female,37,Delhi,Delhi,2021-08-27
3872,Male,29,Pune,Maharashtra,2022-07-20
3873,Female,55,Pune,Maharashtra,2024-01-05
3874,Female,33,Lucknow,Uttar Pradesh,2024-04-07
3875,Male,54,Mumbai,Maharashtra,2023-12-08
3876,Male,55,Delhi,Delhi,2023-01-06
3877,Female,53,Pune,Maharashtra,2023-12-30
3878,Male,63,Lucknow,Uttar Pradesh,2022-05-23
3879,Female,46,Chennai,Tamil Nadu,2021-06-04
3880,Female,52,Bengaluru,Karnataka,2025-05-02
3881,Male,54,Hyderabad,Telangana,2022-04-06
3882,Male,38,Kolkata,West Bengal,2024-10-28
3883,Female,38,Surat,Gujarat,2023-03-02
3884,Male,45,Bengaluru,Karnataka,2024-05-10
3885,Male,23,Indore,Madhya Pradesh,2022-10-16
3886,Female,37,Indore,Madhya Pradesh,2021-11-13
3887,Female,53,Indore,Madhya Pradesh,2022-03-27
3888,Male,30,Ahmedabad,Gujarat,2025-07-20
3889,Male,57,Ahmedabad,Gujarat,2025-08-16
3890,Female,28,Delhi,Delhi,2022-07-31
3891,Female,41,Kolkata,West Bengal,2024-01-25
3892,Female,36,Chennai,Tamil Nadu,2025-09-13
3893,Male,40,Ahmedabad,Gujarat,2022-05-11
3894,Female,48,Delhi,Delhi,2021-12-28
3895,Female,54,Kolkata,West Bengal,2022-04-02
3896,Female,54,Lucknow,Uttar Pradesh,2024-04-16
3897,Female,20,Pune,Maharashtra,2021-05-09
3898,Male,51,Lucknow,Uttar Pradesh,2025-02-22
3899,Female,46,Chennai,Tamil Nadu,2023-11-29
3900,Male,20,Lucknow,Uttar Pradesh,2025-01-21
3901,Male,32,Delhi,Delhi,2023-03-23
3902,Female,24,Delhi,Delhi,2023-05-23
3903,Female,20,Indore,Madhya Pradesh,2021-12-16
3904,Female,64,Bengaluru,Karnataka,2022-10-07
3905,Female,60,Lucknow,Uttar Pradesh,2022-03-28
3906,Male,33,Hyderabad,Telangana,2024-11-04
3907,Female,62,Hyderabad,Telangana,2021-04-19
3908,Male,51,Bengaluru,Karnataka,2025-05-27
3909,Female,37,Chennai,Tamil Nadu,2024-05-16
3910,Male,61,Bengaluru,Karnataka,2022-07-31
3911,Female,56,Mumbai,Maharashtra,2021-08-29
3912,Male,50,Bengaluru,Karnataka,2022-08-14
3913,Female,31,Mumbai,Maharashtra,2024-01-17
3914,Female,59,Surat,Gujarat,2024-11-23
3915,Male,52,Surat,Gujarat,2025-09-10
3916,Female,28,Delhi,Delhi,2024-07-09
3917,Female,37,Kolkata,West Bengal,2022-08-01
3918,Female,47,Delhi,Delhi,2021-11-21
3919,Female,45,Ahmedabad,Gujarat,2022-01-06
3920,Male,32,Jaipur,Rajasthan,2021-04-15
3921,Male,55,Surat,Gujarat,2021-04-08
3922,Male,30,Delhi,Delhi,2025-02-19
3923,Male,64,Jaipur,Rajasthan,2021-04-06
3924,Male,52,Bengaluru,Karnataka,2025-02-04
3925,Female,64,Surat,Gujarat,2021-02-15
3926,Male,41,Mumbai,Maharashtra,2023-06-09
3927,Male,18,Chennai,Tamil Nadu,2021-01-31
3928,Male,59,Ahmedabad,Gujarat,2022-02-12
3929,Female,41,Ahmedabad,Gujarat,2024-10-30
3930,Female,44,Mumbai,Maharashtra,2024-11-06
3931,Male,35,Indore,Madhya Pradesh,2022-12-17
3932,Female,43,Pune,Maharashtra,2025-08-11
3933,Male,46,Ahmedabad,Gujarat,2022-10-06
3934,Other,25,Bengaluru,Karnataka,2022-11-29
3935,Female,61,Bengaluru,Karnataka,2023-08-31
3936,Male,43,Chennai,Tamil Nadu,2022-12-02
3937,Female,22,Delhi,Delhi,2025-02-21
3938,Female,50,Pune,Maharashtra,2025-07-21
3939,Male,57,Pune,Maharashtra,2023-05-26
3940,Female,22,Delhi,Delhi,2023-06-25
3941,Male,64,Kolkata,West Bengal,2023-03-20
3942,Male,53,Indore,Madhya Pradesh,2024-08-25
3943,Male,30,Mumbai,Maharashtra,2022-08-22
3944,Male,34,Delhi,Delhi,2023-08-25
3945,Male,30,Mumbai,Maharashtra,2022-09-25
3946,Female,42,Mumbai,Maharashtra,2021-05-15
3947,Male,19,Ahmedabad,Gujarat,2021-11-24
3948,Male,41,Chennai,Tamil Nadu,2021-07-18
3949,Female,53,Pune,Maharashtra,2022-11-14
3950,Female,42,Bengaluru,Karnataka,2024-07-07
3951,Other,51,Mumbai,Maharashtra,2021-05-04
3952,Female,29,Lucknow,Uttar Pradesh,2023-01-24
3953,Female,36,Surat,Gujarat,2025-05-26
3954,Female,59,Mumbai,Maharashtra,2022-01-17
3955,Female,47,Bengaluru,Karnataka,2025-03-11
3956,Female,54,Lucknow,Uttar Pradesh,2022-07-25
3957,Male,60,Indore,Madhya Pradesh,2024-02-07
3958,Male,18,Delhi,Delhi,2023-12-01
3959,Female,20,Mumbai,Maharashtra,2025-01-08
3960,Male,43,Mumbai,Maharashtra,2023-03-09
3961,Male,32,Chennai,Tamil Nadu,2023-06-10
3962,Female,63,Delhi,Delhi,2024-03-15
3963,Female,64,Mumbai,Maharashtra,2025-12-27
3964,Male,65,Chennai,Tamil Nadu,2025-05-07
3965,Female,45,Mumbai,Maharashtra,2021-06-25
3966,Female,21,Jaipur,Rajasthan,2024-07-26
3967,Female,36,Bengaluru,Karnataka,2022-01-15
3968,Female,41,Mumbai,Maharashtra,2021-06-14
3969,Female,57,Chennai,Tamil Nadu,2025-02-18
3970,Female,23,Delhi,Delhi,2023-02-03
3971,Male,33,Surat,Gujarat,2022-09-07
3972,Female,49,Chennai,Tamil Nadu,2025-05-08
3973,Female,47,Bengaluru,Karnataka,2025-11-26
3974,Female,52,Kolkata,West Bengal,2024-10-16
3975,Female,25,Bengaluru,Karnataka,2021-06-22
3976,Male,22,Indore,Madhya Pradesh,2023-02-02
3977,Female,54,Delhi,Delhi,2024-04-15
3978,Male,29,Chennai,Tamil Nadu,2023-12-09
3979,Male,42,Mumbai,Maharashtra,2024-02-09
3980,Male,50,Delhi,Delhi,2024-05-18
3981,Male,56,Lucknow,Uttar Pradesh,2025-11-19
3982,Female,41,Jaipur,Rajasthan,2025-09-07
3983,Male,28,Bengaluru,Karnataka,2022-09-11
3984,Male,59,Bengaluru,Karnataka,2022-10-27
3985,Female,52,Jaipur,Rajasthan,2023-05-09
3986,Male,57,Indore,Madhya Pradesh,2024-03-24
3987,Male,18,Mumbai,Maharashtra,2025-08-03
3988,Male,25,Hyderabad,Telangana,2025-08-14
3989,Male,40,Bengaluru,Karnataka,2024-07-20
3990,Male,37,Lucknow,Uttar Pradesh,2022-07-10
3991,Male,49,Mumbai,Maharashtra,2025-05-26
3992,Female,28,Pune,Maharashtra,2022-09-29
3993,Male,24,Kolkata,West Bengal,2025-08-15
3994,Male,47,Mumbai,Maharashtra,2025-01-18
3995,Female,65,Hyderabad,Telangana,2024-09-01
3996,Male,56,Hyderabad,Telangana,2025-10-22
3997,Female,30,Bengaluru,Karnataka,2021-08-03
3998,Female,59,Delhi,Delhi,2024-09-15
3999,Male,20,Hyderabad,Telangana,2021-05-24
4000,Female,24,Pune,Maharashtra,2022-09-11
4001,Male,60,Chennai,Tamil Nadu,2023-10-05
4002,Male,30,Jaipur,Rajasthan,2021-12-20
4003,Female,54,Jaipur,Rajasthan,2021-10-08
4004,Male,42,Pune,Maharashtra,2024-09-07
4005,Female,40,Pune,Maharashtra,2024-08-22
4006,Female,64,Bengaluru,Karnataka,2023-04-17
4007,Male,50,Delhi,Delhi,2025-02-11
4008,Female,22,Delhi,Delhi,2022-01-25
4009,Female,49,Ahmedabad,Gujarat,2023-12-24
4010,Other,47,Mumbai,Maharashtra,2025-12-25
4011,Female,48,Mumbai,Maharashtra,2021-09-22
4012,Female,30,Delhi,Delhi,2021-01-06
4013,Male,59,Kolkata,West Bengal,2023-07-02
4014,Female,22,Pune,Maharashtra,2021-06-17
4015,Male,40,Ahmedabad,Gujarat,2021-12-21
4016,Male,18,Bengaluru,Karnataka,2021-06-22
4017,Female,27,Indore,Madhya Pradesh,2023-04-30
4018,Male,44,Indore,Madhya Pradesh,2021-04-29
4019,Female,25,Bengaluru,Karnataka,2024-06-03
4020,Male,20,Bengaluru,Karnataka,2021-06-23
4021,Female,36,Delhi,Delhi,2023-08-17
4022,Male,19,Bengaluru,Karnataka,2021-05-09
4023,Male,48,Ahmedabad,Gujarat,2021-07-06
4024,Male,65,Lucknow,Uttar Pradesh,2023-12-23
4025,Female,27,Ahmedabad,Gujarat,2023-06-12
4026,Male,33,Lucknow,Uttar Pradesh,2024-07-21
4027,Female,54,Delhi,Delhi,2022-08-21
4028,Male,37,Pune,Maharashtra,2021-07-29
4029,Male,20,Kolkata,West Bengal,2023-10-06
4030,Male,52,Delhi,Delhi,2024-05-01
4031,Male,51,Ahmedabad,Gujarat,2023-01-20
4032,Female,38,Bengaluru,Karnataka,2022-06-16
4033,Female,53,Mumbai,Maharashtra,2023-08-10
4034,Male,49,Surat,Gujarat,2024-04-20
4035,Female,35,Pune,Maharashtra,2022-07-14
4036,Female,51,Surat,Gujarat,2021-08-16
4037,Male,55,Surat,Gujarat,2022-07-20
4038,Male,20,Jaipur,Rajasthan,2022-09-06
4039,Female,20,Ahmedabad,Gujarat,2021-03-30
4040,Male,44,Chennai,Tamil Nadu,2024-03-13
4041,Male,19,Lucknow,Uttar Pradesh,2025-08-11
4042,Male,20,Bengaluru,Karnataka,2025-11-01
4043,Female,34,Hyderabad,Telangana,2023-03-26
4044,Male,63,Ahmedabad,Gujarat,2021-09-07
4045,Male,56,Delhi,Delhi,2021-08-13
4046,Male,55,Delhi,Delhi,2023-06-22
4047,Male,57,Bengaluru,Karnataka,2023-08-29
4048,Male,36,Chennai,Tamil Nadu,2022-11-04
4049,Female,36,Lucknow,Uttar Pradesh,2021-06-17
4050,Male,61,Pune,Maharashtra,2021-04-20
4051,Female,22,Indore,Madhya Pradesh,2025-12-02
4052,Male,22,Ahmedabad,Gujarat,2024-04-11
4053,Female,31,Lucknow,Uttar Pradesh,2025-03-15
4054,Female,44,Chennai,Tamil Nadu,2021-10-24
4055,Male,65,Jaipur,Rajasthan,2021-08-31
4056,Female,53,Mumbai,Maharashtra,2021-07-28
4057,Female,57,Jaipur,Rajasthan,2024-06-20
4058,Female,52,Mumbai,Maharashtra,2024-07-01
4059,Male,38,Indore,Madhya Pradesh,2024-01-11
4060,Other,22,Surat,Gujarat,2024-12-28
4061,Female,41,Bengaluru,Karnataka,2025-02-07
4062,Female,56,Pune,Maharashtra,2025-04-16
4063,Female,41,Jaipur,Rajasthan,2023-10-25
4064,Male,57,Bengaluru,Karnataka,2024-05-02
4065,Female,60,Lucknow,Uttar Pradesh,2023-12-16
4066,Female,63,Mumbai,Maharashtra,2021-09-18
4067,Female,30,Mumbai,Maharashtra,2025-06-05
4068,Male,55,Surat,Gujarat,2025-05-09
4069,Female,62,Ahmedabad,Gujarat,2022-01-15
4070,Male,18,Lucknow,Uttar Pradesh,2025-02-19
4071,Female,60,Bengaluru,Karnataka,2021-04-06
4072,Male,56,Ahmedabad,Gujarat,2024-09-21
4073,Male,27,Chennai,Tamil Nadu,2023-02-08
4074,Female,19,Chennai,Tamil Nadu,2025-10-06
4075,Male,33,Ahmedabad,Gujarat,2025-10-13
4076,Female,54,Chennai,Tamil Nadu,2024-09-14
4077,Female,33,Delhi,Delhi,2025-02-28
4078,Male,40,Bengaluru,Karnataka,2023-04-09
4079,Male,43,Jaipur,Rajasthan,2025-07-20
4080,Female,33,Bengaluru,Karnataka,2025-03-23
4081,Male,44,Kolkata,West Bengal,2023-07-15
4082,Female,64,Bengaluru,Karnataka,2024-02-23
4083,Female,58,Ahmedabad,Gujarat,2025-12-12
4084,Male,47,Kolkata,West Bengal,2022-09-12
4085,Male,50,Pune,Maharashtra,2021-09-17
4086,Male,49,Mumbai,Maharashtra,2023-04-11
4087,Female,26,Mumbai,Maharashtra,2025-05-25
4088,Male,28,Chennai,Tamil Nadu,2022-07-04
4089,Male,54,Lucknow,Uttar Pradesh,2025-09-07
4090,Female,23,Mumbai,Maharashtra,2022-12-01
4091,Female,47,Kolkata,West Bengal,2025-10-29
4092,Male,57,Delhi,Delhi,2025-11-29
4093,Male,32,Hyderabad,Telangana,2022-12-10
4094,Female,65,Indore,Madhya Pradesh,2023-10-29
4095,Female,47,Bengaluru,Karnataka,2022-07-17
4096,Female,35,Hyderabad,Telangana,2022-01-08
4097,Female,29,Mumbai,Maharashtra,2021-08-10
4098,Female,21,Mumbai,Maharashtra,2022-06-15
4099,Female,33,Bengaluru,Karnataka,2021-12-16
4100,Female,40,Mumbai,Maharashtra,2025-11-18
4101,Female,28,Ahmedabad,Gujarat,2021-01-31
4102,Female,41,Delhi,Delhi,2025-06-04
4103,Male,39,Chennai,Tamil Nadu,2024-10-13
4104,Male,56,Pune,Maharashtra,2021-01-22
4105,Female,32,Bengaluru,Karnataka,2024-08-05
4106,Male,32,Ahmedabad,Gujarat,2023-01-24
4107,Female,27,Surat,Gujarat,2021-08-02
4108,Male,45,Mumbai,Maharashtra,2022-12-13
4109,Female,53,Indore,Madhya Pradesh,2024-04-03
4110,Male,34,Chennai,Tamil Nadu,2021-05-20
4111,Female,53,Chennai,Tamil Nadu,2024-10-25
4112,Female,39,Hyderabad,Telangana,2023-08-23
4113,Male,40,Mumbai,Maharashtra,2024-09-05
4114,Female,46,Mumbai,Maharashtra,2022-02-13
4115,Male,39,Chennai,Tamil Nadu,2022-03-14
4116,Male,28,Delhi,Delhi,2023-03-08
4117,Male,53,Indore,Madhya Pradesh,2021-01-13
4118,Male,61,Delhi,Delhi,2022-05-16
4119,Other,46,Pune,Maharashtra,2023-11-16
4120,Male,59,Kolkata,West Bengal,2022-06-18
4121,Female,49,Bengaluru,Karnataka,2023-05-11
4122,Male,31,Hyderabad,Telangana,2021-03-17
4123,Female,35,Kolkata,West Bengal,2022-01-01
4124,Male,55,Indore,Madhya Pradesh,2025-02-23
4125,Female,54,Jaipur,Rajasthan,2024-01-21
4126,Female,51,Ahmedabad,Gujarat,2023-04-21
4127,Female,62,Ahmedabad,Gujarat,2023-06-06
4128,Male,40,Surat,Gujarat,2024-07-13
4129,Female,49,Bengaluru,Karnataka,2025-05-03
4130,Male,63,Mumbai,Maharashtra,2022-05-14
4131,Male,20,Bengaluru,Karnataka,2024-04-08
4132,Male,60,Pune,Maharashtra,2024-10-01
4133,Male,39,Ahmedabad,Gujarat,2025-11-16
4134,Male,40,Ahmedabad,Gujarat,2024-06-05
4135,Female,21,Chennai,Tamil Nadu,2022-11-30
4136,Male,30,Mumbai,Maharashtra,2022-11-11
4137,Male,49,Kolkata,West Bengal,2021-07-22
4138,Male,46,Bengaluru,Karnataka,2022-03-22
4139,Female,57,Ahmedabad,Gujarat,2022-06-02
4140,Female,57,Chennai,Tamil Nadu,2021-05-12
4141,Male,62,Delhi,Delhi,2024-06-22
4142,Female,27,Mumbai,Maharashtra,2021-04-01
4143,Female,30,Mumbai,Maharashtra,2024-02-24
4144,Male,62,Lucknow,Uttar Pradesh,2022-04-17
4145,Female,34,Indore,Madhya Pradesh,2024-06-19
4146,Female,55,Ahmedabad,Gujarat,2022-05-17
4147,Female,19,Mumbai,Maharashtra,2023-01-31
4148,Male,34,Delhi,Delhi,2022-01-22
4149,Male,61,Kolkata,West Bengal,2023-10-28
4150,Male,43,Jaipur,Rajasthan,2024-01-17
4151,Female,55,Mumbai,Maharashtra,2022-08-21
4152,Female,54,Mumbai,Maharashtra,2023-06-27
4153,Male,22,Kolkata,West Bengal,2023-05-17
4154,Male,42,Delhi,Delhi,2024-03-14
4155,Female,26,Bengaluru,Karnataka,2025-01-14
4156,Female,45,Mumbai,Maharashtra,2024-09-16
4157,Female,39,Chennai,Tamil Nadu,2025-09-30
4158,Female,46,Lucknow,Uttar Pradesh,2024-04-02
4159,Female,52,Surat,Gujarat,2022-10-19
4160,Male,37,Chennai,Tamil Nadu,2021-12-08
4161,Male,22,Hyderabad,Telangana,2023-10-22
4162,Male,56,Mumbai,Maharashtra,2024-02-18
4163,Female,61,Chennai,Tamil Nadu,2025-05-22
4164,Male,49,Delhi,Delhi,2022-04-09
4165,Female,56,Chennai,Tamil Nadu,2022-04-07
4166,Male,27,Delhi,Delhi,2023-12-09
4167,Male,57,Bengaluru,Karnataka,2023-03-30
4168,Female,34,Mumbai,Maharashtra,2024-09-12
4169,Male,54,Bengaluru,Karnataka,2022-04-19
4170,Male,32,Mumbai,Maharashtra,2023-06-07
4171,Female,26,Pune,Maharashtra,2023-07-28
4172,Male,49,Surat,Gujarat,2022-01-03
4173,Female,40,Hyderabad,Telangana,2024-08-03
4174,Female,28,Chennai,Tamil Nadu,2023-11-14
4175,Female,30,Lucknow,Uttar Pradesh,2022-12-24
4176,Female,35,Surat,Gujarat,2021-10-20
4177,Male,26,Chennai,Tamil Nadu,2025-01-12
4178,Female,59,Jaipur,Rajasthan,2023-12-23
4179,Male,22,Bengaluru,Karnataka,2022-07-22
4180,Male,60,Bengaluru,Karnataka,2025-01-21
4181,Male,39,Delhi,Delhi,2025-04-03
4182,Male,49,Ahmedabad,Gujarat,2023-05-24
4183,Female,64,Ahmedabad,Gujarat,2023-08-19
4184,Male,19,Bengaluru,Karnataka,2024-12-07
4185,Female,38,Mumbai,Maharashtra,2022-08-12
4186,Male,45,Ahmedabad,Gujarat,2021-09-17
4187,Male,41,Mumbai,Maharashtra,2025-07-15
4188,Female,41,Chennai,Tamil Nadu,2023-06-27
4189,Male,31,Kolkata,West Bengal,2021-07-03
4190,Female,54,Kolkata,West Bengal,2023-12-08
4191,Male,44,Kolkata,West Bengal,2021-05-27
4192,Male,41,Lucknow,Uttar Pradesh,2025-12-23
4193,Male,23,Hyderabad,Telangana,2022-08-15
4194,Female,43,Kolkata,West Bengal,2025-11-07
4195,Male,32,Ahmedabad,Gujarat,2024-12-03
4196,Male,46,Pune,Maharashtra,2023-10-15
4197,Male,53,Mumbai,Maharashtra,2022-03-16
4198,Female,27,Bengaluru,Karnataka,2025-01-21
4199,Female,45,Hyderabad,Telangana,2021-08-17
4200,Female,26,Ahmedabad,Gujarat,2024-07-31
4201,Male,38,Lucknow,Uttar Pradesh,2025-05-16
4202,Female,27,Pune,Maharashtra,2023-01-02
4203,Female,21,Mumbai,Maharashtra,2024-09-30
4204,Female,21,Surat,Gujarat,2025-06-13
4205,Female,23,Mumbai,Maharashtra,2023-08-05
4206,Female,43,Hyderabad,Telangana,2024-07-11
4207,Male,57,Chennai,Tamil Nadu,2023-01-10
4208,Female,33,Chennai,Tamil Nadu,2022-01-13
4209,Female,25,Mumbai,Maharashtra,2024-02-01
4210,Male,45,Mumbai,Maharashtra,2023-08-12
4211,Male,33,Mumbai,Maharashtra,2022-08-23
4212,Female,55,Chennai,Tamil Nadu,2021-01-23
4213,Male,18,Chennai,Tamil Nadu,2021-10-20
4214,Female,36,Bengaluru,Karnataka,2024-07-14
4215,Male,34,Ahmedabad,Gujarat,2025-04-02
4216,Male,45,Lucknow,Uttar Pradesh,2022-04-21
4217,Male,61,Mumbai,Maharashtra,2023-08-10
4218,Male,29,Hyderabad,Telangana,2022-03-27
4219,Male,23,Ahmedabad,Gujarat,2023-06-17
4220,Male,24,Bengaluru,Karnataka,2021-10-12
4221,Female,25,Bengaluru,Karnataka,2024-08-29
4222,Other,20,Ahmedabad,Gujarat,2024-03-31
4223,Male,38,Indore,Madhya Pradesh,2022-08-13
4224,Female,25,Jaipur,Rajasthan,2021-05-02
4225,Female,45,Chennai,Tamil Nadu,2025-02-13
4226,Female,47,Kolkata,West Bengal,2024-02-10
4227,Female,49,Delhi,Delhi,2024-06-16
4228,Male,28,Ahmedabad,Gujarat,2024-05-18
4229,Male,37,Hyderabad,Telangana,2024-10-04
4230,Male,33,Pune,Maharashtra,2022-05-26
4231,Male,42,Kolkata,West Bengal,2021-01-02
4232,Female,62,Chennai,Tamil Nadu,2023-06-11
4233,Male,26,Delhi,Delhi,2025-10-05
4234,Female,56,Indore,Madhya Pradesh,2023-03-10
4235,Female,57,Mumbai,Maharashtra,2022-09-21
4236,Female,57,Bengaluru,Karnataka,2022-04-06
4237,Female,20,Mumbai,Maharashtra,2023-08-10
4238,Male,33,Jaipur,Rajasthan,2025-02-14
4239,Female,29,Kolkata,West Bengal,2025-07-08
4240,Male,32,Bengaluru,Karnataka,2025-05-29
4241,Female,21,Ahmedabad,Gujarat,2023-08-30
4242,Female,40,Delhi,Delhi,2024-06-18
4243,Female,44,Kolkata,West Bengal,2023-09-09
4244,Male,56,Hyderabad,Telangana,2023-03-25
4245,Female,60,Delhi,Delhi,2021-02-23
4246,Male,54,Indore,Madhya Pradesh,2025-08-22
4247,Male,30,Bengaluru,Karnataka,2025-01-30
4248,Female,60,Mumbai,Maharashtra,2021-04-19
4249,Male,54,Chennai,Tamil Nadu,2021-10-07
4250,Other,57,Surat,Gujarat,2025-08-16
4251,Male,38,Delhi,Delhi,2025-08-26
4252,Female,46,Mumbai,Maharashtra,2023-12-17
4253,Male,46,Bengaluru,Karnataka,2023-04-20
4254,Female,28,Hyderabad,Telangana,2023-04-17
4255,Female,45,Pune,Maharashtra,2024-05-22
4256,Female,27,Ahmedabad,Gujarat,2025-03-12
4257,Male,22,Surat,Gujarat,2023-11-18
4258,Female,42,Hyderabad,Telangana,2021-07-23
4259,Male,50,Delhi,Delhi,2022-06-29
4260,Male,34,Delhi,Delhi,2021-11-05
4261,Male,50,Mumbai,Maharashtra,2025-07-16
4262,Female,42,Indore,Madhya Pradesh,2022-06-12
4263,Male,50,Delhi,Delhi,2025-08-17
4264,Female,26,Delhi,Delhi,2024-09-28
4265,Female,44,Ahmedabad,Gujarat,2023-10-06
4266,Male,42,Hyderabad,Telangana,2024-05-26
4267,Female,21,Ahmedabad,Gujarat,2022-09-09
4268,Male,26,Mumbai,Maharashtra,2025-06-01
4269,Female,63,Jaipur,Rajasthan,2024-01-16
4270,Male,32,Surat,Gujarat,2021-01-31
4271,Female,33,Ahmedabad,Gujarat,2021-04-10
4272,Male,33,Surat,Gujarat,2022-10-29
4273,Male,30,Pune,Maharashtra,2023-03-15
4274,Male,31,Hyderabad,Telangana,2024-08-31
4275,Male,39,Chennai,Tamil Nadu,2022-05-10
4276,Male,38,Chennai,Tamil Nadu,2025-06-30
4277,Male,26,Delhi,Delhi,2022-04-16
4278,Male,58,Bengaluru,Karnataka,2023-01-12
4279,Female,21,Mumbai,Maharashtra,2025-03-19
4280,Female,27,Delhi,Delhi,2023-01-04
4281,Female,52,Pune,Maharashtra,2025-07-15
4282,Female,26,Kolkata,West Bengal,2025-08-23
4283,Female,65,Pune,Maharashtra,2025-12-12
4284,Female,33,Mumbai,Maharashtra,2023-09-25
4285,Male,35,Chennai,Tamil Nadu,2021-11-27
4286,Female,27,Chennai,Tamil Nadu,2024-05-02
4287,Male,38,Lucknow,Uttar Pradesh,2025-10-20
4288,Female,32,Chennai,Tamil Nadu,2024-04-29
4289,Female,32,Delhi,Delhi,2021-09-09
4290,Male,28,Jaipur,Rajasthan,2025-10-28
4291,Female,57,Chennai,Tamil Nadu,2023-10-22
4292,Male,65,Mumbai,Maharashtra,2025-01-22
4293,Male,59,Chennai,Tamil Nadu,2025-07-27
4294,Male,58,Indore,Madhya Pradesh,2024-01-19
4295,Female,64,Delhi,Delhi,2022-06-02
4296,Female,54,Bengaluru,Karnataka,2025-02-15
4297,Female,37,Pune,Maharashtra,2025-11-15
4298,Male,51,Pune,Maharashtra,2025-07-27
4299,Female,39,Delhi,Delhi,2024-02-14
4300,Female,65,Chennai,Tamil Nadu,2021-03-14
4301,Male,35,Mumbai,Maharashtra,2021-06-05
4302,Female,33,Indore,Madhya Pradesh,2022-12-24
4303,Male,22,Kolkata,West Bengal,2021-03-10
4304,Male,18,Chennai,Tamil Nadu,2022-04-16
4305,Male,36,Lucknow,Uttar Pradesh,2022-05-07
4306,Female,27,Mumbai,Maharashtra,2021-10-27
4307,Male,38,Hyderabad,Telangana,2024-03-13
4308,Male,30,Ahmedabad,Gujarat,2025-10-01
4309,Male,41,Lucknow,Uttar Pradesh,2024-05-14
4310,Male,40,Jaipur,Rajasthan,2023-07-07
4311,Male,40,Bengaluru,Karnataka,2022-12-14
4312,Male,28,Surat,Gujarat,2023-01-21
4313,Female,64,Mumbai,Maharashtra,2022-02-11
4314,Male,19,Lucknow,Uttar Pradesh,2023-07-28
4315,Female,23,Surat,Gujarat,2022-08-03
4316,Female,28,Pune,Maharashtra,2025-09-03
4317,Male,32,Kolkata,West Bengal,2024-08-13
4318,Male,26,Mumbai,Maharashtra,2022-08-05
4319,Female,29,Delhi,Delhi,2023-03-10
4320,Male,53,Hyderabad,Telangana,2022-06-13
4321,Male,45,Chennai,Tamil Nadu,2021-05-17
4322,Male,40,Indore,Madhya Pradesh,2021-08-07
4323,Female,44,Ahmedabad,Gujarat,2022-06-02
4324,Female,41,Hyderabad,Telangana,2025-09-30
4325,Other,31,Jaipur,Rajasthan,2025-01-11
4326,Female,52,Surat,Gujarat,2021-05-12
4327,Male,44,Mumbai,Maharashtra,2024-10-18
4328,Male,38,Surat,Gujarat,2024-09-29
4329,Male,30,Mumbai,Maharashtra,2025-09-16
4330,Male,25,Jaipur,Rajasthan,2023-11-08
4331,Male,61,Bengaluru,Karnataka,2024-12-10
4332,Male,61,Mumbai,Maharashtra,2025-10-15
4333,Male,61,Delhi,Delhi,2022-07-14
4334,Male,51,Ahmedabad,Gujarat,2025-04-14
4335,Male,59,Delhi,Delhi,2023-07-17
4336,Female,40,Mumbai,Maharashtra,2024-03-22
4337,Female,26,Chennai,Tamil Nadu,2021-11-28
4338,Other,18,Indore,Madhya Pradesh,2025-11-09
4339,Male,53,Delhi,Delhi,2021-11-15
4340,Male,63,Pune,Maharashtra,2025-12-06
4341,Male,33,Hyderabad,Telangana,2024-05-07
4342,Male,42,Mumbai,Maharashtra,2025-03-30
4343,Male,35,Lucknow,Uttar Pradesh,2025-12-17
4344,Female,51,Lucknow,Uttar Pradesh,2023-09-07
4345,Other,55,Chennai,Tamil Nadu,2023-10-31
4346,Male,20,Delhi,Delhi,2024-03-08
4347,Male,37,Jaipur,Rajasthan,2021-06-16
4348,Male,36,Chennai,Tamil Nadu,2021-05-27
4349,Male,30,Lucknow,Uttar Pradesh,2024-11-27
4350,Male,34,Ahmedabad,Gujarat,2025-11-16
4351,Male,31,Jaipur,Rajasthan,2023-07-28
4352,Male,47,Chennai,Tamil Nadu,2022-03-21
4353,Male,39,Delhi,Delhi,2021-03-11
4354,Male,60,Surat,Gujarat,2024-09-13
4355,Male,65,Chennai,Tamil Nadu,2023-04-13
4356,Male,60,Chennai,Tamil Nadu,2023-07-08
4357,Other,46,Bengaluru,Karnataka,2022-09-08
4358,Male,19,Ahmedabad,Gujarat,2024-06-06
4359,Female,25,Chennai,Tamil Nadu,2025-08-01
4360,Female,31,Pune,Maharashtra,2021-11-15
4361,Female,51,Mumbai,Maharashtra,2021-02-05
4362,Female,30,Chennai,Tamil Nadu,2025-07-12
4363,Female,27,Jaipur,Rajasthan,2021-09-12
4364,Female,25,Hyderabad,Telangana,2024-08-29
4365,Male,24,Bengaluru,Karnataka,2023-08-20
4366,Male,30,Ahmedabad,Gujarat,2021-12-01
4367,Other,43,Mumbai,Maharashtra,2023-11-10
4368,Female,49,Hyderabad,Telangana,2021-10-25
4369,Female,36,Pune,Maharashtra,2023-11-11
4370,Female,32,Pune,Maharashtra,2022-04-23
4371,Female,19,Pune,Maharashtra,2025-11-27
4372,Female,54,Delhi,Delhi,2025-11-19
4373,Female,36,Mumbai,Maharashtra,2022-04-17
4374,Female,50,Delhi,Delhi,2023-08-20
4375,Female,56,Hyderabad,Telangana,2025-08-29
4376,Female,50,Hyderabad,Telangana,2022-04-15
4377,Female,18,Delhi,Delhi,2024-10-04
4378,Female,56,Lucknow,Uttar Pradesh,2023-02-06
4379,Male,45,Pune,Maharashtra,2022-08-13
4380,Male,34,Hyderabad,Telangana,2023-03-03
4381,Female,23,Mumbai,Maharashtra,2025-12-23
4382,Female,61,Mumbai,Maharashtra,2022-01-21
4383,Male,37,Chennai,Tamil Nadu,2023-07-31
4384,Male,64,Chennai,Tamil Nadu,2025-04-19
4385,Female,30,Lucknow,Uttar Pradesh,2022-03-22
4386,Female,29,Chennai,Tamil Nadu,2021-04-09
4387,Female,47,Surat,Gujarat,2022-10-17
4388,Female,38,Mumbai,Maharashtra,2023-12-15
4389,Male,19,Mumbai,Maharashtra,2023-10-24
4390,Male,35,Mumbai,Maharashtra,2024-09-17
4391,Male,45,Pune,Maharashtra,2023-07-23
4392,Female,21,Chennai,Tamil Nadu,2024-12-29
4393,Male,59,Ahmedabad,Gujarat,2025-02-18
4394,Female,60,Mumbai,Maharashtra,2024-05-27
4395,Female,23,Surat,Gujarat,2024-05-19
4396,Female,55,Lucknow,Uttar Pradesh,2023-03-28
4397,Female,26,Bengaluru,Karnataka,2025-02-28
4398,Male,37,Mumbai,Maharashtra,2022-10-23
4399,Female,62,Pune,Maharashtra,2021-08-20
4400,Male,47,Mumbai,Maharashtra,2022-08-23
4401,Male,54,Mumbai,Maharashtra,2023-07-09
4402,Male,55,Hyderabad,Telangana,2025-10-13
4403,Male,21,Bengaluru,Karnataka,2025-10-25
4404,Female,55,Delhi,Delhi,2024-03-17
4405,Female,30,Surat,Gujarat,2024-05-15
4406,Male,52,Ahmedabad,Gujarat,2021-12-26
4407,Male,47,Surat,Gujarat,2024-12-13
4408,Female,59,Pune,Maharashtra,2025-10-29
4409,Female,21,Delhi,Delhi,2024-12-11
4410,Male,42,Chennai,Tamil Nadu,2023-05-22
4411,Female,48,Mumbai,Maharashtra,2025-09-16
4412,Female,64,Mumbai,Maharashtra,2025-04-26
4413,Female,29,Ahmedabad,Gujarat,2024-04-20
4414,Male,32,Ahmedabad,Gujarat,2022-07-10
4415,Female,43,Delhi,Delhi,2024-05-18
4416,Female,27,Hyderabad,Telangana,2021-09-07
4417,Female,29,Delhi,Delhi,2025-03-16
4418,Female,39,Mumbai,Maharashtra,2022-08-19
4419,Female,57,Bengaluru,Karnataka,2021-05-19
4420,Male,38,Pune,Maharashtra,2023-09-17
4421,Female,52,Mumbai,Maharashtra,2024-06-08
4422,Female,24,Surat,Gujarat,2023-06-29
4423,Female,35,Chennai,Tamil Nadu,2021-01-12
4424,Male,44,Kolkata,West Bengal,2023-09-07
4425,Male,52,Bengaluru,Karnataka,2021-09-30
4426,Female,64,Delhi,Delhi,2022-05-03
4427,Female,19,Bengaluru,Karnataka,2024-01-19
4428,Male,49,Mumbai,Maharashtra,2023-11-15
4429,Female,32,Pune,Maharashtra,2022-06-22
4430,Male,62,Jaipur,Rajasthan,2025-08-16
4431,Other,41,Ahmedabad,Gujarat,2023-09-12
4432,Female,37,Chennai,Tamil Nadu,2025-05-15
4433,Male,27,Hyderabad,Telangana,2023-12-20
4434,Female,41,Indore,Madhya Pradesh,2025-12-24
4435,Female,41,Mumbai,Maharashtra,2024-04-09
4436,Male,41,Bengaluru,Karnataka,2022-08-11
4437,Female,57,Delhi,Delhi,2023-02-27
4438,Male,65,Jaipur,Rajasthan,2025-01-10
4439,Female,65,Surat,Gujarat,2025-10-10
4440,Male,51,Bengaluru,Karnataka,2023-07-10
4441,Male,58,Lucknow,Uttar Pradesh,2025-08-18
4442,Male,57,Lucknow,Uttar Pradesh,2025-09-12
4443,Male,28,Bengaluru,Karnataka,2025-06-06
4444,Female,43,Delhi,Delhi,2023-10-31
4445,Male,18,Delhi,Delhi,2021-08-31
4446,Male,47,Surat,Gujarat,2024-04-16
4447,Female,60,Pune,Maharashtra,2023-03-09
4448,Female,35,Jaipur,Rajasthan,2021-09-14
4449,Female,43,Bengaluru,Karnataka,2021-11-06
4450,Female,64,Kolkata,West Bengal,2022-05-31
4451,Female,26,Delhi,Delhi,2024-05-23
4452,Male,26,Chennai,Tamil Nadu,2023-11-20
4453,Male,18,Lucknow,Uttar Pradesh,2024-10-01
4454,Female,24,Jaipur,Rajasthan,2023-12-25
4455,Male,61,Lucknow,Uttar Pradesh,2022-09-28
4456,Male,59,Mumbai,Maharashtra,2023-03-08
4457,Male,33,Kolkata,West Bengal,2024-03-22
4458,Male,55,Mumbai,Maharashtra,2021-02-09
4459,Female,28,Delhi,Delhi,2023-11-16
4460,Female,42,Chennai,Tamil Nadu,2024-07-20
4461,Female,46,Delhi,Delhi,2024-03-28
4462,Female,36,Hyderabad,Telangana,2025-09-21
4463,Male,35,Surat,Gujarat,2025-12-05
4464,Male,64,Mumbai,Maharashtra,2022-08-04
4465,Other,46,Ahmedabad,Gujarat,2021-01-01
4466,Male,33,Delhi,Delhi,2021-03-20
4467,Male,63,Mumbai,Maharashtra,2024-06-05
4468,Female,57,Pune,Maharashtra,2024-09-12
4469,Female,25,Surat,Gujarat,2025-05-01
4470,Male,51,Lucknow,Uttar Pradesh,2022-09-12
4471,Female,23,Indore,Madhya Pradesh,2022-05-16
4472,Other,62,Surat,Gujarat,2025-02-07
4473,Male,62,Pune,Maharashtra,2024-10-10
4474,Female,47,Delhi,Delhi,2024-02-22
4475,Male,61,Ahmedabad,Gujarat,2025-08-11
4476,Female,51,Hyderabad,Telangana,2023-09-05
4477,Female,38,Delhi,Delhi,2024-12-18
4478,Female,29,Delhi,Delhi,2024-06-29
4479,Male,23,Chennai,Tamil Nadu,2025-03-18
4480,Male,56,Chennai,Tamil Nadu,2025-10-24
4481,Male,23,Pune,Maharashtra,2025-09-21
4482,Female,21,Hyderabad,Telangana,2025-03-11
4483,Male,26,Chennai,Tamil Nadu,2022-05-01
4484,Male,22,Chennai,Tamil Nadu,2022-04-23
4485,Male,27,Pune,Maharashtra,2025-05-26
4486,Male,64,Kolkata,West Bengal,2021-11-29
4487,Male,25,Mumbai,Maharashtra,2025-06-21
4488,Female,40,Delhi,Delhi,2024-06-09
4489,Male,21,Jaipur,Rajasthan,2025-04-15
4490,Male,54,Chennai,Tamil Nadu,2021-01-30
4491,Female,24,Bengaluru,Karnataka,2022-12-28
4492,Female,23,Kolkata,West Bengal,2021-06-22
4493,Male,62,Chennai,Tamil Nadu,2023-03-03
4494,Male,59,Jaipur,Rajasthan,2022-04-13
4495,Female,32,Kolkata,West Bengal,2025-02-08
4496,Male,52,Ahmedabad,Gujarat,2022-12-24
4497,Female,49,Hyderabad,Telangana,2024-09-02
4498,Male,31,Mumbai,Maharashtra,2022-02-01
4499,Male,52,Bengaluru,Karnataka,2021-05-05
4500,Male,28,Delhi,Delhi,2024-01-09
4501,Female,27,Chennai,Tamil Nadu,2022-11-27
4502,Female,34,Hyderabad,Telangana,2022-06-11
4503,Male,30,Bengaluru,Karnataka,2025-03-27
4504,Female,51,Mumbai,Maharashtra,2024-11-20
4505,Male,62,Hyderabad,Telangana,2024-01-18
4506,Male,22,Bengaluru,Karnataka,2023-10-24
4507,Female,65,Kolkata,West Bengal,2022-06-20
4508,Male,27,Mumbai,Maharashtra,2022-08-24
4509,Female,49,Chennai,Tamil Nadu,2025-03-25
4510,Female,29,Surat,Gujarat,2023-09-15
4511,Female,30,Pune,Maharashtra,2025-05-01
4512,Female,38,Hyderabad,Telangana,2022-08-29
4513,Male,65,Mumbai,Maharashtra,2023-12-31
4514,Male,50,Ahmedabad,Gujarat,2022-12-01
4515,Male,58,Chennai,Tamil Nadu,2021-05-19
4516,Male,65,Delhi,Delhi,2021-01-10
4517,Female,64,Hyderabad,Telangana,2025-03-19
4518,Male,49,Indore,Madhya Pradesh,2025-04-04
4519,Female,29,Pune,Maharashtra,2021-05-10
4520,Male,63,Mumbai,Maharashtra,2022-02-05
4521,Female,52,Lucknow,Uttar Pradesh,2024-05-29
4522,Female,53,Chennai,Tamil Nadu,2022-10-04
4523,Female,55,Indore,Madhya Pradesh,2022-03-13
4524,Male,65,Chennai,Tamil Nadu,2024-11-24
4525,Female,45,Jaipur,Rajasthan,2024-02-11
4526,Male,30,Delhi,Delhi,2025-08-01
4527,Male,29,Kolkata,West Bengal,2025-01-15
4528,Male,39,Indore,Madhya Pradesh,2025-04-28
4529,Female,61,Chennai,Tamil Nadu,2024-05-26
4530,Male,19,Pune,Maharashtra,2021-02-27
4531,Female,46,Bengaluru,Karnataka,2024-02-11
4532,Other,30,Pune,Maharashtra,2022-12-01
4533,Male,52,Bengaluru,Karnataka,2024-02-20
4534,Male,30,Bengaluru,Karnataka,2022-02-12
4535,Female,51,Chennai,Tamil Nadu,2025-01-23
4536,Male,36,Chennai,Tamil Nadu,2024-01-14
4537,Female,26,Delhi,Delhi,2025-06-30
4538,Male,48,Ahmedabad,Gujarat,2022-02-04
4539,Female,50,Mumbai,Maharashtra,2021-12-22
4540,Male,44,Mumbai,Maharashtra,2021-04-09
4541,Male,62,Pune,Maharashtra,2025-03-25
4542,Female,19,Hyderabad,Telangana,2022-06-02
4543,Male,32,Pune,Maharashtra,2021-04-18
4544,Male,36,Bengaluru,Karnataka,2021-06-01
4545,Male,48,Delhi,Delhi,2023-06-25
4546,Male,33,Jaipur,Rajasthan,2023-04-30
4547,Female,60,Mumbai,Maharashtra,2023-01-19
4548,Female,32,Ahmedabad,Gujarat,2021-01-27
4549,Female,23,Ahmedabad,Gujarat,2021-04-29
4550,Female,31,Jaipur,Rajasthan,2022-12-24
4551,Male,44,Indore,Madhya Pradesh,2021-04-10
4552,Male,55,Mumbai,Maharashtra,2021-01-03
4553,Female,36,Pune,Maharashtra,2023-03-17
4554,Female,54,Indore,Madhya Pradesh,2024-09-14
4555,Male,60,Hyderabad,Telangana,2025-04-02
4556,Male,21,Chennai,Tamil Nadu,2024-02-04
4557,Female,43,Ahmedabad,Gujarat,2024-06-07
4558,Female,26,Ahmedabad,Gujarat,2021-10-31
4559,Female,58,Indore,Madhya Pradesh,2021-06-26
4560,Male,57,Surat,Gujarat,2021-03-25
4561,Female,32,Kolkata,West Bengal,2021-09-20
4562,Male,58,Bengaluru,Karnataka,2024-05-04
4563,Male,54,Lucknow,Uttar Pradesh,2024-06-26
4564,Female,21,Mumbai,Maharashtra,2024-11-06
4565,Male,43,Bengaluru,Karnataka,2022-04-03
4566,Male,35,Indore,Madhya Pradesh,2025-08-12
4567,Other,58,Bengaluru,Karnataka,2025-10-08
4568,Female,52,Bengaluru,Karnataka,2022-02-13
4569,Female,58,Mumbai,Maharashtra,2024-01-10
4570,Male,58,Lucknow,Uttar Pradesh,2025-09-21
4571,Male,46,Hyderabad,Telangana,2024-12-06
4572,Female,41,Ahmedabad,Gujarat,2021-07-25
4573,Female,21,Bengaluru,Karnataka,2023-03-31
4574,Female,38,Kolkata,West Bengal,2023-10-12
4575,Male,56,Jaipur,Rajasthan,2025-12-10
4576,Male,24,Bengaluru,Karnataka,2023-03-13
4577,Other,40,Delhi,Delhi,2023-06-14
4578,Female,57,Pune,Maharashtra,2023-05-23
4579,Male,38,Surat,Gujarat,2022-01-23
4580,Male,18,Ahmedabad,Gujarat,2023-06-13
4581,Male,58,Indore,Madhya Pradesh,2023-02-06
4582,Male,42,Bengaluru,Karnataka,2024-11-23
4583,Male,48,Jaipur,Rajasthan,2023-10-29
4584,Male,61,Jaipur,Rajasthan,2025-07-08
4585,Female,55,Kolkata,West Bengal,2025-03-21
4586,Male,62,Surat,Gujarat,2022-03-26
4587,Other,22,Delhi,Delhi,2025-02-08
4588,Male,48,Mumbai,Maharashtra,2021-12-08
4589,Female,18,Ahmedabad,Gujarat,2024-01-02
4590,Male,47,Kolkata,West Bengal,2023-05-10
4591,Female,35,Chennai,Tamil Nadu,2021-05-01
4592,Other,25,Pune,Maharashtra,2021-10-29
4593,Female,43,Hyderabad,Telangana,2023-08-19
4594,Female,57,Bengaluru,Karnataka,2023-06-03
4595,Male,32,Delhi,Delhi,2023-05-31
4596,Female,36,Ahmedabad,Gujarat,2021-08-22
4597,Female,27,Kolkata,West Bengal,2021-03-07
4598,Other,41,Bengaluru,Karnataka,2021-08-18
4599,Male,33,Delhi,Delhi,2023-07-11
4600,Other,60,Bengaluru,Karnataka,2025-04-16
4601,Male,48,Pune,Maharashtra,2021-02-20
4602,Male,61,Jaipur,Rajasthan,2022-10-21
4603,Male,33,Indore,Madhya Pradesh,2025-06-19
4604,Male,33,Delhi,Delhi,2024-09-14
4605,Female,45,Kolkata,West Bengal,2022-01-22
4606,Female,37,Indore,Madhya Pradesh,2023-11-28
4607,Female,52,Lucknow,Uttar Pradesh,2025-09-30
4608,Female,26,Pune,Maharashtra,2023-01-23
4609,Female,57,Surat,Gujarat,2024-04-11
4610,Female,27,Delhi,Delhi,2022-05-08
4611,Male,62,Bengaluru,Karnataka,2025-11-27
4612,Female,35,Mumbai,Maharashtra,2025-01-18
4613,Female,62,Hyderabad,Telangana,2021-02-10
4614,Female,62,Mumbai,Maharashtra,2023-08-04
4615,Female,32,Bengaluru,Karnataka,2024-02-27
4616,Female,62,Bengaluru,Karnataka,2023-12-14
4617,Male,47,Jaipur,Rajasthan,2021-03-27
4618,Male,65,Lucknow,Uttar Pradesh,2025-10-14
4619,Female,49,Bengaluru,Karnataka,2024-07-16
4620,Female,57,Lucknow,Uttar Pradesh,2021-10-23
4621,Female,44,Lucknow,Uttar Pradesh,2023-11-11
4622,Male,44,Jaipur,Rajasthan,2024-05-23
4623,Male,36,Pune,Maharashtra,2022-03-01
4624,Female,27,Kolkata,West Bengal,2021-07-08
4625,Male,61,Surat,Gujarat,2021-06-10
4626,Female,63,Ahmedabad,Gujarat,2022-12-14
4627,Male,23,Bengaluru,Karnataka,2025-04-14
4628,Male,41,Hyderabad,Telangana,2022-01-16
4629,Female,26,Ahmedabad,Gujarat,2021-09-01
4630,Male,44,Hyderabad,Telangana,2021-07-02
4631,Female,24,Mumbai,Maharashtra,2022-06-28
4632,Female,23,Bengaluru,Karnataka,2023-02-18
4633,Male,50,Jaipur,Rajasthan,2023-08-06
4634,Female,38,Lucknow,Uttar Pradesh,2025-04-21
4635,Female,63,Mumbai,Maharashtra,2021-04-03
4636,Male,55,Surat,Gujarat,2022-01-03
4637,Male,61,Bengaluru,Karnataka,2021-06-08
4638,Male,34,Ahmedabad,Gujarat,2022-02-02
4639,Female,48,Kolkata,West Bengal,2024-04-18
4640,Female,54,Jaipur,Rajasthan,2022-03-14
4641,Female,28,Surat,Gujarat,2022-01-08
4642,Female,45,Bengaluru,Karnataka,2021-11-02
4643,Female,22,Lucknow,Uttar Pradesh,2023-09-12
4644,Female,29,Mumbai,Maharashtra,2024-11-03
4645,Female,20,Kolkata,West Bengal,2024-05-26
4646,Male,58,Kolkata,West Bengal,2023-09-09
4647,Female,55,Ahmedabad,Gujarat,2021-11-25
4648,Female,19,Bengaluru,Karnataka,2021-12-09
4649,Female,43,Lucknow,Uttar Pradesh,2025-10-29
4650,Female,19,Pune,Maharashtra,2022-12-25
4651,Male,29,Mumbai,Maharashtra,2024-04-01
4652,Female,57,Kolkata,West Bengal,2021-06-07
4653,Male,19,Hyderabad,Telangana,2024-02-08
4654,Female,58,Lucknow,Uttar Pradesh,2025-05-10
4655,Male,33,Delhi,Delhi,2021-12-16
4656,Female,47,Pune,Maharashtra,2022-12-27
4657,Female,64,Lucknow,Uttar Pradesh,2021-12-31
4658,Female,63,Chennai,Tamil Nadu,2021-01-15
4659,Male,53,Pune,Maharashtra,2021-06-02
4660,Other,21,Kolkata,West Bengal,2022-06-16
4661,Female,28,Hyderabad,Telangana,2023-08-25
4662,Female,41,Chennai,Tamil Nadu,2024-11-24
4663,Male,35,Hyderabad,Telangana,2023-12-12
4664,Female,44,Lucknow,Uttar Pradesh,2023-05-05
4665,Male,54,Lucknow,Uttar Pradesh,2022-04-14
4666,Female,19,Kolkata,West Bengal,2024-09-06
4667,Male,32,Mumbai,Maharashtra,2023-05-29
4668,Female,28,Lucknow,Uttar Pradesh,2022-08-19
4669,Female,44,Ahmedabad,Gujarat,2022-01-02
4670,Male,65,Kolkata,West Bengal,2025-02-18
4671,Female,64,Delhi,Delhi,2025-10-26
4672,Female,40,Lucknow,Uttar Pradesh,2022-10-03
4673,Male,52,Kolkata,West Bengal,2023-05-12
4674,Female,47,Mumbai,Maharashtra,2023-06-13
4675,Male,64,Delhi,Delhi,2023-11-06
4676,Male,41,Indore,Madhya Pradesh,2024-12-05
4677,Male,36,Mumbai,Maharashtra,2024-07-21
4678,Female,46,Surat,Gujarat,2022-08-12
4679,Male,30,Ahmedabad,Gujarat,2024-08-22
4680,Female,65,Ahmedabad,Gujarat,2021-04-02
4681,Female,40,Bengaluru,Karnataka,2022-04-03
4682,Male,29,Bengaluru,Karnataka,2024-07-17
4683,Female,65,Surat,Gujarat,2023-12-12
4684,Male,58,Bengaluru,Karnataka,2024-02-19
4685,Female,46,Jaipur,Rajasthan,2023-12-10
4686,Male,23,Delhi,Delhi,2025-02-07
4687,Male,40,Mumbai,Maharashtra,2025-02-24
4688,Female,48,Mumbai,Maharashtra,2025-12-14
4689,Female,62,Chennai,Tamil Nadu,2024-11-04
4690,Male,38,Surat,Gujarat,2025-07-14
4691,Female,41,Delhi,Delhi,2022-01-22
4692,Male,25,Delhi,Delhi,2025-06-19
4693,Female,61,Delhi,Delhi,2025-08-12
4694,Female,26,Hyderabad,Telangana,2024-08-05
4695,Male,39,Hyderabad,Telangana,2025-11-28
4696,Male,21,Lucknow,Uttar Pradesh,2025-01-17
4697,Male,30,Hyderabad,Telangana,2022-01-06
4698,Male,51,Hyderabad,Telangana,2021-07-03
4699,Male,20,Mumbai,Maharashtra,2023-02-11
4700,Female,54,Surat,Gujarat,2025-08-13
4701,Other,45,Bengaluru,Karnataka,2021-07-24
4702,Male,43,Mumbai,Maharashtra,2023-08-12
4703,Female,63,Ahmedabad,Gujarat,2021-06-21
4704,Female,51,Chennai,Tamil Nadu,2023-04-05
4705,Female,32,Delhi,Delhi,2021-08-10
4706,Female,25,Delhi,Delhi,2024-04-06
4707,Female,65,Jaipur,Rajasthan,2024-06-21
4708,Male,52,Pune,Maharashtra,2024-05-26
4709,Male,41,Lucknow,Uttar Pradesh,2023-12-16
4710,Male,54,Ahmedabad,Gujarat,2025-05-18
4711,Male,21,Delhi,Delhi,2022-09-07
4712,Male,29,Hyderabad,Telangana,2021-06-16
4713,Female,36,Bengaluru,Karnataka,2025-03-23
4714,Male,32,Kolkata,West Bengal,2021-05-22
4715,Female,47,Hyderabad,Telangana,2021-05-05
4716,Male,62,Bengaluru,Karnataka,2021-03-31
4717,Female,54,Chennai,Tamil Nadu,2021-11-07
4718,Female,29,Surat,Gujarat,2024-10-26
4719,Male,36,Delhi,Delhi,2023-08-10
4720,Male,51,Indore,Madhya Pradesh,2021-08-04
4721,Female,24,Delhi,Delhi,2025-01-04
4722,Male,45,Mumbai,Maharashtra,2025-07-17
4723,Male,45,Pune,Maharashtra,2024-04-24
4724,Male,46,Delhi,Delhi,2023-06-02
4725,Female,54,Pune,Maharashtra,2024-03-22
4726,Female,37,Mumbai,Maharashtra,2023-01-31
4727,Female,28,Indore,Madhya Pradesh,2025-07-08
4728,Female,56,Lucknow,Uttar Pradesh,2021-04-06
4729,Female,59,Kolkata,West Bengal,2022-12-11
4730,Female,40,Pune,Maharashtra,2024-09-21
4731,Female,63,Mumbai,Maharashtra,2025-03-19
4732,Male,37,Mumbai,Maharashtra,2021-05-29
4733,Male,37,Kolkata,West Bengal,2023-07-17
4734,Female,28,Indore,Madhya Pradesh,2025-07-05
4735,Female,19,Delhi,Delhi,2025-04-05
4736,Male,30,Mumbai,Maharashtra,2022-12-16
4737,Male,30,Hyderabad,Telangana,2023-06-02
4738,Female,58,Delhi,Delhi,2024-11-26
4739,Female,32,Delhi,Delhi,2025-09-14
4740,Male,48,Ahmedabad,Gujarat,2024-09-16
4741,Female,40,Kolkata,West Bengal,2024-06-04
4742,Female,39,Mumbai,Maharashtra,2021-12-24
4743,Female,33,Mumbai,Maharashtra,2022-08-11
4744,Male,59,Surat,Gujarat,2021-11-12
4745,Male,46,Bengaluru,Karnataka,2025-10-25
4746,Male,37,Mumbai,Maharashtra,2023-06-04
4747,Male,45,Pune,Maharashtra,2023-11-26
4748,Female,44,Mumbai,Maharashtra,2025-03-13
4749,Male,61,Delhi,Delhi,2025-02-10
4750,Other,46,Jaipur,Rajasthan,2024-12-22
4751,Male,22,Delhi,Delhi,2022-03-26
4752,Male,59,Hyderabad,Telangana,2023-04-25
4753,Female,55,Ahmedabad,Gujarat,2021-03-31
4754,Female,55,Hyderabad,Telangana,2022-06-25
4755,Male,61,Lucknow,Uttar Pradesh,2021-06-25
4756,Female,19,Lucknow,Uttar Pradesh,2024-12-14
4757,Female,62,Mumbai,Maharashtra,2025-10-22
4758,Female,37,Jaipur,Rajasthan,2022-10-10
4759,Female,60,Hyderabad,Telangana,2023-06-20
4760,Male,64,Surat,Gujarat,2022-11-18
4761,Female,30,Hyderabad,Telangana,2025-07-20
4762,Female,43,Surat,Gujarat,2024-04-09
4763,Male,52,Kolkata,West Bengal,2022-01-29
4764,Male,63,Bengaluru,Karnataka,2024-07-13
4765,Female,25,Chennai,Tamil Nadu,2022-05-19
4766,Male,45,Surat,Gujarat,2024-03-03
4767,Male,58,Lucknow,Uttar Pradesh,2025-12-13
4768,Other,32,Mumbai,Maharashtra,2023-08-14
4769,Male,25,Kolkata,West Bengal,2023-11-16
4770,Male,28,Delhi,Delhi,2024-07-24
4771,Female,46,Mumbai,Maharashtra,2021-04-10
4772,Female,22,Delhi,Delhi,2025-01-05
4773,Male,64,Bengaluru,Karnataka,2022-03-01
4774,Female,64,Jaipur,Rajasthan,2023-11-20
4775,Female,24,Bengaluru,Karnataka,2025-07-27
4776,Female,35,Lucknow,Uttar Pradesh,2023-06-25
4777,Male,45,Mumbai,Maharashtra,2022-05-11
4778,Male,29,Bengaluru,Karnataka,2022-10-13
4779,Male,29,Bengaluru,Karnataka,2023-09-25
4780,Female,53,Bengaluru,Karnataka,2024-04-29
4781,Female,46,Mumbai,Maharashtra,2024-04-25
4782,Female,28,Pune,Maharashtra,2021-05-20
4783,Female,23,Chennai,Tamil Nadu,2021-11-16
4784,Female,38,Bengaluru,Karnataka,2025-11-08
4785,Male,27,Delhi,Delhi,2022-01-04
4786,Female,49,Delhi,Delhi,2021-10-24
4787,Female,64,Lucknow,Uttar Pradesh,2024-05-08
4788,Female,50,Indore,Madhya Pradesh,2023-03-07
4789,Male,34,Hyderabad,Telangana,2024-11-03
4790,Female,20,Bengaluru,Karnataka,2024-01-09
4791,Male,60,Mumbai,Maharashtra,2025-01-10
4792,Male,35,Surat,Gujarat,2022-05-16
4793,Female,27,Mumbai,Maharashtra,2021-09-16
4794,Female,58,Bengaluru,Karnataka,2025-06-25
4795,Male,56,Bengaluru,Karnataka,2025-04-17
4796,Female,60,Bengaluru,Karnataka,2025-12-18
4797,Male,25,Pune,Maharashtra,2024-02-19
4798,Male,51,Jaipur,Rajasthan,2023-12-15
4799,Male,54,Mumbai,Maharashtra,2025-02-25
4800,Female,58,Ahmedabad,Gujarat,2021-01-18
4801,Female,50,Mumbai,Maharashtra,2024-08-25
4802,Female,27,Mumbai,Maharashtra,2025-07-15
4803,Female,57,Indore,Madhya Pradesh,2021-04-20
4804,Male,35,Pune,Maharashtra,2021-11-27
4805,Male,42,Lucknow,Uttar Pradesh,2025-05-16
4806,Female,59,Chennai,Tamil Nadu,2023-08-04
4807,Male,58,Mumbai,Maharashtra,2024-07-11
4808,Female,53,Surat,Gujarat,2021-09-25
4809,Female,19,Bengaluru,Karnataka,2022-03-11
4810,Female,36,Lucknow,Uttar Pradesh,2022-03-26
4811,Male,27,Pune,Maharashtra,2021-10-24
4812,Male,20,Lucknow,Uttar Pradesh,2025-07-21
4813,Female,36,Mumbai,Maharashtra,2024-03-06
4814,Male,43,Hyderabad,Telangana,2025-06-02
4815,Female,64,Jaipur,Rajasthan,2022-12-20
4816,Male,42,Indore,Madhya Pradesh,2023-10-18
4817,Male,34,Indore,Madhya Pradesh,2024-11-21
4818,Male,27,Jaipur,Rajasthan,2021-07-03
4819,Male,63,Indore,Madhya Pradesh,2022-02-16
4820,Female,28,Pune,Maharashtra,2025-06-13
4821,Male,28,Bengaluru,Karnataka,2021-11-16
4822,Male,29,Bengaluru,Karnataka,2023-01-11
4823,Male,57,Delhi,Delhi,2025-05-19
4824,Male,65,Delhi,Delhi,2024-09-11
4825,Male,25,Chennai,Tamil Nadu,2025-05-10
4826,Male,41,Pune,Maharashtra,2023-03-16
4827,Female,31,Kolkata,West Bengal,2022-02-21
4828,Female,40,Pune,Maharashtra,2025-12-22
4829,Female,53,Bengaluru,Karnataka,2023-06-01
4830,Female,34,Hyderabad,Telangana,2023-03-02
4831,Male,62,Jaipur,Rajasthan,2025-09-20
4832,Female,22,Kolkata,West Bengal,2025-09-23
4833,Female,20,Ahmedabad,Gujarat,2025-12-14
4834,Male,26,Pune,Maharashtra,2025-06-19
4835,Female,37,Chennai,Tamil Nadu,2021-03-31
4836,Male,37,Mumbai,Maharashtra,2023-01-29
4837,Male,36,Delhi,Delhi,2025-01-04
4838,Female,38,Delhi,Delhi,2024-01-04
4839,Male,33,Mumbai,Maharashtra,2022-07-28
4840,Male,50,Bengaluru,Karnataka,2025-10-24
4841,Male,22,Surat,Gujarat,2024-07-14
4842,Male,41,Surat,Gujarat,2023-08-21
4843,Male,32,Delhi,Delhi,2023-07-25
4844,Female,43,Mumbai,Maharashtra,2025-07-15
4845,Female,61,Pune,Maharashtra,2024-08-28
4846,Female,42,Delhi,Delhi,2025-02-15
4847,Male,45,Surat,Gujarat,2023-11-18
4848,Other,50,Pune,Maharashtra,2024-09-27
4849,Female,63,Jaipur,Rajasthan,2022-03-02
4850,Male,35,Mumbai,Maharashtra,2023-06-02
4851,Female,35,Surat,Gujarat,2023-02-25
4852,Female,55,Delhi,Delhi,2022-06-19
4853,Female,50,Jaipur,Rajasthan,2024-12-04
4854,Male,44,Delhi,Delhi,2025-06-23
4855,Male,32,Ahmedabad,Gujarat,2021-10-12
4856,Female,61,Pune,Maharashtra,2022-09-14
4857,Female,30,Pune,Maharashtra,2025-10-05
4858,Female,51,Indore,Madhya Pradesh,2024-02-04
4859,Female,21,Indore,Madhya Pradesh,2022-05-19
4860,Female,52,Indore,Madhya Pradesh,2021-02-15
4861,Male,36,Ahmedabad,Gujarat,2025-11-28
4862,Female,48,Jaipur,Rajasthan,2025-01-10
4863,Male,42,Mumbai,Maharashtra,2024-03-13
4864,Female,57,Bengaluru,Karnataka,2022-06-21
4865,Female,29,Bengaluru,Karnataka,2021-03-03
4866,Male,29,Ahmedabad,Gujarat,2025-11-01
4867,Female,59,Delhi,Delhi,2024-01-11
4868,Male,42,Pune,Maharashtra,2021-12-02
4869,Male,50,Chennai,Tamil Nadu,2021-07-30
4870,Male,54,Jaipur,Rajasthan,2022-02-04
4871,Male,45,Delhi,Delhi,2022-12-10
4872,Male,60,Mumbai,Maharashtra,2021-12-13
4873,Male,26,Pune,Maharashtra,2024-05-06
4874,Female,31,Bengaluru,Karnataka,2022-01-12
4875,Female,20,Bengaluru,Karnataka,2024-03-31
4876,Female,22,Ahmedabad,Gujarat,2024-05-16
4877,Male,43,Chennai,Tamil Nadu,2023-04-01
4878,Female,58,Kolkata,West Bengal,2023-07-08
4879,Female,35,Delhi,Delhi,2024-12-21
4880,Male,55,Lucknow,Uttar Pradesh,2021-02-13
4881,Female,38,Pune,Maharashtra,2023-03-11
4882,Male,56,Hyderabad,Telangana,2025-02-23
4883,Female,33,Jaipur,Rajasthan,2024-07-26
4884,Male,57,Pune,Maharashtra,2023-02-26
4885,Male,40,Mumbai,Maharashtra,2023-01-03
4886,Female,46,Indore,Madhya Pradesh,2023-08-26
4887,Male,27,Delhi,Delhi,2025-12-26
4888,Male,22,Ahmedabad,Gujarat,2024-03-15
4889,Female,28,Mumbai,Maharashtra,2023-12-29
4890,Female,46,Kolkata,West Bengal,2022-10-14
4891,Female,62,Bengaluru,Karnataka,2022-06-06
4892,Male,44,Mumbai,Maharashtra,2021-04-21
4893,Male,51,Chennai,Tamil Nadu,2025-04-22
4894,Female,31,Bengaluru,Karnataka,2025-06-05
4895,Male,58,Delhi,Delhi,2022-08-31
4896,Male,59,Mumbai,Maharashtra,2023-12-15
4897,Female,27,Pune,Maharashtra,2025-07-26
4898,Male,59,Bengaluru,Karnataka,2024-05-31
4899,Male,28,Mumbai,Maharashtra,2023-06-15
4900,Male,28,Indore,Madhya Pradesh,2025-05-18
4901,Male,52,Mumbai,Maharashtra,2022-06-08
4902,Male,36,Hyderabad,Telangana,2021-05-26
4903,Male,41,Mumbai,Maharashtra,2021-09-21
4904,Male,18,Bengaluru,Karnataka,2025-04-17
4905,Female,29,Indore,Madhya Pradesh,2022-04-13
4906,Female,64,Pune,Maharashtra,2025-05-04
4907,Male,31,Surat,Gujarat,2023-05-22
4908,Female,20,Pune,Maharashtra,2023-08-17
4909,Male,62,Kolkata,West Bengal,2024-04-25
4910,Male,49,Chennai,Tamil Nadu,2024-09-28
4911,Male,33,Indore,Madhya Pradesh,2024-01-28
4912,Female,55,Chennai,Tamil Nadu,2022-11-10
4913,Female,27,Chennai,Tamil Nadu,2024-08-22
4914,Female,34,Pune,Maharashtra,2025-10-15
4915,Male,57,Pune,Maharashtra,2024-05-07
4916,Male,21,Indore,Madhya Pradesh,2023-01-28
4917,Female,32,Bengaluru,Karnataka,2024-03-23
4918,Male,50,Delhi,Delhi,2023-07-08
4919,Female,56,Kolkata,West Bengal,2024-01-25
4920,Female,27,Bengaluru,Karnataka,2022-07-29
4921,Female,24,Surat,Gujarat,2022-12-07
4922,Female,50,Kolkata,West Bengal,2023-04-14
4923,Female,34,Chennai,Tamil Nadu,2024-10-14
4924,Female,29,Indore,Madhya Pradesh,2023-03-25
4925,Female,34,Mumbai,Maharashtra,2022-02-03
4926,Male,64,Bengaluru,Karnataka,2025-12-13
4927,Female,33,Hyderabad,Telangana,2024-10-31
4928,Male,31,Bengaluru,Karnataka,2022-08-25
4929,Male,20,Kolkata,West Bengal,2021-11-24
4930,Male,61,Indore,Madhya Pradesh,2024-07-19
4931,Male,47,Delhi,Delhi,2025-06-09
4932,Female,63,Delhi,Delhi,2024-08-11
4933,Female,58,Surat,Gujarat,2022-01-30
4934,Male,52,Hyderabad,Telangana,2025-02-04
4935,Male,43,Hyderabad,Telangana,2022-07-02
4936,Female,29,Delhi,Delhi,2023-11-08
4937,Female,48,Indore,Madhya Pradesh,2023-07-08
4938,Female,34,Chennai,Tamil Nadu,2021-03-18
4939,Male,54,Jaipur,Rajasthan,2023-12-09
4940,Female,25,Jaipur,Rajasthan,2025-03-02
4941,Male,36,Delhi,Delhi,2024-12-20
4942,Male,43,Delhi,Delhi,2025-11-07
4943,Male,21,Lucknow,Uttar Pradesh,2025-04-29
4944,Male,32,Delhi,Delhi,2023-10-15
4945,Male,64,Jaipur,Rajasthan,2025-07-03
4946,Other,31,Surat,Gujarat,2021-05-09
4947,Male,47,Ahmedabad,Gujarat,2022-06-03
4948,Male,65,Kolkata,West Bengal,2021-10-31
4949,Male,59,Jaipur,Rajasthan,2024-02-10
4950,Male,41,Lucknow,Uttar Pradesh,2022-12-26
4951,Female,63,Delhi,Delhi,2023-07-01
4952,Male,60,Mumbai,Maharashtra,2023-03-27
4953,Female,51,Delhi,Delhi,2023-09-01
4954,Male,36,Ahmedabad,Gujarat,2023-03-30
4955,Female,20,Hyderabad,Telangana,2021-12-29
4956,Female,21,Kolkata,West Bengal,2023-12-26
4957,Female,28,Delhi,Delhi,2023-11-21
4958,Female,30,Ahmedabad,Gujarat,2024-08-11
4959,Female,35,Pune,Maharashtra,2025-12-06
4960,Male,36,Kolkata,West Bengal,2023-03-20
4961,Female,61,Chennai,Tamil Nadu,2024-09-04
4962,Female,50,Pune,Maharashtra,2023-11-04
4963,Female,55,Bengaluru,Karnataka,2022-07-24
4964,Male,20,Kolkata,West Bengal,2023-08-28
4965,Male,52,Hyderabad,Telangana,2024-06-19
4966,Female,18,Pune,Maharashtra,2021-12-19
4967,Male,52,Surat,Gujarat,2024-06-25
4968,Male,53,Kolkata,West Bengal,2022-09-02
4969,Male,55,Surat,Gujarat,2022-04-13
4970,Female,56,Delhi,Delhi,2023-07-13
4971,Other,42,Hyderabad,Telangana,2022-01-23
4972,Female,57,Indore,Madhya Pradesh,2025-08-25
4973,Male,30,Hyderabad,Telangana,2023-01-29
4974,Male,21,Kolkata,West Bengal,2022-03-18
4975,Male,23,Bengaluru,Karnataka,2024-09-27
4976,Female,28,Hyderabad,Telangana,2022-05-31
4977,Female,18,Mumbai,Maharashtra,2025-12-02
4978,Male,25,Pune,Maharashtra,2023-04-23
4979,Female,51,Mumbai,Maharashtra,2021-02-14
4980,Female,57,Mumbai,Maharashtra,2024-12-13
4981,Male,26,Surat,Gujarat,2022-12-24
4982,Male,53,Bengaluru,Karnataka,2023-01-26
4983,Other,56,Ahmedabad,Gujarat,2021-07-22
4984,Male,59,Lucknow,Uttar Pradesh,2025-10-05
4985,Female,54,Chennai,Tamil Nadu,2022-06-23
4986,Male,59,Pune,Maharashtra,2022-01-21
4987,Female,61,Kolkata,West Bengal,2022-09-22
4988,Female,38,Chennai,Tamil Nadu,2023-08-26
4989,Female,37,Kolkata,West Bengal,2023-01-08
4990,Female,55,Jaipur,Rajasthan,2021-12-26
4991,Female,18,Surat,Gujarat,2025-01-31
4992,Female,52,Chennai,Tamil Nadu,2023-09-10
4993,Male,45,Delhi,Delhi,2021-07-24
4994,Male,24,Ahmedabad,Gujarat,2024-06-24
4995,Female,60,Mumbai,Maharashtra,2023-09-18
4996,Female,61,Indore,Madhya Pradesh,2023-12-09
4997,Male,26,Mumbai,Maharashtra,2022-01-01
4998,Male,18,Bengaluru,Karnataka,2021-09-10
4999,Female,53,Jaipur,Rajasthan,2021-03-19
5000,Male,51,Chennai,Tamil Nadu,2023-02-08
5001,Female,51,Delhi,Delhi,2022-09-24
5002,Female,34,Hyderabad,Telangana,2023-09-14
5003,Female,49,Lucknow,Uttar Pradesh,2022-02-21
5004,Male,19,Delhi,Delhi,2023-11-25
5005,Male,53,Lucknow,Uttar Pradesh,2025-01-01
5006,Male,42,Mumbai,Maharashtra,2021-11-08
5007,Male,60,Jaipur,Rajasthan,2024-03-12
5008,Female,43,Lucknow,Uttar Pradesh,2021-07-16
5009,Female,62,Pune,Maharashtra,2023-09-24
5010,Male,43,Delhi,Delhi,2021-09-17
5011,Male,38,Pune,Maharashtra,2024-10-21
5012,Male,35,Kolkata,West Bengal,2022-08-19
5013,Other,46,Chennai,Tamil Nadu,2024-04-30
5014,Male,41,Ahmedabad,Gujarat,2025-02-19
5015,Female,64,Pune,Maharashtra,2022-06-18
5016,Female,45,Pune,Maharashtra,2021-01-24
5017,Female,29,Mumbai,Maharashtra,2023-08-01
5018,Female,28,Bengaluru,Karnataka,2024-01-04
5019,Male,44,Chennai,Tamil Nadu,2025-07-28
5020,Female,40,Lucknow,Uttar Pradesh,2023-07-12
5021,Male,50,Ahmedabad,Gujarat,2024-11-18
5022,Female,33,Delhi,Delhi,2022-11-10
5023,Male,45,Surat,Gujarat,2025-01-21
5024,Female,45,Kolkata,West Bengal,2021-04-20
5025,Male,62,Indore,Madhya Pradesh,2021-03-31
5026,Female,55,Hyderabad,Telangana,2021-02-06
5027,Male,23,Bengaluru,Karnataka,2023-04-02
5028,Female,59,Mumbai,Maharashtra,2023-09-20
5029,Male,46,Kolkata,West Bengal,2025-05-06
5030,Male,51,Mumbai,Maharashtra,2022-07-26
5031,Female,20,Bengaluru,Karnataka,2022-08-07
5032,Female,23,Chennai,Tamil Nadu,2025-07-22
5033,Male,65,Chennai,Tamil Nadu,2021-11-03
5034,Female,55,Chennai,Tamil Nadu,2021-03-03
5035,Female,30,Pune,Maharashtra,2021-11-01
5036,Female,53,Delhi,Delhi,2021-06-28
5037,Male,32,Ahmedabad,Gujarat,2022-06-24
5038,Male,23,Surat,Gujarat,2025-11-11
5039,Female,50,Kolkata,West Bengal,2023-07-21
5040,Male,58,Indore,Madhya Pradesh,2025-11-03
5041,Female,29,Jaipur,Rajasthan,2025-08-16
5042,Male,60,Chennai,Tamil Nadu,2023-07-21
5043,Male,30,Pune,Maharashtra,2023-04-25
5044,Female,50,Ahmedabad,Gujarat,2025-01-07
5045,Female,45,Ahmedabad,Gujarat,2025-03-23
5046,Female,53,Chennai,Tamil Nadu,2025-05-20
5047,Male,22,Hyderabad,Telangana,2025-07-17
5048,Male,42,Hyderabad,Telangana,2023-11-26
5049,Male,34,Bengaluru,Karnataka,2023-01-20
5050,Female,54,Hyderabad,Telangana,2025-02-10
5051,Female,36,Pune,Maharashtra,2024-01-02
5052,Female,52,Jaipur,Rajasthan,2023-11-20
5053,Male,60,Pune,Maharashtra,2023-01-09
5054,Female,51,Mumbai,Maharashtra,2024-08-19
5055,Male,63,Delhi,Delhi,2024-10-02
5056,Female,23,Ahmedabad,Gujarat,2023-03-08
5057,Male,36,Delhi,Delhi,2025-03-15
5058,Female,18,Bengaluru,Karnataka,2025-03-21
5059,Male,24,Chennai,Tamil Nadu,2023-12-25
5060,Male,51,Delhi,Delhi,2023-01-17
5061,Male,36,Indore,Madhya Pradesh,2022-09-19
5062,Male,50,Indore,Madhya Pradesh,2022-03-29
5063,Male,43,Hyderabad,Telangana,2023-04-11
5064,Male,58,Bengaluru,Karnataka,2023-01-28
5065,Male,59,Kolkata,West Bengal,2023-05-11
5066,Female,44,Mumbai,Maharashtra,2025-04-02
5067,Male,55,Hyderabad,Telangana,2023-03-30
5068,Female,43,Bengaluru,Karnataka,2024-10-24
5069,Male,52,Indore,Madhya Pradesh,2023-11-27
5070,Female,37,Mumbai,Maharashtra,2022-01-16
5071,Female,41,Chennai,Tamil Nadu,2024-05-27
5072,Male,64,Kolkata,West Bengal,2022-10-11
5073,Female,38,Hyderabad,Telangana,2021-09-03
5074,Male,43,Mumbai,Maharashtra,2025-04-23
5075,Female,37,Surat,Gujarat,2021-09-08
5076,Female,23,Hyderabad,Telangana,2022-07-19
5077,Male,20,Ahmedabad,Gujarat,2023-06-28
5078,Male,27,Bengaluru,Karnataka,2024-10-01
5079,Male,29,Hyderabad,Telangana,2023-04-01
5080,Male,50,Delhi,Delhi,2022-12-16
5081,Female,39,Mumbai,Maharashtra,2022-04-17
5082,Male,33,Mumbai,Maharashtra,2025-05-04
5083,Male,34,Lucknow,Uttar Pradesh,2021-05-02
5084,Male,27,Bengaluru,Karnataka,2024-09-11
5085,Male,29,Pune,Maharashtra,2025-04-01
5086,Male,36,Hyderabad,Telangana,2023-02-20
5087,Female,57,Jaipur,Rajasthan,2023-01-18
5088,Male,40,Mumbai,Maharashtra,2021-05-01
5089,Female,57,Chennai,Tamil Nadu,2021-05-19
5090,Male,27,Mumbai,Maharashtra,2021-03-28
5091,Male,27,Mumbai,Maharashtra,2021-05-10
5092,Female,27,Mumbai,Maharashtra,2021-09-09
5093,Male,56,Lucknow,Uttar Pradesh,2023-02-26
5094,Male,47,Mumbai,Maharashtra,2024-10-15
5095,Female,21,Mumbai,Maharashtra,2024-12-24
5096,Female,18,Delhi,Delhi,2021-02-16
5097,Male,60,Lucknow,Uttar Pradesh,2025-06-03
5098,Female,36,Bengaluru,Karnataka,2022-05-16
5099,Female,22,Delhi,Delhi,2022-03-01
5100,Male,47,Mumbai,Maharashtra,2024-10-30
5101,Male,43,Hyderabad,Telangana,2023-08-23
5102,Male,57,Chennai,Tamil Nadu,2023-01-01
5103,Male,51,Chennai,Tamil Nadu,2021-04-21
5104,Female,19,Bengaluru,Karnataka,2024-06-04
5105,Female,41,Bengaluru,Karnataka,2025-12-16
5106,Female,31,Mumbai,Maharashtra,2025-11-27
5107,Male,58,Delhi,Delhi,2023-11-29
5108,Male,59,Mumbai,Maharashtra,2021-05-15
5109,Female,30,Jaipur,Rajasthan,2024-08-11
5110,Male,46,Surat,Gujarat,2022-09-02
5111,Female,18,Surat,Gujarat,2023-11-24
5112,Female,63,Lucknow,Uttar Pradesh,2023-09-14
5113,Female,51,Chennai,Tamil Nadu,2022-03-04
5114,Male,21,Kolkata,West Bengal,2023-12-28
5115,Male,45,Bengaluru,Karnataka,2025-09-23
5116,Female,36,Ahmedabad,Gujarat,2021-07-18
5117,Female,18,Hyderabad,Telangana,2022-07-14
5118,Female,53,Hyderabad,Telangana,2021-09-16
5119,Male,60,Kolkata,West Bengal,2022-12-26
5120,Female,30,Bengaluru,Karnataka,2022-11-05
5121,Female,59,Bengaluru,Karnataka,2025-07-07
5122,Male,22,Indore,Madhya Pradesh,2021-05-17
5123,Female,50,Mumbai,Maharashtra,2023-07-05
5124,Female,31,Hyderabad,Telangana,2023-07-25
5125,Male,33,Indore,Madhya Pradesh,2022-01-16
5126,Male,49,Ahmedabad,Gujarat,2025-03-28
5127,Female,44,Chennai,Tamil Nadu,2021-08-26
5128,Male,52,Bengaluru,Karnataka,2024-07-31
5129,Female,20,Delhi,Delhi,2022-11-19
5130,Male,21,Lucknow,Uttar Pradesh,2025-10-27
5131,Male,24,Chennai,Tamil Nadu,2022-04-03
5132,Other,30,Hyderabad,Telangana,2025-05-30
5133,Female,58,Mumbai,Maharashtra,2024-03-04
5134,Male,20,Mumbai,Maharashtra,2021-03-23
5135,Female,34,Surat,Gujarat,2022-08-18
5136,Male,64,Delhi,Delhi,2022-10-16
5137,Male,27,Chennai,Tamil Nadu,2024-05-17
5138,Male,64,Mumbai,Maharashtra,2025-10-17
5139,Male,18,Ahmedabad,Gujarat,2022-02-07
5140,Female,45,Indore,Madhya Pradesh,2023-04-02
5141,Female,27,Chennai,Tamil Nadu,2025-11-26
5142,Other,24,Mumbai,Maharashtra,2021-07-07
5143,Female,56,Chennai,Tamil Nadu,2022-05-08
5144,Male,20,Jaipur,Rajasthan,2025-11-18
5145,Female,24,Delhi,Delhi,2021-09-12
5146,Other,26,Lucknow,Uttar Pradesh,2024-09-08
5147,Female,57,Ahmedabad,Gujarat,2025-08-25
5148,Female,52,Indore,Madhya Pradesh,2022-03-01
5149,Female,43,Ahmedabad,Gujarat,2024-12-09
5150,Male,22,Mumbai,Maharashtra,2024-04-05
5151,Female,30,Bengaluru,Karnataka,2025-06-02
5152,Female,62,Pune,Maharashtra,2022-04-30
5153,Female,47,Indore,Madhya Pradesh,2022-03-12
5154,Male,57,Jaipur,Rajasthan,2025-09-07
5155,Female,56,Ahmedabad,Gujarat,2025-04-05
5156,Female,27,Bengaluru,Karnataka,2025-06-20
5157,Male,59,Pune,Maharashtra,2025-02-13
5158,Female,40,Kolkata,West Bengal,2021-06-29
5159,Male,28,Hyderabad,Telangana,2025-06-19
5160,Male,29,Bengaluru,Karnataka,2023-12-31
5161,Male,30,Ahmedabad,Gujarat,2025-09-22
5162,Female,57,Mumbai,Maharashtra,2023-06-20
5163,Male,63,Bengaluru,Karnataka,2025-01-04
5164,Female,33,Hyderabad,Telangana,2022-10-06
5165,Male,26,Pune,Maharashtra,2021-05-19
5166,Male,27,Surat,Gujarat,2023-02-26
5167,Male,46,Pune,Maharashtra,2021-04-12
5168,Male,26,Mumbai,Maharashtra,2022-04-13
5169,Female,50,Pune,Maharashtra,2021-10-10
5170,Female,41,Jaipur,Rajasthan,2023-11-19
5171,Male,52,Delhi,Delhi,2021-01-18
5172,Male,28,Chennai,Tamil Nadu,2023-01-26
5173,Female,56,Mumbai,Maharashtra,2022-11-18
5174,Male,30,Mumbai,Maharashtra,2025-03-12
5175,Female,40,Hyderabad,Telangana,2022-08-24
5176,Female,42,Jaipur,Rajasthan,2023-11-10
5177,Male,33,Indore,Madhya Pradesh,2024-09-11
5178,Male,65,Mumbai,Maharashtra,2024-10-11
5179,Female,38,Chennai,Tamil Nadu,2022-03-09
5180,Male,27,Indore,Madhya Pradesh,2024-11-23
5181,Male,58,Delhi,Delhi,2023-11-08
5182,Male,57,Lucknow,Uttar Pradesh,2025-04-23
5183,Female,36,Mumbai,Maharashtra,2022-01-11
5184,Female,52,Indore,Madhya Pradesh,2025-06-13
5185,Male,45,Kolkata,West Bengal,2024-09-25
5186,Female,58,Surat,Gujarat,2024-03-19
5187,Male,19,Ahmedabad,Gujarat,2023-10-08
5188,Female,47,Delhi,Delhi,2022-12-17
5189,Male,57,Indore,Madhya Pradesh,2024-06-10
5190,Female,57,Bengaluru,Karnataka,2024-02-02
5191,Female,22,Bengaluru,Karnataka,2023-10-21
5192,Male,55,Kolkata,West Bengal,2025-07-05
5193,Male,59,Jaipur,Rajasthan,2023-01-07
5194,Male,32,Indore,Madhya Pradesh,2021-08-09
5195,Male,53,Pune,Maharashtra,2023-11-16
5196,Male,20,Jaipur,Rajasthan,2023-12-24
5197,Female,41,Kolkata,West Bengal,2021-09-11
5198,Female,58,Mumbai,Maharashtra,2024-06-26
5199,Male,65,Delhi,Delhi,2023-01-06
5200,Female,65,Bengaluru,Karnataka,2023-04-06
5201,Female,64,Bengaluru,Karnataka,2024-02-29
5202,Female,58,Surat,Gujarat,2021-01-30
5203,Male,29,Ahmedabad,Gujarat,2023-02-26
5204,Male,25,Kolkata,West Bengal,2021-01-10
5205,Male,31,Surat,Gujarat,2024-01-18
5206,Male,35,Delhi,Delhi,2022-03-06
5207,Female,61,Jaipur,Rajasthan,2024-03-16
5208,Female,63,Delhi,Delhi,2024-02-25
5209,Male,37,Lucknow,Uttar Pradesh,2022-11-29
5210,Male,40,Pune,Maharashtra,2021-05-04
5211,Female,22,Surat,Gujarat,2025-07-01
5212,Female,18,Pune,Maharashtra,2024-09-26
5213,Female,62,Bengaluru,Karnataka,2025-03-22
5214,Male,63,Kolkata,West Bengal,2021-02-20
5215,Female,19,Delhi,Delhi,2022-02-02
5216,Female,33,Chennai,Tamil Nadu,2021-11-10
5217,Female,22,Hyderabad,Telangana,2022-10-10
5218,Male,39,Kolkata,West Bengal,2022-05-29
5219,Male,18,Bengaluru,Karnataka,2022-05-17
5220,Male,29,Mumbai,Maharashtra,2022-06-14
5221,Female,36,Bengaluru,Karnataka,2025-11-20
5222,Female,39,Hyderabad,Telangana,2022-11-28
5223,Other,59,Pune,Maharashtra,2023-01-04
5224,Female,61,Delhi,Delhi,2025-10-30
5225,Male,65,Delhi,Delhi,2023-05-10
5226,Male,34,Mumbai,Maharashtra,2022-02-23
5227,Male,30,Chennai,Tamil Nadu,2021-07-13
5228,Male,56,Indore,Madhya Pradesh,2021-11-08
5229,Female,45,Pune,Maharashtra,2023-09-23
5230,Female,20,Chennai,Tamil Nadu,2022-12-23
5231,Male,22,Ahmedabad,Gujarat,2024-08-15
5232,Female,53,Delhi,Delhi,2024-09-14
5233,Female,32,Kolkata,West Bengal,2022-04-21
5234,Male,34,Delhi,Delhi,2022-08-07
5235,Male,61,Hyderabad,Telangana,2021-04-27
5236,Male,63,Mumbai,Maharashtra,2021-09-21
5237,Male,46,Kolkata,West Bengal,2025-03-21
5238,Female,21,Ahmedabad,Gujarat,2025-12-10
5239,Male,49,Mumbai,Maharashtra,2025-03-23
5240,Male,60,Delhi,Delhi,2021-01-21
5241,Other,55,Surat,Gujarat,2022-04-22
5242,Female,21,Delhi,Delhi,2022-07-03
5243,Male,30,Hyderabad,Telangana,2024-04-11
5244,Female,37,Indore,Madhya Pradesh,2023-08-06
5245,Male,64,Kolkata,West Bengal,2023-10-18
5246,Male,35,Chennai,Tamil Nadu,2023-12-22
5247,Female,59,Jaipur,Rajasthan,2021-07-25
5248,Male,54,Lucknow,Uttar Pradesh,2025-06-25
5249,Female,29,Hyderabad,Telangana,2022-09-23
5250,Male,42,Hyderabad,Telangana,2021-06-28
5251,Male,47,Delhi,Delhi,2025-07-26
5252,Female,32,Surat,Gujarat,2023-06-07
5253,Male,53,Kolkata,West Bengal,2021-12-08
5254,Female,25,Mumbai,Maharashtra,2022-03-16
5255,Female,45,Lucknow,Uttar Pradesh,2024-01-04
5256,Female,39,Hyderabad,Telangana,2021-10-17
5257,Female,55,Mumbai,Maharashtra,2022-07-11
5258,Male,33,Chennai,Tamil Nadu,2024-03-13
5259,Female,22,Delhi,Delhi,2022-10-11
5260,Female,63,Lucknow,Uttar Pradesh,2021-07-27
5261,Female,51,Pune,Maharashtra,2025-11-02
5262,Female,55,Lucknow,Uttar Pradesh,2021-09-29
5263,Female,28,Chennai,Tamil Nadu,2025-06-19
5264,Male,19,Mumbai,Maharashtra,2022-02-19
5265,Female,42,Surat,Gujarat,2024-11-21
5266,Male,42,Hyderabad,Telangana,2022-01-19
5267,Male,18,Bengaluru,Karnataka,2024-07-08
5268,Female,48,Hyderabad,Telangana,2023-06-10
5269,Male,22,Lucknow,Uttar Pradesh,2025-07-21
5270,Male,57,Bengaluru,Karnataka,2024-04-05
5271,Male,21,Pune,Maharashtra,2023-11-08
5272,Female,22,Mumbai,Maharashtra,2022-10-22
5273,Male,22,Bengaluru,Karnataka,2021-09-04
5274,Female,33,Jaipur,Rajasthan,2025-07-24
5275,Male,35,Hyderabad,Telangana,2024-08-12
5276,Male,60,Bengaluru,Karnataka,2022-02-18
5277,Male,34,Pune,Maharashtra,2025-12-07
5278,Female,52,Bengaluru,Karnataka,2024-09-05
5279,Male,35,Indore,Madhya Pradesh,2025-04-27
5280,Female,21,Delhi,Delhi,2022-12-16
5281,Female,48,Surat,Gujarat,2025-09-13
5282,Female,48,Hyderabad,Telangana,2021-06-30
5283,Female,26,Pune,Maharashtra,2024-08-12
5284,Male,48,Indore,Madhya Pradesh,2025-08-07
5285,Female,22,Hyderabad,Telangana,2023-08-02
5286,Female,53,Kolkata,West Bengal,2023-06-12
5287,Female,33,Surat,Gujarat,2021-03-02
5288,Female,59,Mumbai,Maharashtra,2024-05-17
5289,Female,58,Mumbai,Maharashtra,2021-06-15
5290,Other,33,Kolkata,West Bengal,2023-10-06
5291,Male,37,Bengaluru,Karnataka,2024-08-16
5292,Female,47,Pune,Maharashtra,2022-10-17
5293,Female,43,Mumbai,Maharashtra,2021-12-17
5294,Female,48,Mumbai,Maharashtra,2023-12-21
5295,Male,32,Jaipur,Rajasthan,2021-09-20
5296,Female,58,Mumbai,Maharashtra,2021-05-04
5297,Female,55,Hyderabad,Telangana,2024-06-15
5298,Male,55,Chennai,Tamil Nadu,2025-04-15
5299,Female,60,Delhi,Delhi,2023-07-21
5300,Male,37,Mumbai,Maharashtra,2025-11-26
5301,Other,52,Jaipur,Rajasthan,2024-01-19
5302,Male,40,Mumbai,Maharashtra,2021-05-19
5303,Male,61,Jaipur,Rajasthan,2024-10-17
5304,Male,64,Indore,Madhya Pradesh,2024-12-07
5305,Female,56,Delhi,Delhi,2023-05-10
5306,Male,42,Chennai,Tamil Nadu,2025-10-09
5307,Female,39,Hyderabad,Telangana,2024-01-22
5308,Female,64,Delhi,Delhi,2021-05-14
5309,Female,25,Indore,Madhya Pradesh,2024-05-12
5310,Male,26,Indore,Madhya Pradesh,2023-03-30
5311,Other,32,Bengaluru,Karnataka,2025-07-04
5312,Female,65,Ahmedabad,Gujarat,2023-11-28
5313,Male,37,Indore,Madhya Pradesh,2023-10-15
5314,Male,52,Surat,Gujarat,2022-04-02
5315,Male,54,Hyderabad,Telangana,2025-04-07
5316,Female,20,Hyderabad,Telangana,2025-10-27
5317,Male,51,Bengaluru,Karnataka,2022-03-14
5318,Male,51,Surat,Gujarat,2022-11-11
5319,Female,53,Pune,Maharashtra,2022-10-09
5320,Female,52,Chennai,Tamil Nadu,2022-09-14
5321,Female,26,Bengaluru,Karnataka,2024-06-01
5322,Female,47,Bengaluru,Karnataka,2024-04-06
5323,Male,43,Delhi,Delhi,2024-02-05
5324,Female,29,Surat,Gujarat,2024-11-04
5325,Male,41,Mumbai,Maharashtra,2021-01-24
5326,Female,58,Chennai,Tamil Nadu,2025-03-15
5327,Female,36,Mumbai,Maharashtra,2023-03-20
5328,Male,61,Pune,Maharashtra,2024-08-23
5329,Female,33,Delhi,Delhi,2023-07-24
5330,Male,43,Hyderabad,Telangana,2024-10-13
5331,Male,40,Bengaluru,Karnataka,2022-01-05
5332,Female,50,Bengaluru,Karnataka,2023-09-24
5333,Female,59,Mumbai,Maharashtra,2025-10-13
5334,Female,47,Bengaluru,Karnataka,2021-06-20
5335,Female,40,Surat,Gujarat,2025-05-24
5336,Female,27,Surat,Gujarat,2021-08-10
5337,Male,53,Bengaluru,Karnataka,2022-03-19
5338,Male,48,Chennai,Tamil Nadu,2024-03-22
5339,Male,60,Indore,Madhya Pradesh,2023-05-12
5340,Male,39,Mumbai,Maharashtra,2022-01-11
5341,Female,60,Jaipur,Rajasthan,2021-10-08
5342,Male,60,Surat,Gujarat,2022-12-14
5343,Male,55,Mumbai,Maharashtra,2024-05-27
5344,Male,64,Pune,Maharashtra,2023-08-16
5345,Female,19,Surat,Gujarat,2025-06-28
5346,Female,40,Chennai,Tamil Nadu,2023-03-22
5347,Male,52,Mumbai,Maharashtra,2023-04-07
5348,Female,54,Bengaluru,Karnataka,2022-05-01
5349,Male,49,Hyderabad,Telangana,2025-03-14
5350,Female,60,Kolkata,West Bengal,2021-12-01
5351,Male,29,Kolkata,West Bengal,2023-01-12
5352,Male,52,Surat,Gujarat,2022-02-14
5353,Female,58,Bengaluru,Karnataka,2021-02-23
5354,Female,20,Chennai,Tamil Nadu,2022-12-02
5355,Male,51,Chennai,Tamil Nadu,2025-10-24
5356,Female,55,Delhi,Delhi,2024-01-04
5357,Female,41,Pune,Maharashtra,2021-12-15
5358,Female,55,Surat,Gujarat,2023-09-02
5359,Male,34,Lucknow,Uttar Pradesh,2025-09-04
5360,Male,57,Hyderabad,Telangana,2022-01-28
5361,Female,18,Chennai,Tamil Nadu,2022-07-08
5362,Male,25,Bengaluru,Karnataka,2024-03-26
5363,Male,32,Chennai,Tamil Nadu,2023-04-27
5364,Male,62,Kolkata,West Bengal,2021-03-22
5365,Female,42,Hyderabad,Telangana,2024-05-16
5366,Male,25,Surat,Gujarat,2023-04-06
5367,Female,49,Ahmedabad,Gujarat,2024-01-15
5368,Male,30,Delhi,Delhi,2023-01-14
5369,Male,63,Jaipur,Rajasthan,2025-01-10
5370,Male,32,Pune,Maharashtra,2021-06-26
5371,Male,23,Delhi,Delhi,2022-05-26
5372,Female,50,Delhi,Delhi,2025-07-01
5373,Female,24,Delhi,Delhi,2021-05-19
5374,Male,50,Jaipur,Rajasthan,2024-01-31
5375,Male,64,Hyderabad,Telangana,2022-04-18
5376,Female,46,Jaipur,Rajasthan,2022-06-26
5377,Female,55,Chennai,Tamil Nadu,2021-07-13
5378,Female,54,Delhi,Delhi,2025-11-15
5379,Female,61,Jaipur,Rajasthan,2022-05-01
5380,Male,49,Bengaluru,Karnataka,2024-08-30
5381,Female,20,Bengaluru,Karnataka,2025-09-17
5382,Male,37,Hyderabad,Telangana,2023-03-16
5383,Male,31,Bengaluru,Karnataka,2021-09-04
5384,Female,45,Mumbai,Maharashtra,2022-09-22
5385,Female,55,Ahmedabad,Gujarat,2022-03-14
5386,Female,21,Hyderabad,Telangana,2021-03-14
5387,Male,32,Hyderabad,Telangana,2023-12-29
5388,Male,34,Surat,Gujarat,2023-01-24
5389,Male,54,Chennai,Tamil Nadu,2024-03-21
5390,Female,41,Lucknow,Uttar Pradesh,2023-04-11
5391,Male,55,Mumbai,Maharashtra,2021-04-04
5392,Female,59,Chennai,Tamil Nadu,2022-03-11
5393,Male,58,Lucknow,Uttar Pradesh,2025-12-12
5394,Female,53,Chennai,Tamil Nadu,2024-12-25
5395,Female,58,Kolkata,West Bengal,2022-04-02
5396,Male,25,Delhi,Delhi,2024-12-24
5397,Male,20,Mumbai,Maharashtra,2021-08-17
5398,Female,47,Hyderabad,Telangana,2021-01-30
5399,Female,39,Delhi,Delhi,2025-07-07
5400,Female,50,Lucknow,Uttar Pradesh,2021-12-01
5401,Female,42,Bengaluru,Karnataka,2022-10-22
5402,Male,47,Surat,Gujarat,2022-07-23
5403,Female,54,Surat,Gujarat,2021-06-26
5404,Male,20,Bengaluru,Karnataka,2023-04-04
5405,Female,21,Delhi,Delhi,2022-07-22
5406,Male,46,Indore,Madhya Pradesh,2022-02-13
5407,Female,49,Surat,Gujarat,2023-02-16
5408,Male,40,Hyderabad,Telangana,2024-06-14
5409,Male,36,Bengaluru,Karnataka,2024-07-25
5410,Male,32,Hyderabad,Telangana,2021-03-18
5411,Female,33,Ahmedabad,Gujarat,2023-07-22
5412,Female,40,Bengaluru,Karnataka,2022-09-28
5413,Female,57,Kolkata,West Bengal,2022-06-24
5414,Male,63,Mumbai,Maharashtra,2025-08-05
5415,Female,54,Mumbai,Maharashtra,2024-03-27
5416,Female,18,Delhi,Delhi,2024-04-05
5417,Male,36,Delhi,Delhi,2024-04-23
5418,Male,54,Bengaluru,Karnataka,2024-11-13
5419,Male,52,Hyderabad,Telangana,2021-01-12
5420,Male,47,Bengaluru,Karnataka,2021-06-18
5421,Male,34,Pune,Maharashtra,2023-04-11
5422,Female,56,Bengaluru,Karnataka,2024-12-20
5423,Male,43,Surat,Gujarat,2022-03-25
5424,Female,30,Delhi,Delhi,2025-02-26
5425,Female,39,Hyderabad,Telangana,2022-03-25
5426,Female,63,Chennai,Tamil Nadu,2024-02-04
5427,Female,40,Surat,Gujarat,2025-11-25
5428,Male,61,Bengaluru,Karnataka,2022-03-03
5429,Female,60,Ahmedabad,Gujarat,2023-08-14
5430,Male,50,Kolkata,West Bengal,2023-07-05
5431,Female,44,Chennai,Tamil Nadu,2024-01-27
5432,Female,52,Mumbai,Maharashtra,2022-09-23
5433,Female,29,Ahmedabad,Gujarat,2021-08-14
5434,Female,26,Mumbai,Maharashtra,2022-03-23
5435,Male,51,Chennai,Tamil Nadu,2025-08-15
5436,Male,31,Kolkata,West Bengal,2025-02-08
5437,Female,54,Pune,Maharashtra,2021-07-22
5438,Male,20,Lucknow,Uttar Pradesh,2023-08-26
5439,Female,61,Mumbai,Maharashtra,2022-11-06
5440,Male,61,Lucknow,Uttar Pradesh,2024-08-13
5441,Female,38,Hyderabad,Telangana,2022-09-26
5442,Male,24,Pune,Maharashtra,2021-01-16
5443,Female,50,Mumbai,Maharashtra,2024-11-02
5444,Female,52,Surat,Gujarat,2024-09-21
5445,Male,28,Mumbai,Maharashtra,2022-09-10
5446,Male,62,Pune,Maharashtra,2025-12-03
5447,Male,49,Delhi,Delhi,2023-11-10
5448,Male,39,Ahmedabad,Gujarat,2022-03-16
5449,Male,59,Chennai,Tamil Nadu,2024-06-21
5450,Male,36,Mumbai,Maharashtra,2024-06-21
5451,Female,53,Bengaluru,Karnataka,2023-08-29
5452,Male,54,Bengaluru,Karnataka,2022-01-27
5453,Other,28,Pune,Maharashtra,2022-12-25
5454,Female,58,Delhi,Delhi,2023-01-06
5455,Male,30,Kolkata,West Bengal,2024-07-09
5456,Male,45,Pune,Maharashtra,2021-08-08
5457,Female,32,Delhi,Delhi,2023-10-29
5458,Male,30,Delhi,Delhi,2022-03-22
5459,Female,60,Surat,Gujarat,2021-01-14
5460,Female,50,Surat,Gujarat,2022-01-22
5461,Male,25,Jaipur,Rajasthan,2022-10-04
5462,Female,49,Bengaluru,Karnataka,2023-11-12
5463,Male,54,Mumbai,Maharashtra,2021-08-13
5464,Male,65,Bengaluru,Karnataka,2021-08-23
5465,Female,21,Bengaluru,Karnataka,2024-09-26
5466,Female,35,Hyderabad,Telangana,2023-09-27
5467,Female,40,Jaipur,Rajasthan,2022-12-12
5468,Female,46,Lucknow,Uttar Pradesh,2024-03-03
5469,Female,19,Lucknow,Uttar Pradesh,2024-04-16
5470,Female,30,Delhi,Delhi,2025-04-29
5471,Male,33,Ahmedabad,Gujarat,2025-03-24
5472,Female,25,Bengaluru,Karnataka,2023-03-03
5473,Female,36,Mumbai,Maharashtra,2025-04-12
5474,Male,49,Kolkata,West Bengal,2022-03-13
5475,Female,20,Mumbai,Maharashtra,2023-12-11
5476,Male,49,Delhi,Delhi,2025-01-06
5477,Female,58,Bengaluru,Karnataka,2022-08-04
5478,Female,38,Kolkata,West Bengal,2024-07-28
5479,Female,42,Jaipur,Rajasthan,2023-12-04
5480,Male,34,Bengaluru,Karnataka,2022-11-18
5481,Female,42,Jaipur,Rajasthan,2025-07-13
5482,Male,50,Bengaluru,Karnataka,2021-12-31
5483,Female,48,Hyderabad,Telangana,2021-09-26
5484,Female,53,Kolkata,West Bengal,2025-09-13
5485,Female,40,Kolkata,West Bengal,2025-05-08
5486,Female,64,Surat,Gujarat,2024-08-09
5487,Female,61,Bengaluru,Karnataka,2025-09-23
5488,Male,42,Ahmedabad,Gujarat,2024-05-02
5489,Male,61,Chennai,Tamil Nadu,2024-10-26
5490,Female,65,Indore,Madhya Pradesh,2025-04-25
5491,Female,47,Pune,Maharashtra,2021-03-19
5492,Male,30,Kolkata,West Bengal,2021-07-08
5493,Female,60,Chennai,Tamil Nadu,2025-06-19
5494,Male,64,Bengaluru,Karnataka,2024-11-14
5495,Male,46,Hyderabad,Telangana,2023-11-15
5496,Female,33,Bengaluru,Karnataka,2025-06-27
5497,Male,55,Chennai,Tamil Nadu,2024-08-18
5498,Male,44,Indore,Madhya Pradesh,2022-11-02
5499,Male,43,Chennai,Tamil Nadu,2021-12-24
5500,Female,28,Ahmedabad,Gujarat,2025-10-10
5501,Female,64,Hyderabad,Telangana,2023-08-17
5502,Female,54,Mumbai,Maharashtra,2024-01-23
5503,Male,20,Bengaluru,Karnataka,2025-04-24
5504,Female,43,Hyderabad,Telangana,2021-12-02
5505,Female,51,Bengaluru,Karnataka,2024-04-02
5506,Female,50,Pune,Maharashtra,2023-06-22
5507,Female,32,Hyderabad,Telangana,2021-12-07
5508,Male,19,Bengaluru,Karnataka,2023-04-14
5509,Male,45,Bengaluru,Karnataka,2022-07-21
5510,Male,37,Hyderabad,Telangana,2021-03-13
5511,Male,55,Mumbai,Maharashtra,2023-12-02
5512,Female,61,Indore,Madhya Pradesh,2022-02-15
5513,Female,33,Lucknow,Uttar Pradesh,2023-06-17
5514,Female,63,Kolkata,West Bengal,2023-04-18
5515,Male,21,Mumbai,Maharashtra,2022-10-06
5516,Male,25,Jaipur,Rajasthan,2021-01-21
5517,Male,61,Jaipur,Rajasthan,2023-10-22
5518,Male,63,Jaipur,Rajasthan,2022-11-09
5519,Male,37,Mumbai,Maharashtra,2025-05-15
5520,Female,43,Ahmedabad,Gujarat,2024-01-05
5521,Male,49,Lucknow,Uttar Pradesh,2022-08-26
5522,Other,30,Chennai,Tamil Nadu,2024-11-22
5523,Male,22,Ahmedabad,Gujarat,2025-10-09
5524,Female,61,Hyderabad,Telangana,2021-03-29
5525,Female,59,Hyderabad,Telangana,2025-06-06
5526,Male,30,Mumbai,Maharashtra,2021-01-17
5527,Female,58,Ahmedabad,Gujarat,2024-09-14
5528,Female,28,Mumbai,Maharashtra,2023-08-01
5529,Female,54,Delhi,Delhi,2024-05-18
5530,Female,49,Bengaluru,Karnataka,2023-04-04
5531,Male,62,Chennai,Tamil Nadu,2022-01-18
5532,Female,59,Mumbai,Maharashtra,2025-05-08
5533,Female,35,Kolkata,West Bengal,2022-10-02
5534,Male,46,Jaipur,Rajasthan,2024-03-15
5535,Male,32,Pune,Maharashtra,2022-03-29
5536,Female,37,Mumbai,Maharashtra,2023-03-27
5537,Male,61,Pune,Maharashtra,2024-11-17
5538,Female,53,Lucknow,Uttar Pradesh,2021-11-06
5539,Female,22,Hyderabad,Telangana,2023-07-20
5540,Female,57,Hyderabad,Telangana,2022-05-07
5541,Male,54,Mumbai,Maharashtra,2023-01-30
5542,Male,50,Ahmedabad,Gujarat,2024-12-24
5543,Male,35,Lucknow,Uttar Pradesh,2021-01-01
5544,Female,36,Lucknow,Uttar Pradesh,2021-02-10
5545,Female,49,Ahmedabad,Gujarat,2025-05-28
5546,Female,59,Mumbai,Maharashtra,2022-11-03
5547,Female,39,Mumbai,Maharashtra,2021-07-31
5548,Male,58,Mumbai,Maharashtra,2024-09-18
5549,Male,18,Bengaluru,Karnataka,2025-08-02
5550,Female,42,Mumbai,Maharashtra,2025-01-09
5551,Female,37,Bengaluru,Karnataka,2021-10-31
5552,Male,52,Delhi,Delhi,2025-04-28
5553,Male,62,Surat,Gujarat,2022-11-22
5554,Male,23,Ahmedabad,Gujarat,2025-09-21
5555,Male,23,Lucknow,Uttar Pradesh,2025-11-17
5556,Female,54,Kolkata,West Bengal,2024-03-23
5557,Female,20,Mumbai,Maharashtra,2022-09-08
5558,Female,54,Kolkata,West Bengal,2022-06-07
5559,Female,48,Bengaluru,Karnataka,2021-01-25
5560,Female,52,Ahmedabad,Gujarat,2023-03-19
5561,Female,62,Delhi,Delhi,2021-01-25
5562,Male,32,Surat,Gujarat,2022-08-19
5563,Female,34,Bengaluru,Karnataka,2024-02-04
5564,Male,32,Bengaluru,Karnataka,2025-11-12
5565,Male,22,Indore,Madhya Pradesh,2024-02-17
5566,Male,39,Mumbai,Maharashtra,2021-04-18
5567,Female,63,Kolkata,West Bengal,2024-09-15
5568,Male,28,Kolkata,West Bengal,2021-06-29
5569,Male,45,Lucknow,Uttar Pradesh,2023-05-31
5570,Male,31,Surat,Gujarat,2021-05-11
5571,Female,56,Surat,Gujarat,2022-08-26
5572,Female,20,Mumbai,Maharashtra,2023-01-23
5573,Female,59,Lucknow,Uttar Pradesh,2023-01-29
5574,Male,28,Ahmedabad,Gujarat,2021-06-17
5575,Male,47,Ahmedabad,Gujarat,2021-08-11
5576,Female,55,Mumbai,Maharashtra,2022-04-14
5577,Male,22,Ahmedabad,Gujarat,2021-10-05
5578,Female,39,Surat,Gujarat,2021-07-09
5579,Female,30,Indore,Madhya Pradesh,2022-06-15
5580,Female,61,Delhi,Delhi,2025-03-30
5581,Female,38,Mumbai,Maharashtra,2025-11-14
5582,Male,54,Delhi,Delhi,2022-09-13
5583,Male,42,Lucknow,Uttar Pradesh,2024-04-28
5584,Female,38,Kolkata,West Bengal,2021-08-06
5585,Male,45,Hyderabad,Telangana,2024-08-15
5586,Male,58,Mumbai,Maharashtra,2024-08-27
5587,Male,21,Delhi,Delhi,2021-08-24
5588,Male,46,Hyderabad,Telangana,2021-06-17
5589,Male,64,Indore,Madhya Pradesh,2023-02-19
5590,Male,52,Ahmedabad,Gujarat,2021-07-12
5591,Female,40,Bengaluru,Karnataka,2021-08-30
5592,Female,24,Hyderabad,Telangana,2024-03-31
5593,Female,63,Mumbai,Maharashtra,2024-09-24
5594,Female,63,Surat,Gujarat,2023-03-02
5595,Male,26,Delhi,Delhi,2022-03-31
5596,Male,40,Hyderabad,Telangana,2024-03-04
5597,Male,20,Delhi,Delhi,2021-07-12
5598,Female,26,Ahmedabad,Gujarat,2024-11-26
5599,Female,21,Ahmedabad,Gujarat,2022-01-27
5600,Male,42,Kolkata,West Bengal,2022-08-24
5601,Male,23,Bengaluru,Karnataka,2023-12-02
5602,Female,65,Bengaluru,Karnataka,2021-04-03
5603,Female,35,Mumbai,Maharashtra,2024-05-23
5604,Female,62,Ahmedabad,Gujarat,2021-12-15
5605,Male,24,Mumbai,Maharashtra,2022-05-28
5606,Male,52,Chennai,Tamil Nadu,2024-09-20
5607,Female,48,Lucknow,Uttar Pradesh,2024-11-23
5608,Female,55,Indore,Madhya Pradesh,2023-07-13
5609,Female,49,Hyderabad,Telangana,2024-04-02
5610,Female,52,Hyderabad,Telangana,2021-04-16
5611,Female,45,Mumbai,Maharashtra,2024-06-09
5612,Female,61,Ahmedabad,Gujarat,2023-09-19
5613,Male,22,Lucknow,Uttar Pradesh,2025-05-01
5614,Male,47,Bengaluru,Karnataka,2022-12-18
5615,Female,39,Delhi,Delhi,2025-04-06
5616,Male,34,Lucknow,Uttar Pradesh,2024-04-15
5617,Female,27,Lucknow,Uttar Pradesh,2025-08-30
5618,Female,24,Bengaluru,Karnataka,2024-08-10
5619,Other,21,Chennai,Tamil Nadu,2024-07-12
5620,Male,59,Pune,Maharashtra,2023-02-27
5621,Male,44,Mumbai,Maharashtra,2025-03-24
5622,Female,24,Indore,Madhya Pradesh,2024-07-17
5623,Female,40,Lucknow,Uttar Pradesh,2024-05-20
5624,Female,28,Jaipur,Rajasthan,2024-04-01
5625,Male,25,Mumbai,Maharashtra,2023-04-03
5626,Male,25,Lucknow,Uttar Pradesh,2025-04-30
5627,Female,54,Delhi,Delhi,2023-07-06
5628,Female,22,Delhi,Delhi,2025-11-04
5629,Female,24,Chennai,Tamil Nadu,2023-12-13
5630,Male,39,Mumbai,Maharashtra,2024-06-10
5631,Male,53,Kolkata,West Bengal,2025-01-01
5632,Male,19,Chennai,Tamil Nadu,2023-05-04
5633,Female,41,Pune,Maharashtra,2022-11-14
5634,Female,19,Pune,Maharashtra,2023-10-20
5635,Male,65,Pune,Maharashtra,2025-03-22
5636,Male,29,Mumbai,Maharashtra,2023-08-09
5637,Female,64,Chennai,Tamil Nadu,2021-02-13
5638,Male,59,Lucknow,Uttar Pradesh,2022-08-26
5639,Female,43,Mumbai,Maharashtra,2025-09-28
5640,Female,55,Mumbai,Maharashtra,2025-03-20
5641,Male,62,Chennai,Tamil Nadu,2022-09-25
5642,Male,23,Jaipur,Rajasthan,2025-05-18
5643,Female,40,Bengaluru,Karnataka,2021-04-02
5644,Male,19,Delhi,Delhi,2023-01-29
5645,Male,43,Chennai,Tamil Nadu,2023-01-01
5646,Female,31,Bengaluru,Karnataka,2023-08-12
5647,Female,35,Mumbai,Maharashtra,2025-01-01
5648,Female,55,Kolkata,West Bengal,2021-12-03
5649,Male,49,Ahmedabad,Gujarat,2025-11-02
5650,Male,31,Chennai,Tamil Nadu,2024-08-10
5651,Male,47,Kolkata,West Bengal,2022-12-01
5652,Male,30,Ahmedabad,Gujarat,2023-07-14
5653,Female,57,Pune,Maharashtra,2022-11-11
5654,Male,48,Delhi,Delhi,2023-08-25
5655,Female,54,Mumbai,Maharashtra,2021-09-21
5656,Male,62,Mumbai,Maharashtra,2021-04-15
5657,Male,55,Ahmedabad,Gujarat,2021-08-12
5658,Other,39,Lucknow,Uttar Pradesh,2024-12-13
5659,Male,45,Surat,Gujarat,2023-09-05
5660,Male,36,Ahmedabad,Gujarat,2021-04-25
5661,Male,60,Pune,Maharashtra,2023-06-10
5662,Male,33,Mumbai,Maharashtra,2024-06-12
5663,Male,22,Jaipur,Rajasthan,2025-12-13
5664,Male,61,Chennai,Tamil Nadu,2024-07-21
5665,Female,19,Ahmedabad,Gujarat,2024-06-07
5666,Female,27,Jaipur,Rajasthan,2022-12-30
5667,Female,64,Kolkata,West Bengal,2021-02-03
5668,Male,36,Lucknow,Uttar Pradesh,2024-11-12
5669,Female,37,Mumbai,Maharashtra,2025-09-29
5670,Male,46,Kolkata,West Bengal,2025-03-05
5671,Female,42,Lucknow,Uttar Pradesh,2023-06-14
5672,Female,34,Bengaluru,Karnataka,2022-04-07
5673,Male,30,Ahmedabad,Gujarat,2022-03-25
5674,Female,62,Bengaluru,Karnataka,2023-04-09
5675,Female,33,Surat,Gujarat,2024-05-22
5676,Female,52,Mumbai,Maharashtra,2023-12-06
5677,Male,53,Chennai,Tamil Nadu,2022-02-09
5678,Female,56,Pune,Maharashtra,2021-11-29
5679,Female,20,Kolkata,West Bengal,2021-08-28
5680,Male,26,Pune,Maharashtra,2024-07-01
5681,Female,57,Bengaluru,Karnataka,2021-08-16
5682,Male,63,Hyderabad,Telangana,2023-01-03
5683,Male,46,Indore,Madhya Pradesh,2023-06-10
5684,Female,22,Pune,Maharashtra,2021-06-15
5685,Female,20,Pune,Maharashtra,2022-08-08
5686,Female,27,Kolkata,West Bengal,2023-01-07
5687,Female,48,Hyderabad,Telangana,2025-03-15
5688,Male,28,Indore,Madhya Pradesh,2022-08-21
5689,Male,34,Pune,Maharashtra,2022-08-16
5690,Female,57,Ahmedabad,Gujarat,2022-12-28
5691,Male,58,Bengaluru,Karnataka,2025-08-27
5692,Female,25,Pune,Maharashtra,2024-11-14
5693,Female,19,Ahmedabad,Gujarat,2025-11-11
5694,Male,21,Chennai,Tamil Nadu,2024-12-17
5695,Male,33,Kolkata,West Bengal,2023-07-14
5696,Female,58,Bengaluru,Karnataka,2024-12-05
5697,Female,58,Hyderabad,Telangana,2025-05-24
5698,Female,38,Delhi,Delhi,2022-10-11
5699,Female,22,Surat,Gujarat,2025-08-15
5700,Female,52,Bengaluru,Karnataka,2022-03-23
5701,Male,31,Bengaluru,Karnataka,2024-11-27
5702,Male,32,Delhi,Delhi,2021-04-07
5703,Male,23,Chennai,Tamil Nadu,2022-01-14
5704,Male,33,Bengaluru,Karnataka,2022-11-01
5705,Male,40,Indore,Madhya Pradesh,2024-04-24
5706,Male,48,Bengaluru,Karnataka,2025-08-31
5707,Male,59,Indore,Madhya Pradesh,2024-06-21
5708,Male,63,Mumbai,Maharashtra,2022-09-23
5709,Female,29,Ahmedabad,Gujarat,2022-12-09
5710,Female,58,Indore,Madhya Pradesh,2022-05-18
5711,Male,36,Pune,Maharashtra,2021-10-15
5712,Female,29,Surat,Gujarat,2022-01-04
5713,Male,62,Hyderabad,Telangana,2021-03-06
5714,Female,30,Surat,Gujarat,2021-06-11
5715,Male,19,Ahmedabad,Gujarat,2022-08-20
5716,Female,37,Bengaluru,Karnataka,2023-07-16
5717,Male,48,Pune,Maharashtra,2022-07-25
5718,Female,26,Bengaluru,Karnataka,2023-09-01
5719,Male,38,Mumbai,Maharashtra,2025-12-23
5720,Female,25,Pune,Maharashtra,2022-10-24
5721,Male,56,Mumbai,Maharashtra,2024-12-12
5722,Male,54,Delhi,Delhi,2022-04-26
5723,Female,46,Jaipur,Rajasthan,2025-07-15
5724,Male,36,Pune,Maharashtra,2021-09-26
5725,Female,52,Mumbai,Maharashtra,2025-11-26
5726,Male,62,Ahmedabad,Gujarat,2023-01-06
5727,Male,55,Pune,Maharashtra,2022-07-21
5728,Female,43,Mumbai,Maharashtra,2025-07-30
5729,Male,28,Pune,Maharashtra,2024-04-28
5730,Male,53,Indore,Madhya Pradesh,2022-02-10
5731,Female,52,Lucknow,Uttar Pradesh,2023-02-04
5732,Female,21,Delhi,Delhi,2025-02-21
5733,Female,20,Ahmedabad,Gujarat,2024-08-28
5734,Male,62,Chennai,Tamil Nadu,2025-06-08
5735,Female,64,Ahmedabad,Gujarat,2023-05-16
5736,Male,29,Ahmedabad,Gujarat,2025-09-09
5737,Male,49,Ahmedabad,Gujarat,2024-01-23
5738,Female,64,Bengaluru,Karnataka,2022-01-25
5739,Male,43,Mumbai,Maharashtra,2022-07-01
5740,Male,60,Hyderabad,Telangana,2024-12-05
5741,Male,60,Indore,Madhya Pradesh,2024-05-20
5742,Female,30,Chennai,Tamil Nadu,2025-07-20
5743,Female,61,Lucknow,Uttar Pradesh,2024-10-24
5744,Female,55,Surat,Gujarat,2023-01-12
5745,Male,46,Pune,Maharashtra,2024-04-06
5746,Female,36,Kolkata,West Bengal,2023-11-04
5747,Female,52,Ahmedabad,Gujarat,2022-08-09
5748,Male,65,Surat,Gujarat,2025-05-07
5749,Male,58,Surat,Gujarat,2023-05-24
5750,Male,44,Ahmedabad,Gujarat,2024-05-15
5751,Male,63,Bengaluru,Karnataka,2021-02-12
5752,Female,48,Jaipur,Rajasthan,2023-05-30
5753,Male,20,Mumbai,Maharashtra,2025-01-05
5754,Male,52,Jaipur,Rajasthan,2025-03-19
5755,Female,41,Indore,Madhya Pradesh,2023-06-30
5756,Female,24,Delhi,Delhi,2022-08-30
5757,Female,52,Ahmedabad,Gujarat,2024-11-19
5758,Male,38,Delhi,Delhi,2021-08-26
5759,Male,18,Delhi,Delhi,2025-08-30
5760,Male,61,Bengaluru,Karnataka,2025-04-04
5761,Male,23,Jaipur,Rajasthan,2022-12-20
5762,Male,56,Indore,Madhya Pradesh,2023-01-12
5763,Female,51,Surat,Gujarat,2022-02-08
5764,Male,35,Pune,Maharashtra,2021-08-02
5765,Male,42,Lucknow,Uttar Pradesh,2025-05-11
5766,Male,32,Kolkata,West Bengal,2023-04-26
5767,Female,64,Bengaluru,Karnataka,2024-10-29
5768,Female,49,Mumbai,Maharashtra,2021-05-12
5769,Female,59,Bengaluru,Karnataka,2021-01-09
5770,Male,35,Indore,Madhya Pradesh,2025-11-02
5771,Male,48,Ahmedabad,Gujarat,2021-06-02
5772,Male,46,Kolkata,West Bengal,2022-03-07
5773,Male,32,Bengaluru,Karnataka,2022-04-28
5774,Female,40,Kolkata,West Bengal,2021-11-01
5775,Female,55,Mumbai,Maharashtra,2021-10-11
5776,Female,58,Delhi,Delhi,2022-04-17
5777,Female,28,Ahmedabad,Gujarat,2023-09-20
5778,Female,32,Pune,Maharashtra,2021-07-09
5779,Male,40,Lucknow,Uttar Pradesh,2025-04-01
5780,Other,20,Bengaluru,Karnataka,2022-05-27
5781,Male,36,Ahmedabad,Gujarat,2021-12-09
5782,Female,18,Delhi,Delhi,2024-12-24
5783,Male,41,Chennai,Tamil Nadu,2022-12-16
5784,Male,28,Mumbai,Maharashtra,2025-09-06
5785,Female,47,Mumbai,Maharashtra,2022-11-11
5786,Male,28,Indore,Madhya Pradesh,2023-11-24
5787,Male,56,Bengaluru,Karnataka,2022-04-16
5788,Male,18,Jaipur,Rajasthan,2024-11-18
5789,Male,29,Surat,Gujarat,2023-01-11
5790,Female,21,Pune,Maharashtra,2025-02-27
5791,Female,42,Bengaluru,Karnataka,2022-05-28
5792,Male,25,Ahmedabad,Gujarat,2024-09-07
5793,Male,32,Surat,Gujarat,2024-02-13
5794,Female,60,Indore,Madhya Pradesh,2024-05-22
5795,Male,47,Hyderabad,Telangana,2025-11-25
5796,Male,57,Jaipur,Rajasthan,2021-05-25
5797,Male,49,Mumbai,Maharashtra,2022-07-13
5798,Female,61,Surat,Gujarat,2023-03-03
5799,Male,52,Surat,Gujarat,2024-04-16
5800,Male,38,Pune,Maharashtra,2025-10-15
5801,Female,48,Bengaluru,Karnataka,2021-12-26
5802,Male,53,Mumbai,Maharashtra,2021-10-12
5803,Female,44,Bengaluru,Karnataka,2024-06-22
5804,Male,61,Jaipur,Rajasthan,2023-02-04
5805,Male,25,Delhi,Delhi,2024-05-14
5806,Male,40,Mumbai,Maharashtra,2022-08-07
5807,Male,40,Delhi,Delhi,2025-10-24
5808,Female,59,Surat,Gujarat,2024-09-27
5809,Female,50,Ahmedabad,Gujarat,2022-12-28
5810,Male,30,Delhi,Delhi,2024-10-15
5811,Male,56,Pune,Maharashtra,2025-03-03
5812,Male,52,Surat,Gujarat,2024-03-10
5813,Female,33,Lucknow,Uttar Pradesh,2023-08-18
5814,Female,29,Bengaluru,Karnataka,2025-08-19
5815,Male,48,Mumbai,Maharashtra,2024-05-30
5816,Female,22,Mumbai,Maharashtra,2024-11-13
5817,Female,57,Mumbai,Maharashtra,2024-09-15
5818,Female,61,Chennai,Tamil Nadu,2023-01-13
5819,Male,42,Indore,Madhya Pradesh,2024-11-17
5820,Male,38,Hyderabad,Telangana,2022-10-16
5821,Male,20,Lucknow,Uttar Pradesh,2021-12-24
5822,Female,65,Hyderabad,Telangana,2024-11-18
5823,Female,27,Kolkata,West Bengal,2022-08-10
5824,Female,40,Kolkata,West Bengal,2021-02-09
5825,Male,34,Pune,Maharashtra,2023-06-21
5826,Male,59,Delhi,Delhi,2021-09-30
5827,Male,52,Ahmedabad,Gujarat,2024-12-14
5828,Female,42,Mumbai,Maharashtra,2023-12-30
5829,Male,19,Delhi,Delhi,2023-04-09
5830,Male,44,Chennai,Tamil Nadu,2022-09-15
5831,Female,63,Surat,Gujarat,2022-04-03
5832,Male,26,Hyderabad,Telangana,2021-08-22
5833,Male,21,Jaipur,Rajasthan,2021-07-16
5834,Male,43,Delhi,Delhi,2025-10-01
5835,Female,49,Jaipur,Rajasthan,2025-03-13
5836,Female,46,Chennai,Tamil Nadu,2022-06-20
5837,Female,39,Indore,Madhya Pradesh,2023-07-27
5838,Female,64,Delhi,Delhi,2021-05-27
5839,Female,30,Chennai,Tamil Nadu,2022-07-28
5840,Female,40,Ahmedabad,Gujarat,2025-01-22
5841,Female,48,Delhi,Delhi,2023-12-27
5842,Female,58,Pune,Maharashtra,2021-01-30
5843,Male,53,Mumbai,Maharashtra,2021-04-17
5844,Male,57,Mumbai,Maharashtra,2025-08-29
5845,Male,48,Lucknow,Uttar Pradesh,2022-01-25
5846,Female,32,Bengaluru,Karnataka,2023-05-29
5847,Female,31,Pune,Maharashtra,2022-02-10
5848,Female,52,Kolkata,West Bengal,2024-02-19
5849,Male,41,Bengaluru,Karnataka,2023-11-01
5850,Male,47,Hyderabad,Telangana,2022-08-07
5851,Male,47,Pune,Maharashtra,2021-12-13
5852,Female,44,Surat,Gujarat,2024-06-30
5853,Male,57,Lucknow,Uttar Pradesh,2023-03-08
5854,Female,31,Lucknow,Uttar Pradesh,2021-04-29
5855,Male,62,Delhi,Delhi,2022-06-04
5856,Male,64,Jaipur,Rajasthan,2024-05-23
5857,Female,28,Pune,Maharashtra,2023-01-03
5858,Male,64,Mumbai,Maharashtra,2021-03-21
5859,Male,61,Mumbai,Maharashtra,2022-02-23
5860,Female,43,Chennai,Tamil Nadu,2022-08-07
5861,Male,38,Hyderabad,Telangana,2022-12-13
5862,Other,26,Hyderabad,Telangana,2025-09-05
5863,Female,64,Mumbai,Maharashtra,2024-08-05
5864,Male,18,Delhi,Delhi,2021-08-22
5865,Female,61,Kolkata,West Bengal,2021-09-18
5866,Male,23,Hyderabad,Telangana,2023-07-22
5867,Female,18,Kolkata,West Bengal,2022-10-19
5868,Female,39,Bengaluru,Karnataka,2023-11-12
5869,Female,30,Jaipur,Rajasthan,2021-03-19
5870,Male,55,Chennai,Tamil Nadu,2023-01-12
5871,Male,62,Pune,Maharashtra,2022-11-03
5872,Male,58,Bengaluru,Karnataka,2023-11-04
5873,Female,57,Ahmedabad,Gujarat,2025-11-07
5874,Female,48,Lucknow,Uttar Pradesh,2024-03-17
5875,Male,32,Delhi,Delhi,2025-08-13
5876,Female,19,Bengaluru,Karnataka,2021-01-30
5877,Male,48,Lucknow,Uttar Pradesh,2022-03-14
5878,Male,43,Ahmedabad,Gujarat,2025-08-24
5879,Male,19,Hyderabad,Telangana,2025-12-02
5880,Male,28,Hyderabad,Telangana,2025-04-03
5881,Male,50,Pune,Maharashtra,2021-03-04
5882,Female,35,Ahmedabad,Gujarat,2024-12-24
5883,Male,38,Delhi,Delhi,2024-03-04
5884,Male,48,Surat,Gujarat,2021-06-06
5885,Female,43,Hyderabad,Telangana,2022-07-23
5886,Male,47,Hyderabad,Telangana,2023-08-01
5887,Female,56,Chennai,Tamil Nadu,2023-02-16
5888,Male,38,Indore,Madhya Pradesh,2021-09-11
5889,Female,33,Jaipur,Rajasthan,2023-10-04
5890,Female,24,Hyderabad,Telangana,2024-04-25
5891,Male,39,Kolkata,West Bengal,2023-05-23
5892,Female,24,Chennai,Tamil Nadu,2024-11-03
5893,Female,19,Hyderabad,Telangana,2024-09-12
5894,Female,54,Pune,Maharashtra,2021-07-18
5895,Male,31,Hyderabad,Telangana,2023-05-31
5896,Male,25,Bengaluru,Karnataka,2024-04-09
5897,Female,46,Indore,Madhya Pradesh,2024-08-31
5898,Female,61,Bengaluru,Karnataka,2021-01-06
5899,Male,24,Surat,Gujarat,2024-07-03
5900,Male,55,Chennai,Tamil Nadu,2023-04-01
5901,Male,62,Ahmedabad,Gujarat,2024-09-05
5902,Male,39,Chennai,Tamil Nadu,2021-09-05
5903,Male,61,Mumbai,Maharashtra,2025-10-21
5904,Male,34,Delhi,Delhi,2021-01-04
5905,Male,33,Mumbai,Maharashtra,2022-05-28
5906,Male,50,Ahmedabad,Gujarat,2023-04-18
5907,Female,56,Hyderabad,Telangana,2022-05-21
5908,Male,52,Jaipur,Rajasthan,2021-01-31
5909,Male,55,Bengaluru,Karnataka,2025-07-11
5910,Male,49,Pune,Maharashtra,2024-07-22
5911,Female,20,Delhi,Delhi,2022-12-10
5912,Female,20,Indore,Madhya Pradesh,2023-06-05
5913,Female,25,Kolkata,West Bengal,2024-09-10
5914,Male,63,Delhi,Delhi,2024-04-15
5915,Female,48,Hyderabad,Telangana,2024-08-03
5916,Male,26,Mumbai,Maharashtra,2023-01-18
5917,Male,22,Surat,Gujarat,2021-03-20
5918,Female,45,Ahmedabad,Gujarat,2021-08-31
5919,Female,32,Bengaluru,Karnataka,2022-05-16
5920,Female,44,Chennai,Tamil Nadu,2021-07-24
5921,Female,59,Mumbai,Maharashtra,2025-01-23
5922,Female,48,Surat,Gujarat,2024-11-07
5923,Male,57,Pune,Maharashtra,2022-12-24
5924,Male,35,Ahmedabad,Gujarat,2021-11-29
5925,Male,55,Bengaluru,Karnataka,2022-08-26
5926,Female,21,Kolkata,West Bengal,2021-06-15
5927,Male,38,Jaipur,Rajasthan,2021-06-10
5928,Female,64,Ahmedabad,Gujarat,2021-01-06
5929,Male,59,Ahmedabad,Gujarat,2025-08-04
5930,Male,40,Indore,Madhya Pradesh,2021-07-24
5931,Male,62,Mumbai,Maharashtra,2022-06-16
5932,Male,39,Bengaluru,Karnataka,2024-01-29
5933,Female,18,Bengaluru,Karnataka,2025-08-28
5934,Male,42,Surat,Gujarat,2021-02-14
5935,Male,58,Delhi,Delhi,2022-04-02
5936,Male,45,Kolkata,West Bengal,2021-08-15
5937,Male,54,Ahmedabad,Gujarat,2024-08-31
5938,Male,28,Pune,Maharashtra,2021-02-21
5939,Male,39,Bengaluru,Karnataka,2024-03-15
5940,Female,42,Bengaluru,Karnataka,2024-07-28
5941,Male,38,Delhi,Delhi,2024-02-21
5942,Male,53,Bengaluru,Karnataka,2025-10-09
5943,Female,37,Mumbai,Maharashtra,2022-04-16
5944,Male,33,Lucknow,Uttar Pradesh,2023-06-16
5945,Male,45,Surat,Gujarat,2024-08-13
5946,Female,46,Delhi,Delhi,2022-09-06
5947,Male,43,Bengaluru,Karnataka,2022-05-27
5948,Female,57,Mumbai,Maharashtra,2023-02-25
5949,Female,19,Ahmedabad,Gujarat,2025-07-23
5950,Female,27,Lucknow,Uttar Pradesh,2025-03-06
5951,Female,30,Pune,Maharashtra,2025-08-30
5952,Male,32,Pune,Maharashtra,2024-05-10
5953,Male,26,Jaipur,Rajasthan,2022-02-19
5954,Male,44,Ahmedabad,Gujarat,2022-09-06
5955,Male,25,Mumbai,Maharashtra,2025-05-26
5956,Female,23,Ahmedabad,Gujarat,2024-12-16
5957,Female,53,Bengaluru,Karnataka,2022-06-04
5958,Male,41,Delhi,Delhi,2022-11-05
5959,Female,20,Jaipur,Rajasthan,2024-01-02
5960,Male,43,Jaipur,Rajasthan,2021-12-11
5961,Female,53,Delhi,Delhi,2023-11-17
5962,Female,38,Surat,Gujarat,2024-04-07
5963,Female,30,Delhi,Delhi,2023-02-14
5964,Male,28,Jaipur,Rajasthan,2025-12-29
5965,Female,25,Hyderabad,Telangana,2022-08-08
5966,Male,63,Indore,Madhya Pradesh,2024-05-17
5967,Female,63,Indore,Madhya Pradesh,2025-06-23
5968,Male,65,Mumbai,Maharashtra,2023-05-30
5969,Male,31,Indore,Madhya Pradesh,2023-06-17
5970,Female,50,Lucknow,Uttar Pradesh,2025-04-16
5971,Female,19,Jaipur,Rajasthan,2023-04-28
5972,Male,18,Pune,Maharashtra,2025-04-18
5973,Female,28,Jaipur,Rajasthan,2022-12-26
5974,Female,23,Lucknow,Uttar Pradesh,2022-10-19
5975,Female,49,Bengaluru,Karnataka,2022-09-03
5976,Female,32,Surat,Gujarat,2024-08-26
5977,Male,29,Mumbai,Maharashtra,2023-10-21
5978,Female,54,Pune,Maharashtra,2023-08-05
5979,Male,46,Chennai,Tamil Nadu,2021-06-29
5980,Male,61,Chennai,Tamil Nadu,2022-10-09
5981,Female,39,Ahmedabad,Gujarat,2022-03-14
5982,Female,63,Mumbai,Maharashtra,2025-02-09
5983,Female,31,Surat,Gujarat,2022-01-30
5984,Female,36,Mumbai,Maharashtra,2025-09-22
5985,Female,22,Pune,Maharashtra,2025-04-15
5986,Male,52,Mumbai,Maharashtra,2022-08-17
5987,Other,42,Chennai,Tamil Nadu,2021-02-26
5988,Male,55,Indore,Madhya Pradesh,2024-04-12
5989,Female,26,Ahmedabad,Gujarat,2025-10-10
5990,Female,24,Lucknow,Uttar Pradesh,2021-11-22
5991,Female,35,Mumbai,Maharashtra,2021-11-18
5992,Male,19,Chennai,Tamil Nadu,2021-07-02
5993,Female,27,Hyderabad,Telangana,2021-08-23
5994,Female,61,Hyderabad,Telangana,2022-09-11
5995,Female,19,Mumbai,Maharashtra,2024-04-24
5996,Male,62,Ahmedabad,Gujarat,2021-09-23
5997,Female,25,Hyderabad,Telangana,2025-07-26
5998,Female,24,Jaipur,Rajasthan,2023-10-06
5999,Female,52,Hyderabad,Telangana,2023-04-22
6000,Female,40,Pune,Maharashtra,2021-11-25
6001,Male,25,Ahmedabad,Gujarat,2024-10-20
6002,Male,38,Pune,Maharashtra,2022-11-14
6003,Male,50,Lucknow,Uttar Pradesh,2021-01-24
6004,Male,64,Ahmedabad,Gujarat,2024-07-08
6005,Female,18,Pune,Maharashtra,2024-10-10
6006,Male,29,Surat,Gujarat,2021-07-15
6007,Male,28,Hyderabad,Telangana,2022-09-03
6008,Male,65,Mumbai,Maharashtra,2025-02-22
6009,Female,47,Ahmedabad,Gujarat,2024-09-18
6010,Male,21,Bengaluru,Karnataka,2022-09-05
6011,Male,51,Jaipur,Rajasthan,2022-09-24
6012,Male,40,Jaipur,Rajasthan,2021-11-17
6013,Male,49,Surat,Gujarat,2025-01-10
6014,Other,20,Hyderabad,Telangana,2024-11-01
6015,Male,45,Hyderabad,Telangana,2021-07-22
6016,Female,21,Kolkata,West Bengal,2024-01-19
6017,Other,29,Mumbai,Maharashtra,2025-09-27
6018,Female,41,Chennai,Tamil Nadu,2021-06-26
6019,Other,50,Chennai,Tamil Nadu,2022-09-19
6020,Female,20,Mumbai,Maharashtra,2021-02-01
6021,Male,21,Delhi,Delhi,2023-08-04
6022,Female,47,Lucknow,Uttar Pradesh,2022-12-28
6023,Male,23,Lucknow,Uttar Pradesh,2023-08-12
6024,Male,47,Mumbai,Maharashtra,2023-03-31
6025,Female,25,Mumbai,Maharashtra,2023-03-02
6026,Female,35,Bengaluru,Karnataka,2021-08-31
6027,Female,33,Lucknow,Uttar Pradesh,2025-12-27
6028,Female,23,Mumbai,Maharashtra,2021-03-11
6029,Male,41,Kolkata,West Bengal,2023-10-12
6030,Female,45,Mumbai,Maharashtra,2023-12-31
6031,Male,49,Ahmedabad,Gujarat,2025-07-05
6032,Male,42,Delhi,Delhi,2021-06-07
6033,Female,45,Jaipur,Rajasthan,2022-07-03
6034,Male,38,Bengaluru,Karnataka,2021-11-22
6035,Female,25,Ahmedabad,Gujarat,2023-11-25
6036,Female,53,Bengaluru,Karnataka,2025-02-12
6037,Male,26,Kolkata,West Bengal,2022-04-05
6038,Female,57,Lucknow,Uttar Pradesh,2022-02-20
6039,Female,38,Mumbai,Maharashtra,2022-07-25
6040,Male,18,Lucknow,Uttar Pradesh,2023-06-05
6041,Male,21,Chennai,Tamil Nadu,2024-12-13
6042,Female,27,Mumbai,Maharashtra,2022-05-26
6043,Male,43,Delhi,Delhi,2022-01-03
6044,Female,57,Pune,Maharashtra,2023-07-01
6045,Male,20,Kolkata,West Bengal,2023-06-02
6046,Female,61,Kolkata,West Bengal,2021-07-26
6047,Female,26,Mumbai,Maharashtra,2024-10-16
6048,Male,49,Hyderabad,Telangana,2024-12-30
6049,Female,20,Jaipur,Rajasthan,2022-08-01
6050,Female,21,Indore,Madhya Pradesh,2025-12-03
6051,Female,23,Hyderabad,Telangana,2024-07-17
6052,Female,26,Surat,Gujarat,2024-06-10
6053,Female,43,Chennai,Tamil Nadu,2022-10-31
6054,Female,19,Delhi,Delhi,2021-04-16
6055,Female,19,Lucknow,Uttar Pradesh,2022-10-28
6056,Female,38,Hyderabad,Telangana,2023-11-08
6057,Male,39,Hyderabad,Telangana,2025-02-27
6058,Other,20,Hyderabad,Telangana,2021-09-17
6059,Male,52,Lucknow,Uttar Pradesh,2025-02-17
6060,Male,55,Lucknow,Uttar Pradesh,2021-11-09
6061,Male,50,Delhi,Delhi,2022-09-23
6062,Male,32,Bengaluru,Karnataka,2024-01-31
6063,Male,28,Hyderabad,Telangana,2022-06-21
6064,Male,27,Chennai,Tamil Nadu,2024-04-18
6065,Male,53,Bengaluru,Karnataka,2025-03-14
6066,Female,31,Jaipur,Rajasthan,2025-02-09
6067,Male,19,Hyderabad,Telangana,2022-11-05
6068,Male,62,Bengaluru,Karnataka,2024-11-24
6069,Male,65,Mumbai,Maharashtra,2021-12-16
6070,Male,61,Bengaluru,Karnataka,2021-08-03
6071,Male,54,Surat,Gujarat,2024-11-07
6072,Female,46,Bengaluru,Karnataka,2024-02-22
6073,Female,52,Pune,Maharashtra,2024-08-08
6074,Female,37,Hyderabad,Telangana,2025-08-19
6075,Female,38,Bengaluru,Karnataka,2025-09-25
6076,Male,51,Mumbai,Maharashtra,2021-11-24
6077,Male,60,Bengaluru,Karnataka,2025-05-08
6078,Male,50,Chennai,Tamil Nadu,2025-09-02
6079,Female,36,Chennai,Tamil Nadu,2023-04-27
6080,Male,25,Delhi,Delhi,2021-04-08
6081,Female,48,Hyderabad,Telangana,2022-10-21
6082,Male,28,Surat,Gujarat,2021-10-27
6083,Male,25,Delhi,Delhi,2021-01-30
6084,Other,42,Bengaluru,Karnataka,2024-01-03
6085,Female,37,Bengaluru,Karnataka,2021-06-21
6086,Female,55,Hyderabad,Telangana,2023-10-15
6087,Female,24,Kolkata,West Bengal,2023-07-12
6088,Female,30,Pune,Maharashtra,2021-03-25
6089,Female,56,Kolkata,West Bengal,2023-09-12
6090,Female,60,Mumbai,Maharashtra,2025-05-28
6091,Male,27,Delhi,Delhi,2025-11-03
6092,Female,25,Jaipur,Rajasthan,2024-08-06
6093,Female,59,Bengaluru,Karnataka,2022-10-01
6094,Male,60,Chennai,Tamil Nadu,2021-03-26
6095,Female,37,Pune,Maharashtra,2024-07-01
6096,Female,34,Kolkata,West Bengal,2022-10-26
6097,Female,28,Mumbai,Maharashtra,2022-06-03
6098,Male,33,Lucknow,Uttar Pradesh,2025-01-15
6099,Male,54,Pune,Maharashtra,2024-08-23
6100,Female,59,Lucknow,Uttar Pradesh,2025-07-30
6101,Female,49,Delhi,Delhi,2021-07-03
6102,Male,43,Kolkata,West Bengal,2023-08-31
6103,Female,54,Bengaluru,Karnataka,2024-08-30
6104,Male,26,Indore,Madhya Pradesh,2021-12-07
6105,Female,52,Mumbai,Maharashtra,2021-08-15
6106,Male,20,Pune,Maharashtra,2023-04-17
6107,Male,48,Hyderabad,Telangana,2025-11-15
6108,Female,59,Mumbai,Maharashtra,2021-09-21
6109,Male,24,Pune,Maharashtra,2022-03-26
6110,Male,19,Surat,Gujarat,2024-06-28
6111,Male,42,Surat,Gujarat,2024-12-02
6112,Male,57,Delhi,Delhi,2021-06-19
6113,Male,29,Indore,Madhya Pradesh,2022-07-20
6114,Other,47,Chennai,Tamil Nadu,2021-05-12
6115,Female,47,Bengaluru,Karnataka,2023-04-07
6116,Female,46,Kolkata,West Bengal,2022-08-29
6117,Female,58,Ahmedabad,Gujarat,2023-12-06
6118,Male,28,Surat,Gujarat,2021-12-16
6119,Male,40,Bengaluru,Karnataka,2021-04-09
6120,Male,34,Ahmedabad,Gujarat,2025-11-05
6121,Female,30,Mumbai,Maharashtra,2025-12-10
6122,Female,50,Mumbai,Maharashtra,2023-11-27
6123,Male,18,Mumbai,Maharashtra,2025-01-01
6124,Male,57,Surat,Gujarat,2023-10-06
6125,Female,30,Jaipur,Rajasthan,2021-03-16
6126,Female,55,Jaipur,Rajasthan,2021-02-27
6127,Female,20,Hyderabad,Telangana,2023-11-09
6128,Male,33,Bengaluru,Karnataka,2022-02-06
6129,Female,59,Pune,Maharashtra,2021-07-07
6130,Male,24,Bengaluru,Karnataka,2021-05-19
6131,Female,20,Delhi,Delhi,2021-05-23
6132,Female,31,Kolkata,West Bengal,2021-04-18
6133,Female,33,Chennai,Tamil Nadu,2021-08-09
6134,Male,21,Mumbai,Maharashtra,2021-05-25
6135,Male,48,Mumbai,Maharashtra,2023-05-08
6136,Male,30,Mumbai,Maharashtra,2022-05-25
6137,Male,44,Delhi,Delhi,2022-01-11
6138,Female,18,Indore,Madhya Pradesh,2021-01-05
6139,Female,42,Ahmedabad,Gujarat,2022-01-23
6140,Male,54,Jaipur,Rajasthan,2022-07-22
6141,Male,61,Hyderabad,Telangana,2025-11-26
6142,Male,28,Delhi,Delhi,2023-09-11
6143,Female,26,Mumbai,Maharashtra,2025-10-24
6144,Female,24,Lucknow,Uttar Pradesh,2022-07-14
6145,Male,31,Jaipur,Rajasthan,2024-04-01
6146,Male,47,Pune,Maharashtra,2025-11-07
6147,Female,41,Hyderabad,Telangana,2025-11-19
6148,Female,20,Hyderabad,Telangana,2021-12-31
6149,Male,65,Ahmedabad,Gujarat,2022-02-21
6150,Female,56,Surat,Gujarat,2025-03-13
6151,Female,44,Chennai,Tamil Nadu,2025-06-24
6152,Female,18,Chennai,Tamil Nadu,2021-01-21
6153,Female,55,Mumbai,Maharashtra,2022-09-06
6154,Male,43,Mumbai,Maharashtra,2022-06-01
6155,Female,23,Pune,Maharashtra,2024-05-05
6156,Male,59,Mumbai,Maharashtra,2022-10-23
6157,Male,29,Kolkata,West Bengal,2024-09-30
6158,Male,55,Kolkata,West Bengal,2021-11-26
6159,Male,63,Mumbai,Maharashtra,2022-01-13
6160,Male,52,Lucknow,Uttar Pradesh,2024-05-19
6161,Female,27,Pune,Maharashtra,2021-06-09
6162,Female,26,Bengaluru,Karnataka,2022-10-20
6163,Female,40,Bengaluru,Karnataka,2025-05-13
6164,Male,47,Delhi,Delhi,2021-12-20
6165,Male,39,Bengaluru,Karnataka,2024-06-17
6166,Female,64,Hyderabad,Telangana,2021-03-20
6167,Male,26,Delhi,Delhi,2021-06-01
6168,Other,36,Surat,Gujarat,2022-06-01
6169,Male,25,Mumbai,Maharashtra,2022-01-18
6170,Female,21,Pune,Maharashtra,2022-11-24
6171,Male,22,Mumbai,Maharashtra,2021-12-18
6172,Female,36,Ahmedabad,Gujarat,2024-05-09
6173,Female,63,Mumbai,Maharashtra,2023-08-09
6174,Female,35,Lucknow,Uttar Pradesh,2021-05-13
6175,Other,46,Hyderabad,Telangana,2022-09-26
6176,Male,36,Hyderabad,Telangana,2021-06-18
6177,Female,23,Chennai,Tamil Nadu,2023-05-16
6178,Male,22,Pune,Maharashtra,2022-01-26
6179,Female,60,Pune,Maharashtra,2024-11-09
6180,Male,22,Bengaluru,Karnataka,2023-03-31
6181,Female,25,Chennai,Tamil Nadu,2021-04-08
6182,Female,44,Pune,Maharashtra,2025-12-23
6183,Male,54,Mumbai,Maharashtra,2024-11-01
6184,Male,60,Surat,Gujarat,2023-09-19
6185,Male,62,Mumbai,Maharashtra,2023-02-19
6186,Female,55,Jaipur,Rajasthan,2021-12-06
6187,Male,54,Jaipur,Rajasthan,2025-04-04
6188,Female,35,Bengaluru,Karnataka,2021-05-12
6189,Female,43,Mumbai,Maharashtra,2025-06-20
6190,Female,59,Pune,Maharashtra,2021-07-29
6191,Female,33,Kolkata,West Bengal,2023-10-26
6192,Male,39,Ahmedabad,Gujarat,2022-01-12
6193,Female,63,Jaipur,Rajasthan,2022-10-02
6194,Female,40,Indore,Madhya Pradesh,2023-12-14
6195,Other,64,Kolkata,West Bengal,2025-03-02
6196,Female,20,Pune,Maharashtra,2024-05-06
6197,Female,20,Bengaluru,Karnataka,2022-03-17
6198,Male,29,Lucknow,Uttar Pradesh,2025-10-08
6199,Female,40,Pune,Maharashtra,2024-04-18
6200,Female,64,Mumbai,Maharashtra,2021-08-29
6201,Female,28,Kolkata,West Bengal,2025-12-15
6202,Female,59,Delhi,Delhi,2024-09-05
6203,Male,64,Indore,Madhya Pradesh,2022-05-16
6204,Female,63,Ahmedabad,Gujarat,2025-08-01
6205,Other,46,Mumbai,Maharashtra,2021-01-23
6206,Male,23,Surat,Gujarat,2022-09-24
6207,Female,63,Bengaluru,Karnataka,2025-07-09
6208,Male,33,Bengaluru,Karnataka,2023-10-14
6209,Female,51,Delhi,Delhi,2025-06-06
6210,Male,54,Mumbai,Maharashtra,2025-09-28
6211,Female,28,Hyderabad,Telangana,2024-04-18
6212,Male,28,Mumbai,Maharashtra,2021-06-24
6213,Female,42,Delhi,Delhi,2021-07-17
6214,Male,36,Delhi,Delhi,2025-04-11
6215,Male,49,Jaipur,Rajasthan,2025-01-17
6216,Female,25,Jaipur,Rajasthan,2021-04-09
6217,Male,29,Pune,Maharashtra,2023-01-15
6218,Female,58,Delhi,Delhi,2024-12-21
6219,Other,52,Delhi,Delhi,2022-03-29
6220,Female,23,Pune,Maharashtra,2024-04-29
6221,Female,38,Jaipur,Rajasthan,2023-09-01
6222,Male,43,Kolkata,West Bengal,2025-05-21
6223,Male,18,Pune,Maharashtra,2025-11-17
6224,Female,34,Delhi,Delhi,2022-05-14
6225,Male,52,Mumbai,Maharashtra,2025-06-28
6226,Female,44,Ahmedabad,Gujarat,2024-04-29
6227,Male,19,Mumbai,Maharashtra,2021-05-21
6228,Female,53,Surat,Gujarat,2025-09-11
6229,Male,18,Jaipur,Rajasthan,2023-02-12
6230,Female,27,Delhi,Delhi,2021-06-24
6231,Male,48,Chennai,Tamil Nadu,2022-02-24
6232,Male,54,Indore,Madhya Pradesh,2022-11-07
6233,Female,22,Chennai,Tamil Nadu,2024-12-28
6234,Male,58,Pune,Maharashtra,2025-01-03
6235,Female,63,Delhi,Delhi,2025-04-04
6236,Female,30,Lucknow,Uttar Pradesh,2022-06-16
6237,Male,62,Ahmedabad,Gujarat,2023-07-07
6238,Female,41,Ahmedabad,Gujarat,2025-12-28
6239,Male,44,Lucknow,Uttar Pradesh,2021-12-27
6240,Female,18,Indore,Madhya Pradesh,2025-11-10
6241,Female,37,Indore,Madhya Pradesh,2022-03-22
6242,Female,25,Mumbai,Maharashtra,2022-07-10
6243,Male,20,Chennai,Tamil Nadu,2022-12-09
6244,Male,49,Kolkata,West Bengal,2025-09-27
6245,Female,61,Kolkata,West Bengal,2024-10-12
6246,Male,42,Chennai,Tamil Nadu,2022-07-15
6247,Male,42,Pune,Maharashtra,2023-09-24
6248,Female,31,Jaipur,Rajasthan,2021-02-28
6249,Female,60,Kolkata,West Bengal,2025-07-26
6250,Male,44,Mumbai,Maharashtra,2023-06-04
6251,Male,65,Hyderabad,Telangana,2024-04-05
6252,Male,49,Pune,Maharashtra,2025-07-29
6253,Male,44,Bengaluru,Karnataka,2023-08-25
6254,Male,21,Mumbai,Maharashtra,2023-08-03
6255,Male,56,Delhi,Delhi,2025-06-13
6256,Other,28,Chennai,Tamil Nadu,2025-12-12
6257,Female,65,Ahmedabad,Gujarat,2021-09-20
6258,Male,65,Ahmedabad,Gujarat,2024-12-25
6259,Male,20,Lucknow,Uttar Pradesh,2025-07-10
6260,Female,42,Pune,Maharashtra,2021-07-15
6261,Male,41,Mumbai,Maharashtra,2021-12-20
6262,Female,26,Lucknow,Uttar Pradesh,2023-06-05
6263,Female,25,Pune,Maharashtra,2023-07-30
6264,Female,56,Surat,Gujarat,2025-07-02
6265,Male,48,Lucknow,Uttar Pradesh,2023-07-04
6266,Female,34,Hyderabad,Telangana,2021-02-16
6267,Female,60,Surat,Gujarat,2023-01-23
6268,Female,48,Mumbai,Maharashtra,2024-08-25
6269,Female,21,Bengaluru,Karnataka,2021-08-18
6270,Male,21,Ahmedabad,Gujarat,2024-12-05
6271,Male,54,Delhi,Delhi,2023-01-27
6272,Female,25,Indore,Madhya Pradesh,2021-11-12
6273,Female,59,Mumbai,Maharashtra,2023-02-01
6274,Female,23,Chennai,Tamil Nadu,2024-01-06
6275,Female,26,Chennai,Tamil Nadu,2021-03-03
6276,Male,59,Ahmedabad,Gujarat,2025-05-14
6277,Male,25,Bengaluru,Karnataka,2021-08-26
6278,Female,49,Delhi,Delhi,2025-09-21
6279,Male,32,Lucknow,Uttar Pradesh,2025-05-11
6280,Female,35,Pune,Maharashtra,2021-03-19
6281,Male,40,Lucknow,Uttar Pradesh,2023-01-04
6282,Female,22,Chennai,Tamil Nadu,2022-07-13
6283,Female,44,Jaipur,Rajasthan,2023-08-02
6284,Male,50,Kolkata,West Bengal,2022-10-12
6285,Male,19,Pune,Maharashtra,2024-12-10
6286,Female,59,Chennai,Tamil Nadu,2023-11-14
6287,Other,55,Lucknow,Uttar Pradesh,2023-11-19
6288,Female,45,Delhi,Delhi,2025-02-23
6289,Male,41,Surat,Gujarat,2024-03-04
6290,Male,38,Hyderabad,Telangana,2021-12-17
6291,Male,48,Pune,Maharashtra,2023-07-02
6292,Male,28,Delhi,Delhi,2021-12-16
6293,Female,45,Surat,Gujarat,2024-07-28
6294,Female,65,Bengaluru,Karnataka,2022-04-21
6295,Male,57,Lucknow,Uttar Pradesh,2021-10-19
6296,Male,21,Indore,Madhya Pradesh,2024-04-27
6297,Male,60,Delhi,Delhi,2025-05-26
6298,Female,59,Mumbai,Maharashtra,2024-12-13
6299,Female,33,Kolkata,West Bengal,2023-06-07
6300,Female,29,Bengaluru,Karnataka,2022-04-13
6301,Male,39,Jaipur,Rajasthan,2024-05-14
6302,Female,52,Hyderabad,Telangana,2024-06-19
6303,Male,60,Hyderabad,Telangana,2021-11-02
6304,Male,33,Jaipur,Rajasthan,2024-04-22
6305,Female,41,Delhi,Delhi,2022-04-23
6306,Female,52,Hyderabad,Telangana,2025-03-08
6307,Male,45,Delhi,Delhi,2024-02-26
6308,Male,59,Delhi,Delhi,2022-03-25
6309,Male,46,Hyderabad,Telangana,2021-08-18
6310,Male,38,Jaipur,Rajasthan,2023-12-01
6311,Female,65,Delhi,Delhi,2023-03-04
6312,Female,42,Hyderabad,Telangana,2022-11-05
6313,Male,56,Ahmedabad,Gujarat,2024-11-16
6314,Male,48,Bengaluru,Karnataka,2023-04-04
6315,Male,32,Bengaluru,Karnataka,2024-09-25
6316,Female,64,Indore,Madhya Pradesh,2025-08-21
6317,Male,59,Kolkata,West Bengal,2023-04-16
6318,Female,52,Chennai,Tamil Nadu,2023-11-11
6319,Male,55,Ahmedabad,Gujarat,2021-12-13
6320,Female,39,Mumbai,Maharashtra,2021-01-10
6321,Female,22,Ahmedabad,Gujarat,2021-03-28
6322,Female,65,Hyderabad,Telangana,2022-06-29
6323,Female,30,Chennai,Tamil Nadu,2023-05-23
6324,Female,49,Delhi,Delhi,2024-09-24
6325,Female,20,Mumbai,Maharashtra,2022-12-16
6326,Male,32,Pune,Maharashtra,2021-01-04
6327,Male,44,Surat,Gujarat,2023-11-13
6328,Male,44,Delhi,Delhi,2024-05-05
6329,Female,47,Hyderabad,Telangana,2025-03-02
6330,Female,23,Mumbai,Maharashtra,2023-06-20
6331,Male,42,Mumbai,Maharashtra,2025-12-15
6332,Female,45,Kolkata,West Bengal,2021-09-30
6333,Female,39,Chennai,Tamil Nadu,2025-01-14
6334,Female,21,Hyderabad,Telangana,2024-02-05
6335,Female,32,Bengaluru,Karnataka,2023-05-31
6336,Female,43,Kolkata,West Bengal,2024-11-02
6337,Male,35,Pune,Maharashtra,2024-05-08
6338,Male,26,Pune,Maharashtra,2023-07-25
6339,Female,21,Hyderabad,Telangana,2025-10-17
6340,Male,65,Bengaluru,Karnataka,2021-01-02
6341,Male,22,Bengaluru,Karnataka,2024-02-19
6342,Female,62,Ahmedabad,Gujarat,2025-06-27
6343,Female,23,Ahmedabad,Gujarat,2021-05-29
6344,Female,29,Lucknow,Uttar Pradesh,2023-08-06
6345,Male,48,Delhi,Delhi,2021-06-01
6346,Female,64,Mumbai,Maharashtra,2025-05-08
6347,Male,26,Bengaluru,Karnataka,2025-08-29
6348,Male,24,Surat,Gujarat,2021-11-02
6349,Female,46,Chennai,Tamil Nadu,2025-08-30
6350,Male,31,Kolkata,West Bengal,2023-06-01
6351,Male,37,Mumbai,Maharashtra,2022-04-20
6352,Female,65,Hyderabad,Telangana,2024-10-19
6353,Male,49,Mumbai,Maharashtra,2023-03-18
6354,Female,39,Chennai,Tamil Nadu,2023-12-31
6355,Female,53,Indore,Madhya Pradesh,2025-07-22
6356,Other,61,Surat,Gujarat,2021-02-02
6357,Male,35,Chennai,Tamil Nadu,2024-03-26
6358,Female,57,Hyderabad,Telangana,2024-09-15
6359,Male,42,Surat,Gujarat,2023-02-17
6360,Female,48,Ahmedabad,Gujarat,2025-10-06
6361,Male,52,Mumbai,Maharashtra,2025-09-27
6362,Male,43,Hyderabad,Telangana,2024-11-11
6363,Female,21,Bengaluru,Karnataka,2025-07-03
6364,Male,59,Hyderabad,Telangana,2024-03-28
6365,Male,65,Hyderabad,Telangana,2023-03-06
6366,Male,37,Chennai,Tamil Nadu,2025-04-12
6367,Female,51,Delhi,Delhi,2024-06-04
6368,Male,29,Pune,Maharashtra,2024-06-29
6369,Male,33,Hyderabad,Telangana,2022-01-02
6370,Male,59,Lucknow,Uttar Pradesh,2025-12-06
6371,Female,22,Ahmedabad,Gujarat,2021-09-19
6372,Female,61,Bengaluru,Karnataka,2022-10-08
6373,Male,52,Indore,Madhya Pradesh,2022-06-22
6374,Male,61,Indore,Madhya Pradesh,2023-12-03
6375,Male,44,Pune,Maharashtra,2025-04-04
6376,Male,18,Mumbai,Maharashtra,2021-01-16
6377,Male,51,Kolkata,West Bengal,2021-04-15
6378,Male,60,Lucknow,Uttar Pradesh,2023-03-02
6379,Female,49,Surat,Gujarat,2024-05-11
6380,Female,61,Indore,Madhya Pradesh,2022-12-21
6381,Male,56,Chennai,Tamil Nadu,2025-08-29
6382,Female,50,Chennai,Tamil Nadu,2023-12-19
6383,Female,48,Mumbai,Maharashtra,2023-10-06
6384,Female,30,Bengaluru,Karnataka,2021-02-17
6385,Female,62,Hyderabad,Telangana,2022-10-22
6386,Male,19,Ahmedabad,Gujarat,2024-07-24
6387,Male,47,Chennai,Tamil Nadu,2024-12-06
6388,Female,27,Kolkata,West Bengal,2024-04-16
6389,Male,40,Bengaluru,Karnataka,2023-03-12
6390,Male,50,Chennai,Tamil Nadu,2021-04-24
6391,Male,56,Mumbai,Maharashtra,2021-10-23
6392,Male,62,Delhi,Delhi,2025-10-20
6393,Female,46,Kolkata,West Bengal,2022-03-14
6394,Male,47,Kolkata,West Bengal,2021-09-23
6395,Male,51,Surat,Gujarat,2021-06-11
6396,Male,56,Bengaluru,Karnataka,2022-05-19
6397,Male,34,Hyderabad,Telangana,2023-11-26
6398,Female,39,Bengaluru,Karnataka,2022-08-10
6399,Male,22,Hyderabad,Telangana,2022-04-03
6400,Female,28,Lucknow,Uttar Pradesh,2023-10-03
6401,Female,39,Ahmedabad,Gujarat,2025-07-29
6402,Female,49,Indore,Madhya Pradesh,2024-10-26
6403,Male,41,Pune,Maharashtra,2025-02-18
6404,Male,28,Lucknow,Uttar Pradesh,2021-09-29
6405,Female,28,Mumbai,Maharashtra,2024-04-17
6406,Female,34,Indore,Madhya Pradesh,2022-04-25
6407,Male,49,Bengaluru,Karnataka,2023-08-15
6408,Male,36,Bengaluru,Karnataka,2021-06-08
6409,Female,44,Hyderabad,Telangana,2023-01-25
6410,Female,49,Surat,Gujarat,2021-07-23
6411,Male,42,Mumbai,Maharashtra,2023-03-06
6412,Female,45,Delhi,Delhi,2024-07-25
6413,Female,57,Lucknow,Uttar Pradesh,2024-03-12
6414,Female,44,Delhi,Delhi,2025-03-24
6415,Female,31,Pune,Maharashtra,2022-05-27
6416,Male,59,Delhi,Delhi,2021-04-26
6417,Female,56,Delhi,Delhi,2022-01-27
6418,Female,19,Indore,Madhya Pradesh,2024-09-28
6419,Female,34,Jaipur,Rajasthan,2024-10-28
6420,Male,18,Hyderabad,Telangana,2025-12-13
6421,Female,62,Surat,Gujarat,2022-11-19
6422,Male,49,Hyderabad,Telangana,2023-07-19
6423,Male,36,Mumbai,Maharashtra,2022-12-27
6424,Female,31,Bengaluru,Karnataka,2022-01-04
6425,Female,48,Delhi,Delhi,2024-05-23
6426,Female,35,Pune,Maharashtra,2025-03-15
6427,Male,31,Surat,Gujarat,2022-07-23
6428,Female,64,Jaipur,Rajasthan,2023-06-20
6429,Male,31,Bengaluru,Karnataka,2023-01-11
6430,Female,41,Chennai,Tamil Nadu,2021-11-23
6431,Male,22,Kolkata,West Bengal,2021-02-06
6432,Female,33,Surat,Gujarat,2023-09-13
6433,Female,22,Indore,Madhya Pradesh,2022-01-15
6434,Male,30,Hyderabad,Telangana,2023-03-07
6435,Male,33,Jaipur,Rajasthan,2025-03-16
6436,Female,32,Chennai,Tamil Nadu,2024-09-09
6437,Female,48,Chennai,Tamil Nadu,2022-01-04
6438,Female,22,Mumbai,Maharashtra,2021-08-12
6439,Female,38,Mumbai,Maharashtra,2023-03-25
6440,Male,47,Hyderabad,Telangana,2025-10-03
6441,Male,40,Bengaluru,Karnataka,2024-01-29
6442,Male,55,Mumbai,Maharashtra,2025-12-23
6443,Male,46,Kolkata,West Bengal,2024-01-04
6444,Female,30,Mumbai,Maharashtra,2022-12-25
6445,Male,49,Chennai,Tamil Nadu,2024-12-31
6446,Female,65,Chennai,Tamil Nadu,2022-12-04
6447,Female,59,Surat,Gujarat,2024-10-23
6448,Female,44,Hyderabad,Telangana,2021-03-04
6449,Female,51,Mumbai,Maharashtra,2025-07-06
6450,Male,62,Chennai,Tamil Nadu,2025-08-06
6451,Female,50,Lucknow,Uttar Pradesh,2021-04-09
6452,Male,21,Surat,Gujarat,2023-02-16
6453,Male,35,Delhi,Delhi,2024-06-02
6454,Female,23,Bengaluru,Karnataka,2021-03-16
6455,Male,45,Indore,Madhya Pradesh,2025-12-19
6456,Other,61,Pune,Maharashtra,2025-09-30
6457,Female,44,Ahmedabad,Gujarat,2021-07-03
6458,Female,43,Delhi,Delhi,2024-08-09
6459,Male,37,Mumbai,Maharashtra,2023-12-17
6460,Female,30,Delhi,Delhi,2024-06-26
6461,Male,45,Bengaluru,Karnataka,2025-07-08
6462,Female,51,Ahmedabad,Gujarat,2022-04-14
6463,Male,40,Surat,Gujarat,2021-05-20
6464,Female,27,Bengaluru,Karnataka,2021-12-25
6465,Male,47,Jaipur,Rajasthan,2025-04-26
6466,Male,39,Mumbai,Maharashtra,2024-12-02
6467,Male,22,Chennai,Tamil Nadu,2025-02-06
6468,Male,61,Mumbai,Maharashtra,2025-08-16
6469,Female,26,Indore,Madhya Pradesh,2025-01-09
6470,Male,60,Jaipur,Rajasthan,2023-09-07
6471,Male,21,Ahmedabad,Gujarat,2024-06-09
6472,Female,59,Lucknow,Uttar Pradesh,2025-06-29
6473,Male,18,Ahmedabad,Gujarat,2025-06-30
6474,Male,51,Surat,Gujarat,2021-10-27
6475,Female,58,Kolkata,West Bengal,2025-07-24
6476,Male,43,Indore,Madhya Pradesh,2022-03-02
6477,Male,35,Hyderabad,Telangana,2023-09-22
6478,Male,33,Mumbai,Maharashtra,2021-06-10
6479,Male,40,Hyderabad,Telangana,2022-02-05
6480,Female,63,Mumbai,Maharashtra,2024-11-02
6481,Male,53,Chennai,Tamil Nadu,2024-07-04
6482,Female,43,Hyderabad,Telangana,2023-01-11
6483,Male,19,Ahmedabad,Gujarat,2023-05-12
6484,Male,61,Mumbai,Maharashtra,2022-05-09
6485,Male,22,Pune,Maharashtra,2022-05-04
6486,Female,46,Hyderabad,Telangana,2024-04-20
6487,Female,21,Surat,Gujarat,2022-06-10
6488,Female,64,Delhi,Delhi,2024-01-29
6489,Other,52,Delhi,Delhi,2023-01-07
6490,Male,39,Kolkata,West Bengal,2021-12-24
6491,Male,25,Chennai,Tamil Nadu,2024-06-08
6492,Male,61,Bengaluru,Karnataka,2022-07-19
6493,Male,38,Delhi,Delhi,2023-10-27
6494,Male,25,Pune,Maharashtra,2021-03-31
6495,Male,22,Surat,Gujarat,2021-03-05
6496,Male,38,Mumbai,Maharashtra,2024-01-17
6497,Male,44,Delhi,Delhi,2023-11-23
6498,Male,55,Mumbai,Maharashtra,2024-01-01
6499,Male,22,Bengaluru,Karnataka,2025-04-29
6500,Female,38,Jaipur,Rajasthan,2021-09-10
6501,Male,25,Pune,Maharashtra,2021-04-17
6502,Female,39,Mumbai,Maharashtra,2025-12-31
6503,Female,35,Hyderabad,Telangana,2023-07-19
6504,Male,21,Mumbai,Maharashtra,2022-05-29
6505,Male,21,Mumbai,Maharashtra,2021-05-16
6506,Male,54,Jaipur,Rajasthan,2022-09-21
6507,Female,32,Jaipur,Rajasthan,2022-02-13
6508,Male,55,Indore,Madhya Pradesh,2021-05-01
6509,Male,44,Lucknow,Uttar Pradesh,2025-02-10
6510,Male,38,Ahmedabad,Gujarat,2023-03-11
6511,Female,65,Mumbai,Maharashtra,2023-04-04
6512,Male,63,Jaipur,Rajasthan,2024-01-23
6513,Female,63,Lucknow,Uttar Pradesh,2022-05-20
6514,Female,65,Jaipur,Rajasthan,2021-01-07
6515,Female,21,Hyderabad,Telangana,2023-08-02
6516,Female,28,Bengaluru,Karnataka,2025-06-12
6517,Male,36,Lucknow,Uttar Pradesh,2025-09-14
6518,Female,36,Kolkata,West Bengal,2021-07-10
6519,Female,44,Surat,Gujarat,2022-04-02
6520,Male,57,Pune,Maharashtra,2025-10-10
6521,Male,59,Bengaluru,Karnataka,2022-01-21
6522,Female,45,Pune,Maharashtra,2023-03-14
6523,Female,22,Jaipur,Rajasthan,2023-05-16
6524,Female,65,Pune,Maharashtra,2023-10-20
6525,Female,42,Mumbai,Maharashtra,2021-10-05
6526,Female,20,Surat,Gujarat,2025-01-11
6527,Male,43,Mumbai,Maharashtra,2023-04-07
6528,Female,27,Lucknow,Uttar Pradesh,2023-08-03
6529,Male,41,Delhi,Delhi,2021-02-21
6530,Female,46,Lucknow,Uttar Pradesh,2024-11-29
6531,Female,62,Chennai,Tamil Nadu,2022-01-31
6532,Female,24,Indore,Madhya Pradesh,2023-02-18
6533,Male,61,Indore,Madhya Pradesh,2025-11-15
6534,Male,40,Mumbai,Maharashtra,2022-11-25
6535,Male,63,Mumbai,Maharashtra,2021-07-30
6536,Female,44,Bengaluru,Karnataka,2023-06-09
6537,Female,59,Ahmedabad,Gujarat,2025-09-30
6538,Male,26,Indore,Madhya Pradesh,2021-09-27
6539,Female,61,Hyderabad,Telangana,2022-06-29
6540,Female,20,Chennai,Tamil Nadu,2023-10-04
6541,Male,30,Pune,Maharashtra,2025-06-26
6542,Male,23,Jaipur,Rajasthan,2023-04-25
6543,Female,55,Surat,Gujarat,2023-10-13
6544,Female,38,Bengaluru,Karnataka,2024-07-29
6545,Female,36,Hyderabad,Telangana,2022-02-02
6546,Female,42,Mumbai,Maharashtra,2025-11-08
6547,Other,56,Chennai,Tamil Nadu,2024-05-24
6548,Male,21,Hyderabad,Telangana,2024-12-26
6549,Female,39,Pune,Maharashtra,2024-09-06
6550,Male,22,Hyderabad,Telangana,2023-03-25
6551,Male,18,Bengaluru,Karnataka,2022-10-01
6552,Male,34,Hyderabad,Telangana,2022-05-08
6553,Male,26,Chennai,Tamil Nadu,2023-08-09
6554,Female,26,Mumbai,Maharashtra,2025-06-18
6555,Female,41,Jaipur,Rajasthan,2025-05-29
6556,Male,27,Kolkata,West Bengal,2021-05-08
6557,Female,37,Delhi,Delhi,2021-03-15
6558,Female,34,Mumbai,Maharashtra,2025-02-08
6559,Female,30,Kolkata,West Bengal,2022-03-28
6560,Female,46,Surat,Gujarat,2025-01-25
6561,Male,53,Bengaluru,Karnataka,2022-03-14
6562,Female,40,Bengaluru,Karnataka,2024-07-03
6563,Female,44,Pune,Maharashtra,2022-03-24
6564,Female,35,Chennai,Tamil Nadu,2024-01-31
6565,Female,35,Pune,Maharashtra,2022-07-13
6566,Female,26,Delhi,Delhi,2025-08-28
6567,Female,20,Kolkata,West Bengal,2023-08-28
6568,Female,24,Chennai,Tamil Nadu,2025-11-27
6569,Other,32,Delhi,Delhi,2023-07-26
6570,Male,47,Delhi,Delhi,2021-10-10
6571,Male,26,Chennai,Tamil Nadu,2023-01-30
6572,Male,58,Mumbai,Maharashtra,2024-05-12
6573,Female,44,Mumbai,Maharashtra,2021-03-27
6574,Female,53,Indore,Madhya Pradesh,2024-09-09
6575,Male,35,Mumbai,Maharashtra,2021-06-13
6576,Other,48,Kolkata,West Bengal,2023-05-27
6577,Female,34,Indore,Madhya Pradesh,2023-12-17
6578,Female,23,Bengaluru,Karnataka,2021-07-25
6579,Male,56,Delhi,Delhi,2024-12-23
6580,Female,42,Chennai,Tamil Nadu,2021-05-28
6581,Female,59,Indore,Madhya Pradesh,2024-08-17
6582,Female,59,Surat,Gujarat,2023-03-02
6583,Female,55,Kolkata,West Bengal,2024-08-06
6584,Female,55,Mumbai,Maharashtra,2023-11-11
6585,Male,48,Ahmedabad,Gujarat,2023-08-05
6586,Female,46,Delhi,Delhi,2024-03-06
6587,Male,57,Hyderabad,Telangana,2024-10-24
6588,Male,26,Mumbai,Maharashtra,2025-03-26
6589,Male,18,Pune,Maharashtra,2022-07-11
6590,Male,33,Jaipur,Rajasthan,2024-12-30
6591,Male,55,Hyderabad,Telangana,2023-01-31
6592,Female,40,Bengaluru,Karnataka,2021-01-30
6593,Female,25,Delhi,Delhi,2025-01-11
6594,Male,64,Lucknow,Uttar Pradesh,2021-08-13
6595,Female,29,Kolkata,West Bengal,2024-11-10
6596,Male,27,Bengaluru,Karnataka,2025-09-09
6597,Male,33,Mumbai,Maharashtra,2025-06-20
6598,Female,64,Bengaluru,Karnataka,2022-03-05
6599,Female,60,Indore,Madhya Pradesh,2022-06-13
6600,Female,41,Chennai,Tamil Nadu,2023-11-18
6601,Male,56,Chennai,Tamil Nadu,2021-05-06
6602,Female,25,Chennai,Tamil Nadu,2023-03-24
6603,Female,28,Delhi,Delhi,2025-12-14
6604,Female,58,Jaipur,Rajasthan,2022-05-14
6605,Male,43,Hyderabad,Telangana,2024-04-25
6606,Female,24,Mumbai,Maharashtra,2022-10-16
6607,Female,32,Mumbai,Maharashtra,2024-10-27
6608,Other,32,Chennai,Tamil Nadu,2021-05-18
6609,Male,65,Indore,Madhya Pradesh,2023-09-21
6610,Female,20,Bengaluru,Karnataka,2024-09-22
6611,Male,33,Lucknow,Uttar Pradesh,2023-01-11
6612,Female,32,Jaipur,Rajasthan,2021-08-02
6613,Male,42,Bengaluru,Karnataka,2025-12-15
6614,Male,50,Mumbai,Maharashtra,2021-10-18
6615,Female,31,Mumbai,Maharashtra,2023-08-02
6616,Male,41,Kolkata,West Bengal,2025-05-13
6617,Male,28,Pune,Maharashtra,2022-01-06
6618,Male,20,Delhi,Delhi,2022-06-14
6619,Male,26,Hyderabad,Telangana,2022-11-23
6620,Female,23,Kolkata,West Bengal,2025-08-21
6621,Female,48,Mumbai,Maharashtra,2025-11-27
6622,Female,33,Delhi,Delhi,2022-07-03
6623,Male,28,Hyderabad,Telangana,2024-08-12
6624,Female,34,Chennai,Tamil Nadu,2023-02-13
6625,Male,20,Jaipur,Rajasthan,2025-06-03
6626,Female,36,Pune,Maharashtra,2023-10-14
6627,Female,41,Jaipur,Rajasthan,2022-02-23
6628,Female,64,Kolkata,West Bengal,2025-08-17
6629,Female,59,Chennai,Tamil Nadu,2021-12-27
6630,Male,25,Kolkata,West Bengal,2024-03-27
6631,Male,53,Delhi,Delhi,2024-01-04
6632,Female,57,Mumbai,Maharashtra,2024-10-27
6633,Male,19,Ahmedabad,Gujarat,2023-07-09
6634,Male,40,Hyderabad,Telangana,2022-07-21
6635,Male,57,Ahmedabad,Gujarat,2022-12-19
6636,Female,47,Bengaluru,Karnataka,2022-12-28
6637,Female,42,Indore,Madhya Pradesh,2025-03-25
6638,Male,24,Chennai,Tamil Nadu,2024-02-04
6639,Male,45,Mumbai,Maharashtra,2022-01-02
6640,Female,58,Hyderabad,Telangana,2022-02-06
6641,Female,34,Kolkata,West Bengal,2025-11-16
6642,Male,49,Jaipur,Rajasthan,2021-04-13
6643,Female,18,Hyderabad,Telangana,2023-02-26
6644,Female,44,Indore,Madhya Pradesh,2021-11-21
6645,Female,61,Bengaluru,Karnataka,2022-01-08
6646,Female,53,Delhi,Delhi,2021-12-04
6647,Female,24,Indore,Madhya Pradesh,2023-06-10
6648,Male,20,Indore,Madhya Pradesh,2023-11-23
6649,Male,47,Ahmedabad,Gujarat,2024-02-06
6650,Male,18,Lucknow,Uttar Pradesh,2024-12-16
6651,Male,51,Mumbai,Maharashtra,2024-07-16
6652,Male,55,Lucknow,Uttar Pradesh,2024-01-02
6653,Male,60,Bengaluru,Karnataka,2024-04-19
6654,Female,53,Pune,Maharashtra,2025-12-09
6655,Female,50,Bengaluru,Karnataka,2024-03-21
6656,Female,60,Delhi,Delhi,2025-03-16
6657,Female,33,Bengaluru,Karnataka,2023-12-28
6658,Male,55,Bengaluru,Karnataka,2024-10-27
6659,Male,28,Mumbai,Maharashtra,2024-10-03
6660,Male,25,Bengaluru,Karnataka,2023-09-24
6661,Female,18,Chennai,Tamil Nadu,2025-09-29
6662,Male,31,Hyderabad,Telangana,2021-02-01
6663,Female,47,Delhi,Delhi,2023-07-16
6664,Female,38,Kolkata,West Bengal,2022-09-12
6665,Male,38,Indore,Madhya Pradesh,2024-01-08
6666,Male,51,Kolkata,West Bengal,2024-07-06
6667,Female,55,Bengaluru,Karnataka,2025-03-01
6668,Female,43,Kolkata,West Bengal,2023-05-28
6669,Female,58,Pune,Maharashtra,2021-06-24
6670,Male,31,Mumbai,Maharashtra,2024-10-22
6671,Female,57,Delhi,Delhi,2021-01-15
6672,Male,52,Jaipur,Rajasthan,2023-12-11
6673,Other,59,Bengaluru,Karnataka,2021-04-17
6674,Female,35,Mumbai,Maharashtra,2025-10-12
6675,Female,37,Mumbai,Maharashtra,2022-04-14
6676,Male,26,Lucknow,Uttar Pradesh,2021-07-21
6677,Female,58,Ahmedabad,Gujarat,2025-12-18
6678,Male,62,Bengaluru,Karnataka,2024-05-26
6679,Male,50,Chennai,Tamil Nadu,2023-12-01
6680,Male,21,Hyderabad,Telangana,2025-11-30
6681,Female,21,Ahmedabad,Gujarat,2024-11-09
6682,Female,65,Bengaluru,Karnataka,2023-07-06
6683,Male,33,Lucknow,Uttar Pradesh,2025-10-05
6684,Female,64,Bengaluru,Karnataka,2021-12-02
6685,Male,43,Kolkata,West Bengal,2025-06-23
6686,Male,23,Mumbai,Maharashtra,2025-08-12
6687,Male,54,Delhi,Delhi,2021-04-15
6688,Female,39,Delhi,Delhi,2021-07-22
6689,Female,59,Chennai,Tamil Nadu,2025-03-14
6690,Female,56,Mumbai,Maharashtra,2024-01-24
6691,Female,24,Jaipur,Rajasthan,2024-04-15
6692,Male,59,Pune,Maharashtra,2021-03-06
6693,Female,47,Ahmedabad,Gujarat,2022-07-07
6694,Male,27,Jaipur,Rajasthan,2021-08-12
6695,Female,32,Chennai,Tamil Nadu,2025-05-22
6696,Female,23,Kolkata,West Bengal,2022-01-15
6697,Female,41,Ahmedabad,Gujarat,2021-09-12
6698,Male,19,Delhi,Delhi,2024-08-14
6699,Female,57,Jaipur,Rajasthan,2025-05-24
6700,Male,32,Bengaluru,Karnataka,2021-06-20
6701,Female,38,Chennai,Tamil Nadu,2022-09-05
6702,Male,35,Kolkata,West Bengal,2022-10-14
6703,Male,22,Delhi,Delhi,2022-12-19
6704,Female,42,Bengaluru,Karnataka,2023-04-12
6705,Female,53,Hyderabad,Telangana,2024-10-19
6706,Male,27,Jaipur,Rajasthan,2023-03-30
6707,Female,63,Indore,Madhya Pradesh,2021-03-14
6708,Female,40,Chennai,Tamil Nadu,2023-12-20
6709,Female,41,Ahmedabad,Gujarat,2022-03-31
6710,Male,62,Indore,Madhya Pradesh,2021-12-02
6711,Female,27,Mumbai,Maharashtra,2022-10-30
6712,Male,23,Bengaluru,Karnataka,2024-02-22
6713,Female,30,Kolkata,West Bengal,2025-01-18
6714,Female,38,Lucknow,Uttar Pradesh,2021-01-14
6715,Female,49,Lucknow,Uttar Pradesh,2024-12-10
6716,Female,60,Delhi,Delhi,2025-12-05
6717,Male,32,Mumbai,Maharashtra,2021-01-27
6718,Male,19,Delhi,Delhi,2025-11-16
6719,Male,32,Bengaluru,Karnataka,2023-12-10
6720,Male,34,Bengaluru,Karnataka,2021-07-06
6721,Male,37,Jaipur,Rajasthan,2023-12-17
6722,Male,23,Mumbai,Maharashtra,2023-02-10
6723,Female,32,Lucknow,Uttar Pradesh,2022-10-29
6724,Female,34,Delhi,Delhi,2023-09-17
6725,Female,43,Chennai,Tamil Nadu,2023-11-24
6726,Female,39,Mumbai,Maharashtra,2022-06-22
6727,Male,26,Bengaluru,Karnataka,2025-11-21
6728,Male,29,Mumbai,Maharashtra,2023-07-25
6729,Female,39,Surat,Gujarat,2022-01-06
6730,Female,40,Jaipur,Rajasthan,2021-03-27
6731,Female,54,Hyderabad,Telangana,2021-06-09
6732,Male,31,Bengaluru,Karnataka,2022-03-01
6733,Male,41,Indore,Madhya Pradesh,2025-10-02
6734,Female,25,Delhi,Delhi,2024-02-04
6735,Female,43,Pune,Maharashtra,2024-11-15
6736,Female,49,Chennai,Tamil Nadu,2025-03-16
6737,Female,45,Surat,Gujarat,2021-10-02
6738,Female,49,Mumbai,Maharashtra,2024-08-05
6739,Female,39,Bengaluru,Karnataka,2021-09-15
6740,Female,26,Indore,Madhya Pradesh,2023-08-21
6741,Female,20,Pune,Maharashtra,2024-05-28
6742,Female,42,Mumbai,Maharashtra,2023-09-01
6743,Female,56,Chennai,Tamil Nadu,2022-06-11
6744,Female,29,Lucknow,Uttar Pradesh,2022-06-17
6745,Male,46,Hyderabad,Telangana,2023-12-19
6746,Female,20,Surat,Gujarat,2024-10-15
6747,Female,58,Ahmedabad,Gujarat,2025-06-06
6748,Male,63,Mumbai,Maharashtra,2025-07-12
6749,Female,40,Surat,Gujarat,2021-04-23
6750,Male,40,Delhi,Delhi,2024-07-23
6751,Female,35,Bengaluru,Karnataka,2021-09-14
6752,Female,28,Chennai,Tamil Nadu,2021-11-25
6753,Male,53,Bengaluru,Karnataka,2023-02-16
6754,Male,43,Mumbai,Maharashtra,2024-06-12
6755,Female,25,Mumbai,Maharashtra,2021-02-20
6756,Female,45,Hyderabad,Telangana,2025-08-29
6757,Male,35,Lucknow,Uttar Pradesh,2025-11-02
6758,Female,30,Chennai,Tamil Nadu,2021-08-09
6759,Female,53,Surat,Gujarat,2023-02-22
6760,Female,59,Bengaluru,Karnataka,2022-08-19
6761,Male,57,Bengaluru,Karnataka,2024-06-07
6762,Female,61,Pune,Maharashtra,2021-08-10
6763,Male,29,Pune,Maharashtra,2023-08-01
6764,Female,39,Bengaluru,Karnataka,2025-08-17
6765,Female,19,Jaipur,Rajasthan,2023-12-14
6766,Male,57,Indore,Madhya Pradesh,2025-07-13
6767,Female,45,Surat,Gujarat,2025-09-30
6768,Male,30,Bengaluru,Karnataka,2024-07-20
6769,Female,50,Indore,Madhya Pradesh,2021-07-17
6770,Female,20,Bengaluru,Karnataka,2021-05-08
6771,Female,51,Mumbai,Maharashtra,2025-06-16
6772,Female,40,Lucknow,Uttar Pradesh,2023-10-30
6773,Female,49,Ahmedabad,Gujarat,2023-09-14
6774,Female,37,Pune,Maharashtra,2021-08-15
6775,Female,45,Delhi,Delhi,2022-07-12
6776,Male,25,Bengaluru,Karnataka,2024-03-03
6777,Female,20,Kolkata,West Bengal,2023-11-06
6778,Female,47,Hyderabad,Telangana,2021-08-03
6779,Male,42,Surat,Gujarat,2024-02-10
6780,Male,47,Mumbai,Maharashtra,2023-05-05
6781,Male,46,Delhi,Delhi,2024-03-26
6782,Male,64,Hyderabad,Telangana,2022-03-01
6783,Male,47,Hyderabad,Telangana,2025-01-15
6784,Female,51,Bengaluru,Karnataka,2021-11-14
6785,Female,42,Kolkata,West Bengal,2021-12-26
6786,Female,34,Lucknow,Uttar Pradesh,2024-10-31
6787,Male,41,Indore,Madhya Pradesh,2023-07-25
6788,Female,55,Jaipur,Rajasthan,2023-08-16
6789,Female,45,Lucknow,Uttar Pradesh,2023-07-09
6790,Female,50,Chennai,Tamil Nadu,2023-06-21
6791,Female,53,Lucknow,Uttar Pradesh,2024-08-12
6792,Male,24,Bengaluru,Karnataka,2021-07-17
6793,Female,40,Delhi,Delhi,2025-05-13
6794,Female,63,Bengaluru,Karnataka,2022-02-02
6795,Male,43,Hyderabad,Telangana,2022-08-13
6796,Male,31,Bengaluru,Karnataka,2021-08-30
6797,Male,59,Surat,Gujarat,2022-03-05
6798,Male,45,Bengaluru,Karnataka,2022-09-03
6799,Male,41,Mumbai,Maharashtra,2021-01-06
6800,Female,24,Hyderabad,Telangana,2025-12-20
6801,Female,65,Mumbai,Maharashtra,2024-09-03
6802,Female,53,Mumbai,Maharashtra,2024-05-20
6803,Female,56,Pune,Maharashtra,2024-07-20
6804,Female,32,Hyderabad,Telangana,2024-01-13
6805,Female,20,Delhi,Delhi,2025-07-06
6806,Female,65,Jaipur,Rajasthan,2022-12-11
6807,Male,19,Kolkata,West Bengal,2021-12-26
6808,Female,24,Delhi,Delhi,2024-11-05
6809,Female,33,Bengaluru,Karnataka,2025-04-13
6810,Male,38,Bengaluru,Karnataka,2024-03-10
6811,Female,26,Jaipur,Rajasthan,2025-03-14
6812,Female,29,Mumbai,Maharashtra,2024-04-11
6813,Female,46,Mumbai,Maharashtra,2023-11-10
6814,Male,41,Jaipur,Rajasthan,2025-07-11
6815,Female,50,Hyderabad,Telangana,2022-05-18
6816,Male,31,Mumbai,Maharashtra,2025-05-09
6817,Male,60,Bengaluru,Karnataka,2021-08-15
6818,Male,35,Indore,Madhya Pradesh,2021-04-19
6819,Female,22,Lucknow,Uttar Pradesh,2023-01-13
6820,Female,32,Kolkata,West Bengal,2024-09-05
6821,Male,24,Hyderabad,Telangana,2024-08-24
6822,Female,42,Hyderabad,Telangana,2025-10-31
6823,Male,31,Surat,Gujarat,2023-03-22
6824,Male,57,Surat,Gujarat,2024-01-16
6825,Female,53,Pune,Maharashtra,2023-02-25
6826,Male,52,Jaipur,Rajasthan,2021-08-16
6827,Female,61,Pune,Maharashtra,2023-05-02
6828,Male,41,Pune,Maharashtra,2024-08-26
6829,Male,32,Ahmedabad,Gujarat,2023-04-08
6830,Female,28,Delhi,Delhi,2022-01-14
6831,Female,41,Indore,Madhya Pradesh,2025-05-26
6832,Male,28,Mumbai,Maharashtra,2025-10-30
6833,Female,61,Hyderabad,Telangana,2022-01-20
6834,Female,34,Indore,Madhya Pradesh,2021-04-23
6835,Female,23,Indore,Madhya Pradesh,2024-08-09
6836,Male,38,Pune,Maharashtra,2024-08-21
6837,Female,25,Delhi,Delhi,2021-10-18
6838,Female,32,Ahmedabad,Gujarat,2024-02-03
6839,Male,49,Pune,Maharashtra,2021-10-18
6840,Female,27,Surat,Gujarat,2025-02-09
6841,Female,45,Indore,Madhya Pradesh,2025-03-25
6842,Female,32,Pune,Maharashtra,2022-11-08
6843,Female,29,Mumbai,Maharashtra,2021-03-01
6844,Female,60,Mumbai,Maharashtra,2024-08-28
6845,Female,35,Indore,Madhya Pradesh,2021-04-16
6846,Female,54,Pune,Maharashtra,2022-09-15
6847,Female,61,Delhi,Delhi,2021-03-30
6848,Female,41,Hyderabad,Telangana,2024-07-15
6849,Male,54,Chennai,Tamil Nadu,2023-01-12
6850,Male,46,Mumbai,Maharashtra,2025-05-26
6851,Female,27,Bengaluru,Karnataka,2024-02-17
6852,Male,31,Indore,Madhya Pradesh,2023-06-19
6853,Female,33,Indore,Madhya Pradesh,2022-03-21
6854,Female,54,Jaipur,Rajasthan,2024-12-23
6855,Female,28,Mumbai,Maharashtra,2023-10-04
6856,Other,43,Bengaluru,Karnataka,2024-10-06
6857,Female,57,Ahmedabad,Gujarat,2021-11-02
6858,Male,36,Bengaluru,Karnataka,2022-09-07
6859,Female,35,Indore,Madhya Pradesh,2021-07-21
6860,Male,47,Ahmedabad,Gujarat,2023-08-02
6861,Male,49,Mumbai,Maharashtra,2023-11-13
6862,Male,40,Indore,Madhya Pradesh,2024-01-19
6863,Male,29,Surat,Gujarat,2022-04-16
6864,Male,30,Mumbai,Maharashtra,2024-01-22
6865,Male,38,Chennai,Tamil Nadu,2025-12-05
6866,Female,38,Bengaluru,Karnataka,2023-09-06
6867,Female,46,Delhi,Delhi,2024-08-01
6868,Male,46,Pune,Maharashtra,2025-09-03
6869,Male,44,Chennai,Tamil Nadu,2021-11-05
6870,Female,46,Surat,Gujarat,2023-01-03
6871,Female,32,Hyderabad,Telangana,2022-06-20
6872,Female,64,Mumbai,Maharashtra,2022-01-11
6873,Male,29,Ahmedabad,Gujarat,2025-10-04
6874,Female,58,Delhi,Delhi,2022-05-14
6875,Female,36,Lucknow,Uttar Pradesh,2022-09-28
6876,Female,29,Delhi,Delhi,2021-05-22
6877,Male,40,Pune,Maharashtra,2023-12-12
6878,Male,22,Pune,Maharashtra,2023-12-30
6879,Male,43,Jaipur,Rajasthan,2021-09-17
6880,Male,27,Bengaluru,Karnataka,2025-09-18
6881,Female,39,Jaipur,Rajasthan,2025-10-09
6882,Female,56,Pune,Maharashtra,2024-08-09
6883,Female,40,Bengaluru,Karnataka,2022-01-13
6884,Female,28,Hyderabad,Telangana,2023-11-29
6885,Female,45,Surat,Gujarat,2021-12-14
6886,Male,48,Indore,Madhya Pradesh,2025-05-21
6887,Female,25,Pune,Maharashtra,2025-03-29
6888,Female,56,Delhi,Delhi,2025-09-26
6889,Male,65,Pune,Maharashtra,2023-04-08
6890,Male,45,Hyderabad,Telangana,2022-05-21
6891,Female,33,Hyderabad,Telangana,2022-01-17
6892,Female,63,Indore,Madhya Pradesh,2022-03-01
6893,Male,64,Indore,Madhya Pradesh,2025-12-29
6894,Female,48,Delhi,Delhi,2024-12-30
6895,Female,58,Hyderabad,Telangana,2025-07-27
6896,Female,65,Indore,Madhya Pradesh,2025-09-27
6897,Male,33,Jaipur,Rajasthan,2021-11-18
6898,Male,22,Mumbai,Maharashtra,2025-06-02
6899,Female,52,Bengaluru,Karnataka,2021-09-07
6900,Female,42,Delhi,Delhi,2025-11-03
6901,Male,30,Bengaluru,Karnataka,2021-06-29
6902,Male,46,Pune,Maharashtra,2023-10-01
6903,Male,44,Mumbai,Maharashtra,2025-09-09
6904,Male,57,Ahmedabad,Gujarat,2021-01-29
6905,Female,34,Bengaluru,Karnataka,2025-02-28
6906,Female,54,Mumbai,Maharashtra,2025-08-29
6907,Male,55,Bengaluru,Karnataka,2024-09-11
6908,Male,46,Jaipur,Rajasthan,2023-01-08
6909,Female,51,Lucknow,Uttar Pradesh,2025-07-30
6910,Male,47,Hyderabad,Telangana,2021-07-06
6911,Female,48,Delhi,Delhi,2021-02-24
6912,Female,39,Surat,Gujarat,2023-05-28
6913,Female,63,Pune,Maharashtra,2022-05-29
6914,Male,42,Pune,Maharashtra,2024-12-04
6915,Male,21,Bengaluru,Karnataka,2021-01-17
6916,Male,52,Pune,Maharashtra,2025-05-14
6917,Male,58,Delhi,Delhi,2021-03-29
6918,Male,61,Indore,Madhya Pradesh,2024-05-31
6919,Female,26,Ahmedabad,Gujarat,2025-12-13
6920,Female,43,Delhi,Delhi,2023-12-18
6921,Female,44,Indore,Madhya Pradesh,2022-12-05
6922,Male,44,Mumbai,Maharashtra,2025-05-05
6923,Female,35,Pune,Maharashtra,2022-12-26
6924,Female,47,Chennai,Tamil Nadu,2024-06-07
6925,Male,62,Ahmedabad,Gujarat,2024-03-23
6926,Female,63,Mumbai,Maharashtra,2024-07-20
6927,Male,48,Delhi,Delhi,2023-12-06
6928,Male,59,Ahmedabad,Gujarat,2023-06-14
6929,Male,20,Kolkata,West Bengal,2022-03-28
6930,Female,46,Ahmedabad,Gujarat,2024-08-22
6931,Female,24,Bengaluru,Karnataka,2022-03-03
6932,Male,35,Mumbai,Maharashtra,2021-04-28
6933,Male,33,Delhi,Delhi,2022-11-19
6934,Male,49,Mumbai,Maharashtra,2023-10-19
6935,Male,55,Surat,Gujarat,2022-08-03
6936,Male,42,Hyderabad,Telangana,2021-09-08
6937,Male,61,Bengaluru,Karnataka,2022-02-07
6938,Male,49,Jaipur,Rajasthan,2025-11-01
6939,Female,36,Hyderabad,Telangana,2023-07-10
6940,Female,20,Bengaluru,Karnataka,2021-07-19
6941,Female,52,Jaipur,Rajasthan,2024-03-15
6942,Male,46,Lucknow,Uttar Pradesh,2023-12-11
6943,Male,28,Ahmedabad,Gujarat,2023-07-03
6944,Male,23,Mumbai,Maharashtra,2024-10-23
6945,Male,36,Chennai,Tamil Nadu,2025-09-18
6946,Male,54,Jaipur,Rajasthan,2021-11-16
6947,Female,62,Mumbai,Maharashtra,2021-07-18
6948,Female,44,Bengaluru,Karnataka,2025-01-04
6949,Male,22,Indore,Madhya Pradesh,2021-05-25
6950,Male,43,Mumbai,Maharashtra,2023-12-19
6951,Female,52,Kolkata,West Bengal,2025-09-27
6952,Male,36,Hyderabad,Telangana,2021-05-23
6953,Female,34,Hyderabad,Telangana,2024-05-31
6954,Female,52,Mumbai,Maharashtra,2024-01-29
6955,Female,64,Jaipur,Rajasthan,2023-11-16
6956,Male,30,Delhi,Delhi,2024-12-26
6957,Male,31,Chennai,Tamil Nadu,2022-06-10
6958,Male,47,Ahmedabad,Gujarat,2021-05-02
6959,Female,65,Kolkata,West Bengal,2025-01-28
6960,Female,60,Surat,Gujarat,2021-09-22
6961,Female,34,Chennai,Tamil Nadu,2023-10-28
6962,Female,54,Delhi,Delhi,2023-01-01
6963,Female,32,Surat,Gujarat,2024-05-28
6964,Female,35,Ahmedabad,Gujarat,2025-09-15
6965,Female,65,Bengaluru,Karnataka,2022-01-31
6966,Female,31,Mumbai,Maharashtra,2023-07-02
6967,Female,31,Lucknow,Uttar Pradesh,2025-01-20
6968,Male,62,Delhi,Delhi,2021-04-18
6969,Female,50,Ahmedabad,Gujarat,2025-02-24
6970,Male,55,Hyderabad,Telangana,2023-05-09
6971,Male,28,Pune,Maharashtra,2022-09-28
6972,Female,28,Chennai,Tamil Nadu,2025-09-02
6973,Female,65,Mumbai,Maharashtra,2025-01-23
6974,Female,43,Delhi,Delhi,2023-07-22
6975,Male,20,Chennai,Tamil Nadu,2023-02-08
6976,Female,42,Delhi,Delhi,2023-10-30
6977,Male,34,Kolkata,West Bengal,2024-10-22
6978,Female,39,Lucknow,Uttar Pradesh,2025-12-21
6979,Male,46,Jaipur,Rajasthan,2024-02-23
6980,Female,63,Mumbai,Maharashtra,2024-03-31
6981,Female,43,Pune,Maharashtra,2021-02-05
6982,Male,51,Chennai,Tamil Nadu,2023-10-25
6983,Female,43,Indore,Madhya Pradesh,2022-02-17
6984,Female,26,Lucknow,Uttar Pradesh,2024-01-16
6985,Male,57,Lucknow,Uttar Pradesh,2022-04-28
6986,Male,28,Bengaluru,Karnataka,2023-07-01
6987,Male,24,Delhi,Delhi,2025-12-05
6988,Male,47,Hyderabad,Telangana,2022-08-26
6989,Female,19,Pune,Maharashtra,2023-12-18
6990,Female,47,Mumbai,Maharashtra,2024-03-09
6991,Male,21,Surat,Gujarat,2021-06-21
6992,Male,31,Bengaluru,Karnataka,2021-09-17
6993,Female,30,Bengaluru,Karnataka,2025-02-27
6994,Male,42,Mumbai,Maharashtra,2021-01-25
6995,Male,30,Indore,Madhya Pradesh,2021-07-17
6996,Male,30,Chennai,Tamil Nadu,2022-08-02
6997,Female,54,Ahmedabad,Gujarat,2022-02-27
6998,Female,61,Indore,Madhya Pradesh,2024-02-16
6999,Female,23,Delhi,Delhi,2023-03-03
7000,Male,43,Ahmedabad,Gujarat,2021-01-06
7001,Female,31,Mumbai,Maharashtra,2024-01-26
7002,Female,25,Pune,Maharashtra,2021-03-13
7003,Female,41,Lucknow,Uttar Pradesh,2023-07-18
7004,Male,39,Jaipur,Rajasthan,2022-03-08
7005,Female,57,Delhi,Delhi,2023-08-21
7006,Female,56,Delhi,Delhi,2022-01-15
7007,Male,38,Chennai,Tamil Nadu,2025-11-29
7008,Male,60,Mumbai,Maharashtra,2022-07-04
7009,Female,43,Bengaluru,Karnataka,2023-03-19
7010,Female,27,Pune,Maharashtra,2021-02-25
7011,Female,30,Bengaluru,Karnataka,2022-09-07
7012,Female,59,Jaipur,Rajasthan,2024-02-01
7013,Female,31,Bengaluru,Karnataka,2021-08-04
7014,Male,26,Pune,Maharashtra,2021-01-21
7015,Male,24,Hyderabad,Telangana,2025-07-09
7016,Female,56,Lucknow,Uttar Pradesh,2021-07-29
7017,Male,48,Bengaluru,Karnataka,2021-10-18
7018,Male,33,Mumbai,Maharashtra,2022-12-16
7019,Female,25,Delhi,Delhi,2023-04-15
7020,Female,65,Kolkata,West Bengal,2021-07-07
7021,Male,32,Chennai,Tamil Nadu,2024-03-20
7022,Male,42,Jaipur,Rajasthan,2021-07-10
7023,Male,64,Surat,Gujarat,2022-02-11
7024,Male,55,Jaipur,Rajasthan,2021-08-02
7025,Female,58,Chennai,Tamil Nadu,2022-07-08
7026,Male,32,Hyderabad,Telangana,2025-02-10
7027,Female,42,Mumbai,Maharashtra,2023-08-18
7028,Female,24,Surat,Gujarat,2024-05-02
7029,Female,43,Delhi,Delhi,2024-06-27
7030,Male,25,Pune,Maharashtra,2022-08-16
7031,Female,35,Ahmedabad,Gujarat,2021-02-10
7032,Male,38,Bengaluru,Karnataka,2022-01-05
7033,Male,33,Chennai,Tamil Nadu,2021-01-20
7034,Female,64,Chennai,Tamil Nadu,2023-10-30
7035,Male,20,Hyderabad,Telangana,2023-04-05
7036,Female,18,Lucknow,Uttar Pradesh,2025-07-18
7037,Male,30,Bengaluru,Karnataka,2024-05-11
7038,Male,49,Hyderabad,Telangana,2025-06-02
7039,Female,29,Chennai,Tamil Nadu,2025-10-12
7040,Female,48,Ahmedabad,Gujarat,2021-01-18
7041,Female,58,Jaipur,Rajasthan,2023-01-18
7042,Female,19,Delhi,Delhi,2021-11-15
7043,Male,58,Ahmedabad,Gujarat,2025-10-02
7044,Female,25,Pune,Maharashtra,2023-05-11
7045,Male,42,Indore,Madhya Pradesh,2023-08-26
7046,Female,22,Delhi,Delhi,2024-07-29
7047,Female,62,Kolkata,West Bengal,2025-02-08
7048,Female,19,Mumbai,Maharashtra,2021-09-09
7049,Female,59,Pune,Maharashtra,2021-12-06
7050,Male,55,Hyderabad,Telangana,2023-01-21
7051,Female,56,Lucknow,Uttar Pradesh,2023-08-26
7052,Male,20,Hyderabad,Telangana,2022-04-07
7053,Male,63,Indore,Madhya Pradesh,2025-12-10
7054,Male,65,Hyderabad,Telangana,2022-09-23
7055,Female,55,Hyderabad,Telangana,2022-02-05
7056,Male,39,Mumbai,Maharashtra,2022-01-06
7057,Male,57,Jaipur,Rajasthan,2021-10-09
7058,Female,50,Bengaluru,Karnataka,2022-01-25
7059,Female,49,Indore,Madhya Pradesh,2021-12-03
7060,Male,64,Indore,Madhya Pradesh,2024-09-30
7061,Male,34,Surat,Gujarat,2025-03-23
7062,Female,35,Hyderabad,Telangana,2021-09-30
7063,Female,20,Ahmedabad,Gujarat,2024-06-30
7064,Male,23,Jaipur,Rajasthan,2023-10-17
7065,Female,30,Mumbai,Maharashtra,2022-10-02
7066,Female,48,Chennai,Tamil Nadu,2024-10-29
7067,Female,34,Mumbai,Maharashtra,2025-06-16
7068,Female,38,Hyderabad,Telangana,2023-03-29
7069,Female,33,Pune,Maharashtra,2021-01-06
7070,Female,34,Pune,Maharashtra,2024-12-08
7071,Male,49,Delhi,Delhi,2022-08-09
7072,Female,18,Delhi,Delhi,2025-03-02
7073,Female,65,Ahmedabad,Gujarat,2023-12-16
7074,Male,55,Mumbai,Maharashtra,2024-11-22
7075,Female,25,Hyderabad,Telangana,2023-04-02
7076,Male,18,Pune,Maharashtra,2021-08-26
7077,Male,19,Chennai,Tamil Nadu,2022-05-05
7078,Male,64,Ahmedabad,Gujarat,2023-11-12
7079,Female,54,Chennai,Tamil Nadu,2022-03-17
7080,Female,41,Kolkata,West Bengal,2023-12-01
7081,Male,44,Bengaluru,Karnataka,2023-05-08
7082,Female,37,Jaipur,Rajasthan,2025-12-07
7083,Male,64,Delhi,Delhi,2021-09-15
7084,Female,38,Hyderabad,Telangana,2025-01-14
7085,Female,59,Ahmedabad,Gujarat,2021-02-17
7086,Female,54,Mumbai,Maharashtra,2022-05-18
7087,Female,52,Ahmedabad,Gujarat,2021-05-19
7088,Male,55,Ahmedabad,Gujarat,2024-05-10
7089,Female,32,Bengaluru,Karnataka,2025-08-03
7090,Female,63,Mumbai,Maharashtra,2022-05-24
7091,Male,59,Mumbai,Maharashtra,2022-10-16
7092,Female,47,Indore,Madhya Pradesh,2024-08-02
7093,Female,21,Ahmedabad,Gujarat,2024-06-10
7094,Male,60,Mumbai,Maharashtra,2024-09-01
7095,Female,56,Delhi,Delhi,2022-04-06
7096,Female,32,Chennai,Tamil Nadu,2022-11-01
7097,Female,40,Lucknow,Uttar Pradesh,2025-04-23
7098,Male,58,Mumbai,Maharashtra,2025-05-30
7099,Male,32,Bengaluru,Karnataka,2024-09-06
7100,Male,43,Indore,Madhya Pradesh,2024-04-13
7101,Female,29,Mumbai,Maharashtra,2023-11-29
7102,Female,35,Pune,Maharashtra,2022-03-09
7103,Female,23,Surat,Gujarat,2022-04-30
7104,Male,35,Ahmedabad,Gujarat,2025-05-28
7105,Male,41,Bengaluru,Karnataka,2023-12-18
7106,Female,55,Mumbai,Maharashtra,2022-05-11
7107,Female,45,Mumbai,Maharashtra,2023-05-25
7108,Female,32,Bengaluru,Karnataka,2022-08-24
7109,Female,36,Indore,Madhya Pradesh,2025-12-14
7110,Female,22,Delhi,Delhi,2024-03-03
7111,Female,21,Kolkata,West Bengal,2022-10-17
7112,Female,34,Indore,Madhya Pradesh,2025-03-13
7113,Male,27,Delhi,Delhi,2022-08-30
7114,Female,29,Pune,Maharashtra,2021-06-05
7115,Female,22,Hyderabad,Telangana,2021-07-20
7116,Male,24,Indore,Madhya Pradesh,2023-10-19
7117,Male,61,Jaipur,Rajasthan,2022-05-14
7118,Male,40,Mumbai,Maharashtra,2024-11-26
7119,Female,19,Kolkata,West Bengal,2025-02-28
7120,Male,47,Chennai,Tamil Nadu,2022-05-03
7121,Male,62,Indore,Madhya Pradesh,2021-06-09
7122,Female,54,Mumbai,Maharashtra,2024-05-19
7123,Male,22,Chennai,Tamil Nadu,2025-01-16
7124,Female,37,Lucknow,Uttar Pradesh,2025-09-04
7125,Male,43,Delhi,Delhi,2023-12-30
7126,Female,61,Hyderabad,Telangana,2023-04-11
7127,Male,61,Mumbai,Maharashtra,2023-08-30
7128,Male,56,Bengaluru,Karnataka,2024-08-30
7129,Male,23,Bengaluru,Karnataka,2022-03-07
7130,Female,46,Surat,Gujarat,2024-11-06
7131,Female,27,Bengaluru,Karnataka,2025-08-08
7132,Male,33,Hyderabad,Telangana,2024-04-05
7133,Female,51,Ahmedabad,Gujarat,2024-11-15
7134,Male,48,Pune,Maharashtra,2024-09-04
7135,Other,53,Hyderabad,Telangana,2021-04-27
7136,Female,58,Kolkata,West Bengal,2022-11-28
7137,Female,22,Lucknow,Uttar Pradesh,2025-03-16
7138,Female,50,Ahmedabad,Gujarat,2021-07-22
7139,Female,60,Ahmedabad,Gujarat,2024-03-31
7140,Female,36,Mumbai,Maharashtra,2023-08-20
7141,Female,49,Surat,Gujarat,2022-04-07
7142,Female,40,Mumbai,Maharashtra,2023-08-02
7143,Female,20,Jaipur,Rajasthan,2022-12-01
7144,Female,18,Bengaluru,Karnataka,2025-04-28
7145,Female,53,Indore,Madhya Pradesh,2021-07-20
7146,Female,58,Kolkata,West Bengal,2024-06-08
7147,Female,45,Kolkata,West Bengal,2022-05-31
7148,Male,65,Pune,Maharashtra,2025-11-11
7149,Male,56,Hyderabad,Telangana,2024-05-14
7150,Male,22,Ahmedabad,Gujarat,2024-09-16
7151,Female,30,Jaipur,Rajasthan,2022-08-29
7152,Male,28,Mumbai,Maharashtra,2023-01-14
7153,Other,63,Surat,Gujarat,2023-05-25
7154,Female,39,Indore,Madhya Pradesh,2021-12-13
7155,Female,40,Bengaluru,Karnataka,2021-12-15
7156,Male,29,Lucknow,Uttar Pradesh,2024-03-29
7157,Female,38,Hyderabad,Telangana,2025-07-07
7158,Female,36,Hyderabad,Telangana,2024-06-29
7159,Female,22,Bengaluru,Karnataka,2024-05-30
7160,Male,41,Chennai,Tamil Nadu,2023-05-08
7161,Female,47,Kolkata,West Bengal,2025-06-18
7162,Female,25,Delhi,Delhi,2022-01-29
7163,Female,19,Ahmedabad,Gujarat,2024-11-20
7164,Female,51,Kolkata,West Bengal,2023-09-21
7165,Female,40,Kolkata,West Bengal,2023-09-05
7166,Female,20,Mumbai,Maharashtra,2021-06-16
7167,Female,41,Lucknow,Uttar Pradesh,2023-09-03
7168,Female,35,Hyderabad,Telangana,2022-03-28
7169,Female,64,Bengaluru,Karnataka,2024-03-07
7170,Male,54,Bengaluru,Karnataka,2023-05-10
7171,Male,48,Hyderabad,Telangana,2021-07-29
7172,Male,31,Indore,Madhya Pradesh,2023-02-07
7173,Male,18,Delhi,Delhi,2025-05-28
7174,Male,31,Kolkata,West Bengal,2021-08-02
7175,Male,58,Mumbai,Maharashtra,2025-12-07
7176,Female,22,Hyderabad,Telangana,2024-10-15
7177,Male,48,Surat,Gujarat,2025-08-14
7178,Male,48,Jaipur,Rajasthan,2024-06-12
7179,Female,47,Pune,Maharashtra,2023-08-31
7180,Female,53,Hyderabad,Telangana,2025-10-18
7181,Female,18,Bengaluru,Karnataka,2024-11-21
7182,Female,20,Delhi,Delhi,2021-10-31
7183,Male,37,Jaipur,Rajasthan,2024-02-07
7184,Male,60,Jaipur,Rajasthan,2023-05-07
7185,Male,65,Bengaluru,Karnataka,2023-05-11
7186,Male,60,Indore,Madhya Pradesh,2023-03-19
7187,Male,38,Chennai,Tamil Nadu,2024-11-14
7188,Other,47,Delhi,Delhi,2021-04-30
7189,Male,59,Hyderabad,Telangana,2025-06-22
7190,Male,61,Chennai,Tamil Nadu,2024-05-18
7191,Male,47,Chennai,Tamil Nadu,2022-03-03
7192,Female,22,Hyderabad,Telangana,2025-04-17
7193,Male,27,Hyderabad,Telangana,2023-08-03
7194,Male,41,Pune,Maharashtra,2021-11-26
7195,Male,62,Jaipur,Rajasthan,2024-06-03
7196,Male,56,Chennai,Tamil Nadu,2025-10-17
7197,Male,65,Mumbai,Maharashtra,2022-09-27
7198,Female,23,Jaipur,Rajasthan,2024-03-16
7199,Male,27,Indore,Madhya Pradesh,2024-09-25
7200,Female,59,Surat,Gujarat,2022-07-18
7201,Female,60,Delhi,Delhi,2021-06-29
7202,Female,27,Mumbai,Maharashtra,2021-10-17
7203,Male,42,Hyderabad,Telangana,2021-07-06
7204,Male,31,Mumbai,Maharashtra,2022-05-01
7205,Male,64,Indore,Madhya Pradesh,2024-09-22
7206,Female,56,Pune,Maharashtra,2024-02-06
7207,Female,30,Bengaluru,Karnataka,2024-02-24
7208,Male,28,Delhi,Delhi,2023-02-12
7209,Female,56,Delhi,Delhi,2025-09-26
7210,Female,28,Jaipur,Rajasthan,2023-11-24
7211,Female,63,Hyderabad,Telangana,2025-01-01
7212,Male,33,Pune,Maharashtra,2024-07-23
7213,Female,50,Bengaluru,Karnataka,2025-02-26
7214,Male,58,Hyderabad,Telangana,2021-07-01
7215,Female,58,Pune,Maharashtra,2024-06-16
7216,Male,49,Ahmedabad,Gujarat,2024-10-03
7217,Male,27,Chennai,Tamil Nadu,2021-05-26
7218,Female,32,Kolkata,West Bengal,2023-12-04
7219,Female,33,Indore,Madhya Pradesh,2022-05-14
7220,Male,60,Indore,Madhya Pradesh,2023-03-14
7221,Male,44,Surat,Gujarat,2024-08-11
7222,Female,62,Bengaluru,Karnataka,2025-11-30
7223,Female,49,Mumbai,Maharashtra,2022-06-15
7224,Female,23,Bengaluru,Karnataka,2025-10-17
7225,Female,64,Indore,Madhya Pradesh,2021-07-30
7226,Male,65,Surat,Gujarat,2023-06-12
7227,Female,53,Lucknow,Uttar Pradesh,2024-11-26
7228,Female,25,Mumbai,Maharashtra,2024-06-08
7229,Female,42,Surat,Gujarat,2024-09-24
7230,Male,24,Delhi,Delhi,2021-01-05
7231,Female,34,Mumbai,Maharashtra,2021-11-07
7232,Female,65,Hyderabad,Telangana,2025-12-10
7233,Female,47,Mumbai,Maharashtra,2021-06-11
7234,Female,19,Chennai,Tamil Nadu,2021-08-04
7235,Female,34,Bengaluru,Karnataka,2023-02-25
7236,Female,21,Hyderabad,Telangana,2023-04-16
7237,Male,43,Ahmedabad,Gujarat,2025-06-24
7238,Male,31,Lucknow,Uttar Pradesh,2024-04-09
7239,Female,25,Ahmedabad,Gujarat,2021-09-09
7240,Female,22,Delhi,Delhi,2025-09-01
7241,Male,22,Jaipur,Rajasthan,2023-11-28
7242,Female,22,Indore,Madhya Pradesh,2021-08-16
7243,Male,44,Mumbai,Maharashtra,2023-06-28
7244,Male,22,Chennai,Tamil Nadu,2025-07-19
7245,Female,20,Bengaluru,Karnataka,2024-07-25
7246,Female,55,Mumbai,Maharashtra,2021-10-12
7247,Male,47,Ahmedabad,Gujarat,2025-03-14
7248,Female,18,Lucknow,Uttar Pradesh,2022-10-11
7249,Female,25,Pune,Maharashtra,2022-01-01
7250,Female,30,Jaipur,Rajasthan,2025-07-02
7251,Male,37,Lucknow,Uttar Pradesh,2023-12-28
7252,Female,23,Indore,Madhya Pradesh,2024-02-02
7253,Male,65,Bengaluru,Karnataka,2024-11-25
7254,Male,25,Indore,Madhya Pradesh,2024-06-23
7255,Female,47,Bengaluru,Karnataka,2025-08-28
7256,Female,57,Chennai,Tamil Nadu,2021-07-11
7257,Male,32,Mumbai,Maharashtra,2025-09-27
7258,Female,27,Mumbai,Maharashtra,2022-10-06
7259,Female,50,Kolkata,West Bengal,2024-08-12
7260,Female,26,Hyderabad,Telangana,2024-03-13
7261,Female,50,Bengaluru,Karnataka,2023-06-26
7262,Male,26,Pune,Maharashtra,2023-01-01
7263,Female,31,Ahmedabad,Gujarat,2021-01-26
7264,Male,49,Mumbai,Maharashtra,2024-06-28
7265,Female,54,Jaipur,Rajasthan,2025-06-19
7266,Male,23,Mumbai,Maharashtra,2022-12-13
7267,Male,22,Pune,Maharashtra,2022-09-07
7268,Female,21,Delhi,Delhi,2021-07-12
7269,Male,65,Hyderabad,Telangana,2022-01-16
7270,Male,33,Delhi,Delhi,2023-10-23
7271,Female,27,Bengaluru,Karnataka,2025-11-18
7272,Female,48,Surat,Gujarat,2025-06-15
7273,Female,48,Ahmedabad,Gujarat,2023-12-05
7274,Male,31,Mumbai,Maharashtra,2023-07-28
7275,Male,30,Delhi,Delhi,2021-01-03
7276,Male,21,Lucknow,Uttar Pradesh,2023-07-19
7277,Female,63,Bengaluru,Karnataka,2025-01-12
7278,Female,43,Mumbai,Maharashtra,2025-05-19
7279,Male,41,Kolkata,West Bengal,2024-03-04
7280,Male,26,Chennai,Tamil Nadu,2024-08-07
7281,Male,52,Chennai,Tamil Nadu,2021-10-05
7282,Male,59,Mumbai,Maharashtra,2021-06-25
7283,Male,32,Pune,Maharashtra,2021-10-09
7284,Female,41,Ahmedabad,Gujarat,2024-02-18
7285,Male,48,Pune,Maharashtra,2025-12-03
7286,Female,36,Hyderabad,Telangana,2024-04-12
7287,Female,19,Chennai,Tamil Nadu,2025-01-02
7288,Male,19,Bengaluru,Karnataka,2022-04-04
7289,Female,58,Surat,Gujarat,2025-07-12
7290,Female,53,Lucknow,Uttar Pradesh,2023-08-09
7291,Male,54,Kolkata,West Bengal,2021-12-07
7292,Female,51,Mumbai,Maharashtra,2022-11-28
7293,Male,56,Mumbai,Maharashtra,2025-11-14
7294,Female,36,Hyderabad,Telangana,2022-12-27
7295,Female,55,Pune,Maharashtra,2021-05-01
7296,Female,40,Surat,Gujarat,2022-07-29
7297,Female,33,Pune,Maharashtra,2025-08-12
7298,Female,63,Hyderabad,Telangana,2025-02-25
7299,Female,61,Delhi,Delhi,2021-10-03
7300,Female,23,Ahmedabad,Gujarat,2023-08-27
7301,Male,43,Mumbai,Maharashtra,2023-09-14
7302,Female,39,Delhi,Delhi,2021-01-29
7303,Male,62,Bengaluru,Karnataka,2025-10-27
7304,Male,64,Indore,Madhya Pradesh,2022-11-16
7305,Female,41,Mumbai,Maharashtra,2024-06-21
7306,Male,63,Indore,Madhya Pradesh,2021-11-17
7307,Male,57,Lucknow,Uttar Pradesh,2022-10-05
7308,Female,38,Bengaluru,Karnataka,2021-12-18
7309,Male,47,Jaipur,Rajasthan,2022-06-16
7310,Male,28,Mumbai,Maharashtra,2024-01-10
7311,Female,26,Surat,Gujarat,2024-08-09
7312,Female,29,Hyderabad,Telangana,2021-10-21
7313,Female,43,Bengaluru,Karnataka,2025-03-01
7314,Female,55,Delhi,Delhi,2022-04-03
7315,Female,20,Mumbai,Maharashtra,2023-01-17
7316,Female,50,Surat,Gujarat,2023-01-03
7317,Female,32,Mumbai,Maharashtra,2025-09-02
7318,Female,64,Ahmedabad,Gujarat,2025-05-01
7319,Female,22,Hyderabad,Telangana,2023-12-20
7320,Male,41,Surat,Gujarat,2025-06-20
7321,Male,28,Bengaluru,Karnataka,2025-12-10
7322,Male,50,Chennai,Tamil Nadu,2022-06-27
7323,Female,40,Hyderabad,Telangana,2022-01-15
7324,Male,27,Kolkata,West Bengal,2021-11-20
7325,Female,60,Mumbai,Maharashtra,2025-07-10
7326,Female,45,Pune,Maharashtra,2023-12-22
7327,Female,56,Pune,Maharashtra,2023-08-03
7328,Male,34,Kolkata,West Bengal,2024-03-15
7329,Female,61,Pune,Maharashtra,2023-04-23
7330,Male,43,Chennai,Tamil Nadu,2021-12-28
7331,Female,42,Pune,Maharashtra,2021-02-22
7332,Female,53,Lucknow,Uttar Pradesh,2022-02-06
7333,Male,29,Surat,Gujarat,2025-05-06
7334,Female,20,Hyderabad,Telangana,2022-11-12
7335,Male,46,Delhi,Delhi,2023-09-20
7336,Other,61,Bengaluru,Karnataka,2023-05-19
7337,Male,41,Mumbai,Maharashtra,2022-12-08
7338,Male,36,Bengaluru,Karnataka,2025-01-12
7339,Male,30,Ahmedabad,Gujarat,2024-01-12
7340,Male,33,Chennai,Tamil Nadu,2022-01-14
7341,Female,57,Surat,Gujarat,2022-10-08
7342,Female,44,Delhi,Delhi,2025-01-21
7343,Female,23,Kolkata,West Bengal,2023-07-22
7344,Male,59,Hyderabad,Telangana,2025-12-09
7345,Male,27,Hyderabad,Telangana,2021-03-22
7346,Female,55,Bengaluru,Karnataka,2023-01-01
7347,Male,25,Hyderabad,Telangana,2022-05-29
7348,Female,35,Hyderabad,Telangana,2024-08-25
7349,Female,49,Kolkata,West Bengal,2023-07-10
7350,Male,34,Surat,Gujarat,2023-02-02
7351,Female,59,Bengaluru,Karnataka,2022-05-09
7352,Female,19,Mumbai,Maharashtra,2024-06-13
7353,Female,61,Hyderabad,Telangana,2025-08-19
7354,Male,37,Chennai,Tamil Nadu,2023-07-30
7355,Male,27,Pune,Maharashtra,2023-11-27
7356,Male,26,Jaipur,Rajasthan,2023-01-11
7357,Male,65,Surat,Gujarat,2025-08-08
7358,Male,56,Surat,Gujarat,2021-11-21
7359,Female,58,Pune,Maharashtra,2023-12-16
7360,Female,42,Lucknow,Uttar Pradesh,2024-02-19
7361,Female,42,Kolkata,West Bengal,2021-11-10
7362,Male,41,Hyderabad,Telangana,2024-05-19
7363,Female,23,Chennai,Tamil Nadu,2025-12-01
7364,Male,47,Lucknow,Uttar Pradesh,2021-04-13
7365,Female,27,Hyderabad,Telangana,2022-03-15
7366,Female,56,Delhi,Delhi,2023-03-28
7367,Female,48,Hyderabad,Telangana,2023-01-17
7368,Other,35,Chennai,Tamil Nadu,2021-02-07
7369,Female,60,Pune,Maharashtra,2023-03-24
7370,Male,50,Indore,Madhya Pradesh,2025-07-02
7371,Male,36,Ahmedabad,Gujarat,2024-12-08
7372,Male,40,Ahmedabad,Gujarat,2024-06-01
7373,Male,22,Mumbai,Maharashtra,2023-10-14
7374,Female,43,Chennai,Tamil Nadu,2024-08-09
7375,Male,46,Mumbai,Maharashtra,2025-09-16
7376,Female,41,Mumbai,Maharashtra,2021-06-04
7377,Male,23,Hyderabad,Telangana,2023-11-22
7378,Male,56,Delhi,Delhi,2024-06-11
7379,Female,21,Chennai,Tamil Nadu,2022-05-04
7380,Male,65,Mumbai,Maharashtra,2025-11-21
7381,Female,59,Delhi,Delhi,2025-05-13
7382,Female,43,Pune,Maharashtra,2024-09-18
7383,Male,32,Surat,Gujarat,2025-08-26
7384,Female,30,Chennai,Tamil Nadu,2023-11-07
7385,Male,57,Ahmedabad,Gujarat,2024-12-08
7386,Female,39,Bengaluru,Karnataka,2025-11-25
7387,Female,30,Mumbai,Maharashtra,2025-08-09
7388,Male,56,Surat,Gujarat,2025-10-31
7389,Female,34,Bengaluru,Karnataka,2021-08-28
7390,Male,53,Delhi,Delhi,2024-08-02
7391,Female,56,Ahmedabad,Gujarat,2021-12-12
7392,Female,65,Mumbai,Maharashtra,2024-10-30
7393,Female,42,Jaipur,Rajasthan,2021-01-16
7394,Female,51,Chennai,Tamil Nadu,2022-08-10
7395,Male,38,Bengaluru,Karnataka,2023-08-08
7396,Other,42,Mumbai,Maharashtra,2021-09-17
7397,Male,42,Pune,Maharashtra,2021-12-27
7398,Female,39,Indore,Madhya Pradesh,2024-11-23
7399,Male,40,Ahmedabad,Gujarat,2022-04-05
7400,Other,42,Bengaluru,Karnataka,2025-03-20
7401,Female,31,Mumbai,Maharashtra,2023-07-20
7402,Female,31,Kolkata,West Bengal,2025-11-22
7403,Male,43,Chennai,Tamil Nadu,2024-01-14
7404,Female,57,Delhi,Delhi,2023-12-23
7405,Female,47,Delhi,Delhi,2021-04-10
7406,Female,43,Pune,Maharashtra,2023-01-25
7407,Male,55,Ahmedabad,Gujarat,2021-10-22
7408,Male,39,Surat,Gujarat,2024-03-31
7409,Male,56,Pune,Maharashtra,2023-07-18
7410,Male,56,Chennai,Tamil Nadu,2024-04-16
7411,Male,51,Delhi,Delhi,2025-01-07
7412,Male,42,Hyderabad,Telangana,2021-11-24
7413,Male,53,Bengaluru,Karnataka,2024-09-13
7414,Male,30,Lucknow,Uttar Pradesh,2023-02-03
7415,Male,46,Hyderabad,Telangana,2023-12-02
7416,Female,59,Chennai,Tamil Nadu,2021-08-30
7417,Female,26,Bengaluru,Karnataka,2024-09-27
7418,Male,32,Pune,Maharashtra,2024-01-20
7419,Female,48,Mumbai,Maharashtra,2023-11-18
7420,Female,61,Kolkata,West Bengal,2022-04-04
7421,Female,44,Pune,Maharashtra,2022-10-29
7422,Male,48,Kolkata,West Bengal,2025-07-13
7423,Male,27,Delhi,Delhi,2024-11-09
7424,Female,54,Delhi,Delhi,2025-02-19
7425,Male,24,Hyderabad,Telangana,2021-08-08
7426,Male,49,Delhi,Delhi,2023-05-09
7427,Male,28,Mumbai,Maharashtra,2021-09-21
7428,Male,65,Bengaluru,Karnataka,2021-05-01
7429,Other,62,Ahmedabad,Gujarat,2023-12-06
7430,Male,45,Ahmedabad,Gujarat,2024-07-27
7431,Female,21,Bengaluru,Karnataka,2024-02-13
7432,Other,65,Hyderabad,Telangana,2024-04-06
7433,Female,62,Pune,Maharashtra,2022-03-11
7434,Male,48,Pune,Maharashtra,2024-06-23
7435,Male,46,Mumbai,Maharashtra,2022-04-29
7436,Male,50,Indore,Madhya Pradesh,2024-10-30
7437,Male,21,Pune,Maharashtra,2021-10-07
7438,Female,64,Bengaluru,Karnataka,2025-11-05
7439,Male,43,Bengaluru,Karnataka,2023-11-12
7440,Female,48,Mumbai,Maharashtra,2022-12-15
7441,Female,48,Ahmedabad,Gujarat,2021-03-09
7442,Female,44,Mumbai,Maharashtra,2025-07-30
7443,Female,42,Mumbai,Maharashtra,2023-01-13
7444,Male,65,Ahmedabad,Gujarat,2023-12-18
7445,Male,53,Bengaluru,Karnataka,2025-03-31
7446,Male,48,Kolkata,West Bengal,2024-07-11
7447,Male,60,Chennai,Tamil Nadu,2025-09-02
7448,Female,54,Bengaluru,Karnataka,2024-12-17
7449,Male,62,Ahmedabad,Gujarat,2023-10-19
7450,Male,61,Mumbai,Maharashtra,2025-03-03
7451,Other,40,Chennai,Tamil Nadu,2021-10-18
7452,Male,52,Delhi,Delhi,2021-06-18
7453,Female,21,Bengaluru,Karnataka,2025-05-03
7454,Male,45,Chennai,Tamil Nadu,2025-01-25
7455,Male,59,Lucknow,Uttar Pradesh,2025-06-20
7456,Female,58,Surat,Gujarat,2022-07-10
7457,Female,59,Chennai,Tamil Nadu,2021-12-19
7458,Male,30,Delhi,Delhi,2024-06-17
7459,Male,18,Bengaluru,Karnataka,2021-10-10
7460,Male,29,Bengaluru,Karnataka,2025-01-12
7461,Male,60,Hyderabad,Telangana,2025-05-25
7462,Male,57,Delhi,Delhi,2025-11-24
7463,Female,43,Indore,Madhya Pradesh,2023-12-26
7464,Male,63,Delhi,Delhi,2024-09-12
7465,Male,63,Delhi,Delhi,2022-04-01
7466,Female,40,Delhi,Delhi,2023-08-17
7467,Male,39,Lucknow,Uttar Pradesh,2023-10-02
7468,Male,45,Ahmedabad,Gujarat,2022-04-22
7469,Other,34,Ahmedabad,Gujarat,2021-10-12
7470,Male,23,Bengaluru,Karnataka,2021-01-31
7471,Female,31,Jaipur,Rajasthan,2022-03-24
7472,Male,34,Mumbai,Maharashtra,2021-08-02
7473,Male,55,Lucknow,Uttar Pradesh,2025-09-13
7474,Male,22,Hyderabad,Telangana,2025-10-04
7475,Male,30,Delhi,Delhi,2025-05-23
7476,Male,65,Hyderabad,Telangana,2023-11-15
7477,Male,26,Ahmedabad,Gujarat,2025-11-19
7478,Female,61,Mumbai,Maharashtra,2024-10-28
7479,Female,59,Lucknow,Uttar Pradesh,2022-02-01
7480,Male,43,Hyderabad,Telangana,2021-12-03
7481,Female,30,Delhi,Delhi,2023-07-25
7482,Female,36,Mumbai,Maharashtra,2023-08-26
7483,Female,65,Delhi,Delhi,2023-05-05
7484,Male,34,Hyderabad,Telangana,2023-06-22
7485,Female,33,Delhi,Delhi,2022-11-03
7486,Male,47,Ahmedabad,Gujarat,2024-07-27
7487,Male,49,Delhi,Delhi,2023-02-08
7488,Female,31,Surat,Gujarat,2022-09-15
7489,Female,65,Chennai,Tamil Nadu,2022-07-13
7490,Female,32,Jaipur,Rajasthan,2025-09-11
7491,Female,29,Mumbai,Maharashtra,2022-07-02
7492,Male,54,Delhi,Delhi,2023-07-12
7493,Female,28,Bengaluru,Karnataka,2024-05-06
7494,Male,22,Chennai,Tamil Nadu,2022-07-08
7495,Male,28,Lucknow,Uttar Pradesh,2022-04-24
7496,Female,51,Mumbai,Maharashtra,2023-04-24
7497,Male,36,Mumbai,Maharashtra,2025-06-14
7498,Female,43,Lucknow,Uttar Pradesh,2025-05-23
7499,Male,43,Pune,Maharashtra,2021-03-11
7500,Female,34,Ahmedabad,Gujarat,2022-05-20
7501,Male,48,Chennai,Tamil Nadu,2021-04-20
7502,Male,36,Lucknow,Uttar Pradesh,2024-11-06
7503,Female,61,Mumbai,Maharashtra,2022-02-01
7504,Male,37,Mumbai,Maharashtra,2024-12-03
7505,Female,40,Chennai,Tamil Nadu,2021-12-17
7506,Female,42,Surat,Gujarat,2025-04-07
7507,Female,45,Delhi,Delhi,2025-03-05
7508,Female,54,Bengaluru,Karnataka,2023-09-22
7509,Male,29,Chennai,Tamil Nadu,2023-02-28
7510,Female,65,Indore,Madhya Pradesh,2025-09-27
7511,Male,18,Lucknow,Uttar Pradesh,2022-02-25
7512,Male,19,Surat,Gujarat,2025-04-30
7513,Male,27,Mumbai,Maharashtra,2023-07-11
7514,Female,51,Mumbai,Maharashtra,2021-04-21
7515,Female,49,Chennai,Tamil Nadu,2021-07-28
7516,Female,42,Lucknow,Uttar Pradesh,2025-11-01
7517,Female,27,Bengaluru,Karnataka,2025-01-02
7518,Female,18,Bengaluru,Karnataka,2024-04-16
7519,Female,49,Jaipur,Rajasthan,2023-07-20
7520,Male,54,Mumbai,Maharashtra,2025-11-21
7521,Female,29,Delhi,Delhi,2022-03-01
7522,Female,35,Hyderabad,Telangana,2021-11-24
7523,Male,47,Chennai,Tamil Nadu,2021-01-11
7524,Female,30,Kolkata,West Bengal,2024-06-29
7525,Male,20,Delhi,Delhi,2023-05-06
7526,Female,38,Ahmedabad,Gujarat,2024-06-12
7527,Female,59,Chennai,Tamil Nadu,2025-07-30
7528,Female,31,Chennai,Tamil Nadu,2021-09-11
7529,Female,57,Ahmedabad,Gujarat,2025-05-09
7530,Female,27,Bengaluru,Karnataka,2025-02-10
7531,Female,19,Mumbai,Maharashtra,2021-05-09
7532,Male,62,Mumbai,Maharashtra,2025-10-28
7533,Male,54,Bengaluru,Karnataka,2025-04-05
7534,Female,28,Hyderabad,Telangana,2021-04-10
7535,Female,18,Lucknow,Uttar Pradesh,2021-10-17
7536,Female,43,Kolkata,West Bengal,2025-05-12
7537,Male,59,Jaipur,Rajasthan,2024-06-03
7538,Female,30,Delhi,Delhi,2025-08-04
7539,Female,45,Delhi,Delhi,2024-02-23
7540,Male,53,Delhi,Delhi,2025-01-01
7541,Female,38,Pune,Maharashtra,2025-05-07
7542,Female,27,Mumbai,Maharashtra,2022-10-08
7543,Female,29,Chennai,Tamil Nadu,2022-10-27
7544,Other,63,Surat,Gujarat,2024-10-02
7545,Male,44,Pune,Maharashtra,2022-11-29
7546,Female,20,Mumbai,Maharashtra,2025-11-10
7547,Female,45,Jaipur,Rajasthan,2021-07-02
7548,Female,19,Bengaluru,Karnataka,2021-12-17
7549,Female,45,Lucknow,Uttar Pradesh,2025-03-19
7550,Female,48,Kolkata,West Bengal,2025-12-25
7551,Male,60,Surat,Gujarat,2024-11-02
7552,Male,38,Delhi,Delhi,2022-12-09
7553,Male,24,Ahmedabad,Gujarat,2025-01-28
7554,Female,48,Hyderabad,Telangana,2022-11-09
7555,Female,31,Ahmedabad,Gujarat,2023-03-13
7556,Male,56,Hyderabad,Telangana,2021-12-06
7557,Male,56,Pune,Maharashtra,2024-03-10
7558,Male,26,Hyderabad,Telangana,2021-04-21
7559,Female,40,Hyderabad,Telangana,2021-09-18
7560,Female,29,Jaipur,Rajasthan,2024-04-26
7561,Female,46,Kolkata,West Bengal,2022-01-06
7562,Female,55,Ahmedabad,Gujarat,2024-10-13
7563,Female,56,Mumbai,Maharashtra,2024-07-20
7564,Male,39,Kolkata,West Bengal,2025-09-17
7565,Female,21,Hyderabad,Telangana,2025-12-28
7566,Female,65,Indore,Madhya Pradesh,2022-08-27
7567,Female,24,Indore,Madhya Pradesh,2022-03-25
7568,Female,57,Mumbai,Maharashtra,2025-09-26
7569,Female,25,Lucknow,Uttar Pradesh,2024-12-11
7570,Female,52,Mumbai,Maharashtra,2023-05-11
7571,Female,26,Delhi,Delhi,2024-11-12
7572,Other,30,Chennai,Tamil Nadu,2024-09-23
7573,Female,56,Pune,Maharashtra,2024-08-27
7574,Male,37,Kolkata,West Bengal,2024-09-14
7575,Male,38,Mumbai,Maharashtra,2023-12-07
7576,Female,64,Pune,Maharashtra,2022-10-18
7577,Male,36,Chennai,Tamil Nadu,2021-05-29
7578,Male,19,Kolkata,West Bengal,2021-12-16
7579,Male,61,Indore,Madhya Pradesh,2021-11-19
7580,Female,57,Kolkata,West Bengal,2023-05-15
7581,Female,47,Ahmedabad,Gujarat,2024-02-18
7582,Male,40,Delhi,Delhi,2023-10-02
7583,Male,57,Mumbai,Maharashtra,2022-02-02
7584,Female,30,Mumbai,Maharashtra,2022-10-08
7585,Male,50,Chennai,Tamil Nadu,2024-05-05
7586,Male,49,Ahmedabad,Gujarat,2022-02-17
7587,Female,45,Delhi,Delhi,2025-01-02
7588,Female,41,Kolkata,West Bengal,2021-02-06
7589,Male,59,Hyderabad,Telangana,2021-07-06
7590,Female,45,Mumbai,Maharashtra,2022-02-24
7591,Male,47,Pune,Maharashtra,2022-12-26
7592,Female,58,Lucknow,Uttar Pradesh,2025-01-23
7593,Male,46,Kolkata,West Bengal,2024-02-08
7594,Male,51,Indore,Madhya Pradesh,2021-07-06
7595,Female,39,Mumbai,Maharashtra,2022-04-16
7596,Female,42,Surat,Gujarat,2024-01-07
7597,Male,31,Pune,Maharashtra,2024-10-29
7598,Male,27,Mumbai,Maharashtra,2023-03-21
7599,Female,27,Surat,Gujarat,2021-11-26
7600,Female,25,Bengaluru,Karnataka,2024-02-23
7601,Male,31,Ahmedabad,Gujarat,2024-09-01
7602,Female,62,Pune,Maharashtra,2023-08-16
7603,Male,55,Chennai,Tamil Nadu,2021-11-16
7604,Female,49,Indore,Madhya Pradesh,2022-04-20
7605,Male,62,Bengaluru,Karnataka,2025-02-21
7606,Male,49,Ahmedabad,Gujarat,2023-04-06
7607,Male,20,Pune,Maharashtra,2022-05-29
7608,Male,37,Ahmedabad,Gujarat,2021-11-30
7609,Male,30,Bengaluru,Karnataka,2023-12-31
7610,Male,40,Pune,Maharashtra,2022-04-10
7611,Male,36,Bengaluru,Karnataka,2024-10-31
7612,Male,33,Pune,Maharashtra,2022-12-25
7613,Female,53,Indore,Madhya Pradesh,2021-01-08
7614,Male,52,Delhi,Delhi,2025-09-16
7615,Female,64,Bengaluru,Karnataka,2021-06-13
7616,Male,64,Hyderabad,Telangana,2023-02-20
7617,Male,24,Bengaluru,Karnataka,2024-08-11
7618,Female,54,Kolkata,West Bengal,2021-12-24
7619,Female,25,Surat,Gujarat,2021-03-22
7620,Male,42,Delhi,Delhi,2023-02-13
7621,Male,40,Lucknow,Uttar Pradesh,2024-07-22
7622,Female,27,Chennai,Tamil Nadu,2023-07-10
7623,Female,47,Pune,Maharashtra,2023-06-18
7624,Other,50,Kolkata,West Bengal,2025-06-29
7625,Male,28,Hyderabad,Telangana,2025-04-13
7626,Male,52,Ahmedabad,Gujarat,2023-07-11
7627,Female,44,Indore,Madhya Pradesh,2023-12-07
7628,Female,20,Hyderabad,Telangana,2024-11-16
7629,Female,64,Indore,Madhya Pradesh,2023-04-05
7630,Female,25,Kolkata,West Bengal,2025-05-10
7631,Female,30,Hyderabad,Telangana,2023-10-15
7632,Female,59,Chennai,Tamil Nadu,2024-01-08
7633,Male,20,Bengaluru,Karnataka,2025-03-17
7634,Female,37,Surat,Gujarat,2022-11-11
7635,Male,63,Ahmedabad,Gujarat,2023-11-13
7636,Male,62,Mumbai,Maharashtra,2024-06-05
7637,Male,52,Bengaluru,Karnataka,2022-03-14
7638,Male,30,Ahmedabad,Gujarat,2024-08-14
7639,Male,37,Mumbai,Maharashtra,2023-08-04
7640,Female,41,Mumbai,Maharashtra,2024-07-07
7641,Male,26,Hyderabad,Telangana,2023-02-15
7642,Female,47,Bengaluru,Karnataka,2022-11-07
7643,Male,42,Delhi,Delhi,2021-01-10
7644,Male,33,Bengaluru,Karnataka,2025-07-10
7645,Female,25,Pune,Maharashtra,2021-06-07
7646,Female,61,Ahmedabad,Gujarat,2023-05-18
7647,Male,45,Hyderabad,Telangana,2023-02-23
7648,Female,29,Pune,Maharashtra,2024-03-27
7649,Male,41,Bengaluru,Karnataka,2021-11-16
7650,Other,46,Chennai,Tamil Nadu,2024-05-10
7651,Male,32,Mumbai,Maharashtra,2021-05-01
7652,Male,35,Pune,Maharashtra,2021-05-19
7653,Female,24,Mumbai,Maharashtra,2022-11-05
7654,Female,30,Jaipur,Rajasthan,2025-10-10
7655,Male,36,Kolkata,West Bengal,2025-05-10
7656,Female,65,Kolkata,West Bengal,2024-09-24
7657,Male,60,Kolkata,West Bengal,2024-07-07
7658,Female,22,Ahmedabad,Gujarat,2024-12-27
7659,Male,43,Hyderabad,Telangana,2021-02-13
7660,Female,19,Ahmedabad,Gujarat,2024-03-28
7661,Female,50,Mumbai,Maharashtra,2023-03-27
7662,Male,65,Ahmedabad,Gujarat,2024-10-10
7663,Female,54,Jaipur,Rajasthan,2021-04-08
7664,Other,42,Hyderabad,Telangana,2025-04-11
7665,Female,42,Delhi,Delhi,2025-09-30
7666,Male,56,Bengaluru,Karnataka,2025-06-21
7667,Female,47,Ahmedabad,Gujarat,2021-08-27
7668,Female,58,Kolkata,West Bengal,2022-04-20
7669,Female,21,Lucknow,Uttar Pradesh,2022-06-08
7670,Female,36,Delhi,Delhi,2022-07-11
7671,Male,44,Jaipur,Rajasthan,2024-11-16
7672,Female,64,Chennai,Tamil Nadu,2021-01-09
7673,Female,56,Indore,Madhya Pradesh,2025-03-17
7674,Male,41,Hyderabad,Telangana,2024-11-13
7675,Female,54,Hyderabad,Telangana,2024-05-18
7676,Female,42,Chennai,Tamil Nadu,2023-12-14
7677,Female,46,Kolkata,West Bengal,2022-09-08
7678,Male,48,Surat,Gujarat,2021-06-01
7679,Female,62,Mumbai,Maharashtra,2022-02-14
7680,Male,52,Mumbai,Maharashtra,2021-01-10
7681,Female,45,Indore,Madhya Pradesh,2023-08-15
7682,Female,55,Hyderabad,Telangana,2022-07-06
7683,Female,61,Ahmedabad,Gujarat,2022-07-10
7684,Male,21,Hyderabad,Telangana,2023-05-30
7685,Female,45,Mumbai,Maharashtra,2021-09-25
7686,Female,48,Jaipur,Rajasthan,2023-10-11
7687,Male,40,Kolkata,West Bengal,2025-12-19
7688,Female,31,Bengaluru,Karnataka,2022-10-29
7689,Female,45,Bengaluru,Karnataka,2022-03-27
7690,Female,31,Lucknow,Uttar Pradesh,2022-08-17
7691,Male,18,Mumbai,Maharashtra,2024-05-05
7692,Male,60,Indore,Madhya Pradesh,2022-02-02
7693,Female,49,Bengaluru,Karnataka,2023-07-10
7694,Male,58,Chennai,Tamil Nadu,2023-12-12
7695,Male,35,Indore,Madhya Pradesh,2025-10-25
7696,Female,22,Ahmedabad,Gujarat,2025-02-01
7697,Male,59,Delhi,Delhi,2024-10-23
7698,Female,32,Ahmedabad,Gujarat,2024-10-29
7699,Female,59,Delhi,Delhi,2023-12-19
7700,Female,33,Bengaluru,Karnataka,2021-10-21
7701,Female,53,Surat,Gujarat,2023-02-27
7702,Male,53,Kolkata,West Bengal,2025-12-17
7703,Male,57,Ahmedabad,Gujarat,2023-08-10
7704,Female,47,Delhi,Delhi,2023-05-19
7705,Male,55,Mumbai,Maharashtra,2021-04-20
7706,Female,40,Mumbai,Maharashtra,2025-04-15
7707,Female,28,Chennai,Tamil Nadu,2021-04-17
7708,Male,42,Jaipur,Rajasthan,2023-10-10
7709,Female,62,Chennai,Tamil Nadu,2021-10-24
7710,Male,60,Lucknow,Uttar Pradesh,2023-04-19
7711,Male,19,Mumbai,Maharashtra,2024-01-24
7712,Female,52,Delhi,Delhi,2025-12-26
7713,Female,64,Bengaluru,Karnataka,2025-10-09
7714,Female,41,Hyderabad,Telangana,2023-09-12
7715,Male,30,Mumbai,Maharashtra,2023-04-25
7716,Male,59,Surat,Gujarat,2025-09-04
7717,Male,54,Bengaluru,Karnataka,2025-02-04
7718,Male,47,Indore,Madhya Pradesh,2021-03-20
7719,Male,28,Delhi,Delhi,2024-06-27
7720,Female,40,Surat,Gujarat,2022-12-31
7721,Female,63,Chennai,Tamil Nadu,2021-12-05
7722,Male,45,Indore,Madhya Pradesh,2021-02-26
7723,Male,46,Mumbai,Maharashtra,2023-07-09
7724,Female,32,Kolkata,West Bengal,2021-05-27
7725,Female,62,Indore,Madhya Pradesh,2023-01-16
7726,Female,20,Mumbai,Maharashtra,2023-11-07
7727,Male,26,Mumbai,Maharashtra,2022-01-03
7728,Male,25,Delhi,Delhi,2022-12-10
7729,Female,64,Indore,Madhya Pradesh,2024-04-27
7730,Female,50,Chennai,Tamil Nadu,2025-07-26
7731,Male,51,Hyderabad,Telangana,2021-09-05
7732,Female,26,Pune,Maharashtra,2021-05-30
7733,Male,34,Mumbai,Maharashtra,2022-12-15
7734,Male,58,Jaipur,Rajasthan,2024-05-21
7735,Female,18,Mumbai,Maharashtra,2021-08-05
7736,Male,57,Ahmedabad,Gujarat,2023-10-27
7737,Female,22,Indore,Madhya Pradesh,2022-11-01
7738,Male,47,Pune,Maharashtra,2023-05-11
7739,Male,28,Ahmedabad,Gujarat,2025-05-30
7740,Male,45,Mumbai,Maharashtra,2024-11-19
7741,Male,55,Chennai,Tamil Nadu,2025-11-22
7742,Male,34,Pune,Maharashtra,2021-10-31
7743,Female,40,Kolkata,West Bengal,2025-05-01
7744,Female,35,Bengaluru,Karnataka,2024-12-05
7745,Male,54,Hyderabad,Telangana,2022-02-07
7746,Male,44,Chennai,Tamil Nadu,2023-05-10
7747,Other,42,Pune,Maharashtra,2022-01-15
7748,Male,22,Kolkata,West Bengal,2022-03-28
7749,Male,36,Bengaluru,Karnataka,2024-06-06
7750,Male,44,Ahmedabad,Gujarat,2022-11-25
7751,Female,30,Pune,Maharashtra,2025-03-09
7752,Male,24,Ahmedabad,Gujarat,2025-06-07
7753,Female,43,Mumbai,Maharashtra,2021-05-25
7754,Male,31,Delhi,Delhi,2021-02-19
7755,Male,44,Bengaluru,Karnataka,2024-12-18
7756,Male,25,Kolkata,West Bengal,2024-01-29
7757,Female,48,Bengaluru,Karnataka,2021-12-09
7758,Female,52,Indore,Madhya Pradesh,2023-06-01
7759,Male,44,Indore,Madhya Pradesh,2025-10-22
7760,Male,21,Pune,Maharashtra,2025-08-02
7761,Female,59,Ahmedabad,Gujarat,2023-06-09
7762,Female,21,Mumbai,Maharashtra,2025-03-30
7763,Male,35,Delhi,Delhi,2023-11-03
7764,Female,40,Kolkata,West Bengal,2023-02-01
7765,Male,49,Ahmedabad,Gujarat,2023-04-28
7766,Male,29,Ahmedabad,Gujarat,2023-07-13
7767,Male,37,Bengaluru,Karnataka,2024-04-10
7768,Female,64,Delhi,Delhi,2025-02-21
7769,Male,62,Mumbai,Maharashtra,2024-10-14
7770,Female,29,Kolkata,West Bengal,2024-02-04
7771,Female,25,Hyderabad,Telangana,2021-07-08
7772,Female,39,Kolkata,West Bengal,2025-04-02
7773,Male,44,Bengaluru,Karnataka,2023-12-10
7774,Male,58,Bengaluru,Karnataka,2024-06-26
7775,Female,58,Bengaluru,Karnataka,2022-02-14
7776,Female,34,Mumbai,Maharashtra,2024-11-15
7777,Female,49,Delhi,Delhi,2024-11-03
7778,Male,50,Jaipur,Rajasthan,2021-08-15
7779,Male,48,Indore,Madhya Pradesh,2025-06-03
7780,Female,23,Hyderabad,Telangana,2025-12-13
7781,Male,56,Hyderabad,Telangana,2021-08-01
7782,Female,26,Mumbai,Maharashtra,2025-04-02
7783,Male,59,Lucknow,Uttar Pradesh,2023-10-02
7784,Male,49,Mumbai,Maharashtra,2024-10-01
7785,Male,53,Surat,Gujarat,2022-02-23
7786,Male,33,Hyderabad,Telangana,2025-11-22
7787,Male,29,Delhi,Delhi,2024-01-13
7788,Female,58,Indore,Madhya Pradesh,2023-07-08
7789,Male,20,Mumbai,Maharashtra,2024-05-05
7790,Male,44,Chennai,Tamil Nadu,2023-02-16
7791,Female,44,Chennai,Tamil Nadu,2025-04-03
7792,Male,26,Pune,Maharashtra,2021-08-09
7793,Male,34,Delhi,Delhi,2025-11-06
7794,Female,63,Ahmedabad,Gujarat,2021-06-25
7795,Female,22,Kolkata,West Bengal,2022-08-07
7796,Male,43,Mumbai,Maharashtra,2025-06-15
7797,Male,38,Indore,Madhya Pradesh,2024-09-07
7798,Female,18,Pune,Maharashtra,2022-06-19
7799,Male,18,Bengaluru,Karnataka,2022-12-26
7800,Female,52,Bengaluru,Karnataka,2024-11-18
7801,Female,26,Mumbai,Maharashtra,2025-07-22
7802,Female,40,Mumbai,Maharashtra,2025-05-14
7803,Male,55,Surat,Gujarat,2021-11-20
7804,Male,58,Bengaluru,Karnataka,2021-03-26
7805,Female,21,Mumbai,Maharashtra,2023-10-17
7806,Male,36,Mumbai,Maharashtra,2025-10-31
7807,Male,54,Kolkata,West Bengal,2023-06-06
7808,Female,22,Lucknow,Uttar Pradesh,2024-12-21
7809,Male,45,Bengaluru,Karnataka,2024-07-15
7810,Male,63,Mumbai,Maharashtra,2021-04-22
7811,Female,59,Bengaluru,Karnataka,2022-09-20
7812,Male,65,Mumbai,Maharashtra,2023-08-07
7813,Male,40,Mumbai,Maharashtra,2023-01-20
7814,Male,55,Delhi,Delhi,2024-11-22
7815,Female,40,Bengaluru,Karnataka,2021-02-21
7816,Male,63,Hyderabad,Telangana,2021-03-25
7817,Male,35,Bengaluru,Karnataka,2025-07-05
7818,Female,46,Surat,Gujarat,2022-12-13
7819,Female,45,Indore,Madhya Pradesh,2023-01-01
7820,Male,26,Chennai,Tamil Nadu,2023-01-11
7821,Female,56,Delhi,Delhi,2023-04-09
7822,Male,27,Delhi,Delhi,2022-03-01
7823,Female,19,Delhi,Delhi,2023-11-11
7824,Male,30,Kolkata,West Bengal,2025-09-08
7825,Male,55,Hyderabad,Telangana,2021-02-25
7826,Female,44,Lucknow,Uttar Pradesh,2024-08-07
7827,Male,58,Surat,Gujarat,2023-03-23
7828,Male,37,Bengaluru,Karnataka,2023-03-18
7829,Male,57,Chennai,Tamil Nadu,2023-10-06
7830,Female,27,Mumbai,Maharashtra,2022-10-17
7831,Male,33,Pune,Maharashtra,2023-10-04
7832,Male,32,Delhi,Delhi,2023-06-27
7833,Male,30,Pune,Maharashtra,2024-10-28
7834,Male,55,Lucknow,Uttar Pradesh,2025-10-28
7835,Male,37,Pune,Maharashtra,2021-01-08
7836,Male,41,Hyderabad,Telangana,2021-05-04
7837,Male,58,Chennai,Tamil Nadu,2025-11-17
7838,Male,24,Kolkata,West Bengal,2024-01-30
7839,Female,40,Delhi,Delhi,2023-09-17
7840,Female,41,Lucknow,Uttar Pradesh,2023-04-15
7841,Female,46,Chennai,Tamil Nadu,2024-01-22
7842,Male,22,Delhi,Delhi,2024-11-09
7843,Female,60,Mumbai,Maharashtra,2023-02-05
7844,Male,62,Hyderabad,Telangana,2024-01-09
7845,Other,52,Lucknow,Uttar Pradesh,2024-08-14
7846,Male,18,Ahmedabad,Gujarat,2021-01-31
7847,Male,53,Lucknow,Uttar Pradesh,2022-01-13
7848,Male,35,Hyderabad,Telangana,2021-11-26
7849,Male,23,Mumbai,Maharashtra,2024-08-15
7850,Female,40,Mumbai,Maharashtra,2021-10-09
7851,Female,27,Bengaluru,Karnataka,2023-11-02
7852,Other,24,Kolkata,West Bengal,2022-10-01
7853,Female,61,Jaipur,Rajasthan,2023-05-22
7854,Male,25,Bengaluru,Karnataka,2022-11-30
7855,Male,30,Hyderabad,Telangana,2021-03-10
7856,Other,47,Delhi,Delhi,2023-04-21
7857,Female,35,Delhi,Delhi,2025-03-27
7858,Female,31,Bengaluru,Karnataka,2021-01-23
7859,Male,28,Mumbai,Maharashtra,2021-12-03
7860,Female,59,Pune,Maharashtra,2022-03-03
7861,Female,55,Mumbai,Maharashtra,2023-04-25
7862,Male,30,Pune,Maharashtra,2021-07-28
7863,Male,59,Mumbai,Maharashtra,2021-08-03
7864,Male,61,Ahmedabad,Gujarat,2022-09-27
7865,Female,50,Bengaluru,Karnataka,2022-02-27
7866,Male,30,Surat,Gujarat,2021-03-14
7867,Male,42,Pune,Maharashtra,2025-10-12
7868,Male,41,Delhi,Delhi,2023-04-03
7869,Female,46,Delhi,Delhi,2023-02-25
7870,Male,53,Mumbai,Maharashtra,2025-06-18
7871,Male,23,Lucknow,Uttar Pradesh,2023-07-27
7872,Female,35,Mumbai,Maharashtra,2025-11-07
7873,Female,45,Surat,Gujarat,2025-08-17
7874,Male,22,Indore,Madhya Pradesh,2024-07-21
7875,Female,35,Chennai,Tamil Nadu,2025-10-15
7876,Female,54,Chennai,Tamil Nadu,2025-07-22
7877,Male,24,Ahmedabad,Gujarat,2024-06-10
7878,Male,26,Delhi,Delhi,2023-12-01
7879,Female,52,Ahmedabad,Gujarat,2021-10-16
7880,Male,29,Mumbai,Maharashtra,2022-07-09
7881,Male,63,Mumbai,Maharashtra,2024-07-17
7882,Female,57,Hyderabad,Telangana,2022-03-15
7883,Male,61,Chennai,Tamil Nadu,2024-08-30
7884,Female,56,Indore,Madhya Pradesh,2025-03-14
7885,Male,41,Mumbai,Maharashtra,2024-11-18
7886,Female,26,Lucknow,Uttar Pradesh,2021-01-28
7887,Male,29,Pune,Maharashtra,2021-09-27
7888,Female,53,Delhi,Delhi,2025-01-30
7889,Female,54,Bengaluru,Karnataka,2021-03-15
7890,Female,26,Delhi,Delhi,2025-08-08
7891,Male,56,Pune,Maharashtra,2022-11-05
7892,Female,63,Hyderabad,Telangana,2021-09-03
7893,Female,39,Jaipur,Rajasthan,2025-12-11
7894,Female,34,Hyderabad,Telangana,2022-02-14
7895,Male,50,Hyderabad,Telangana,2022-05-13
7896,Female,64,Lucknow,Uttar Pradesh,2024-12-12
7897,Male,41,Kolkata,West Bengal,2023-10-09
7898,Female,32,Hyderabad,Telangana,2021-07-30
7899,Female,46,Bengaluru,Karnataka,2023-03-03
7900,Male,49,Indore,Madhya Pradesh,2024-05-31
7901,Male,50,Chennai,Tamil Nadu,2021-12-26
7902,Male,46,Bengaluru,Karnataka,2022-08-05
7903,Female,32,Bengaluru,Karnataka,2023-11-10
7904,Male,44,Jaipur,Rajasthan,2022-02-27
7905,Male,51,Mumbai,Maharashtra,2021-05-01
7906,Female,21,Surat,Gujarat,2021-06-22
7907,Male,65,Mumbai,Maharashtra,2021-02-03
7908,Male,35,Jaipur,Rajasthan,2023-07-07
7909,Female,38,Delhi,Delhi,2021-03-12
7910,Male,65,Hyderabad,Telangana,2022-06-29
7911,Male,25,Indore,Madhya Pradesh,2023-02-13
7912,Male,23,Delhi,Delhi,2023-02-23
7913,Female,37,Chennai,Tamil Nadu,2023-08-26
7914,Female,19,Mumbai,Maharashtra,2025-07-03
7915,Male,62,Mumbai,Maharashtra,2022-06-19
7916,Male,39,Bengaluru,Karnataka,2025-08-09
7917,Male,38,Ahmedabad,Gujarat,2021-01-14
7918,Female,23,Mumbai,Maharashtra,2024-08-22
7919,Male,49,Mumbai,Maharashtra,2025-04-21
7920,Female,23,Delhi,Delhi,2021-09-28
7921,Male,30,Ahmedabad,Gujarat,2025-12-02
7922,Female,18,Kolkata,West Bengal,2023-12-13
7923,Female,39,Pune,Maharashtra,2025-02-26
7924,Female,41,Mumbai,Maharashtra,2025-05-03
7925,Male,58,Surat,Gujarat,2022-04-08
7926,Female,47,Bengaluru,Karnataka,2022-06-07
7927,Male,39,Lucknow,Uttar Pradesh,2023-02-09
7928,Male,61,Lucknow,Uttar Pradesh,2023-05-05
7929,Male,29,Jaipur,Rajasthan,2023-03-03
7930,Female,43,Pune,Maharashtra,2025-10-12
7931,Female,21,Lucknow,Uttar Pradesh,2024-09-09
7932,Female,36,Jaipur,Rajasthan,2025-03-28
7933,Female,33,Chennai,Tamil Nadu,2022-03-19
7934,Male,29,Bengaluru,Karnataka,2021-09-08
7935,Female,50,Bengaluru,Karnataka,2021-06-09
7936,Female,38,Mumbai,Maharashtra,2021-02-05
7937,Female,53,Hyderabad,Telangana,2025-08-12
7938,Male,26,Chennai,Tamil Nadu,2023-05-30
7939,Female,56,Delhi,Delhi,2024-05-06
7940,Female,59,Hyderabad,Telangana,2025-01-13
7941,Female,62,Delhi,Delhi,2024-11-02
7942,Male,25,Ahmedabad,Gujarat,2024-06-23
7943,Female,37,Indore,Madhya Pradesh,2022-01-28
7944,Female,27,Pune,Maharashtra,2024-05-12
7945,Male,49,Delhi,Delhi,2021-02-13
7946,Male,45,Pune,Maharashtra,2021-11-11
7947,Male,27,Ahmedabad,Gujarat,2022-02-12
7948,Female,25,Kolkata,West Bengal,2023-06-14
7949,Male,64,Indore,Madhya Pradesh,2021-07-25
7950,Male,50,Bengaluru,Karnataka,2024-06-18
7951,Female,64,Surat,Gujarat,2021-02-10
7952,Female,30,Mumbai,Maharashtra,2022-08-11
7953,Male,61,Chennai,Tamil Nadu,2022-12-15
7954,Male,52,Mumbai,Maharashtra,2024-10-18
7955,Female,46,Indore,Madhya Pradesh,2023-06-17
7956,Female,22,Hyderabad,Telangana,2021-04-05
7957,Male,20,Ahmedabad,Gujarat,2022-06-24
7958,Female,54,Lucknow,Uttar Pradesh,2024-03-13
7959,Male,58,Pune,Maharashtra,2021-02-28
7960,Female,23,Mumbai,Maharashtra,2025-07-23
7961,Male,65,Lucknow,Uttar Pradesh,2023-05-04
7962,Male,59,Bengaluru,Karnataka,2022-05-24
7963,Male,33,Mumbai,Maharashtra,2022-05-28
7964,Male,52,Hyderabad,Telangana,2023-03-10
7965,Female,35,Chennai,Tamil Nadu,2023-11-12
7966,Female,28,Mumbai,Maharashtra,2023-01-08
7967,Female,40,Bengaluru,Karnataka,2024-05-12
7968,Male,64,Mumbai,Maharashtra,2022-11-30
7969,Male,28,Delhi,Delhi,2023-06-06
7970,Male,46,Indore,Madhya Pradesh,2022-04-16
7971,Male,59,Surat,Gujarat,2021-10-11
7972,Female,44,Ahmedabad,Gujarat,2022-01-07
7973,Male,26,Pune,Maharashtra,2025-03-02
7974,Female,52,Indore,Madhya Pradesh,2024-09-17
7975,Female,26,Hyderabad,Telangana,2023-11-17
7976,Male,35,Pune,Maharashtra,2023-05-05
7977,Female,61,Indore,Madhya Pradesh,2021-05-09
7978,Male,38,Kolkata,West Bengal,2024-11-04
7979,Male,65,Kolkata,West Bengal,2022-05-22
7980,Female,53,Kolkata,West Bengal,2024-01-24
7981,Male,18,Pune,Maharashtra,2022-08-01
7982,Male,44,Pune,Maharashtra,2024-04-15
7983,Female,62,Ahmedabad,Gujarat,2022-04-18
7984,Male,57,Pune,Maharashtra,2025-02-18
7985,Female,55,Delhi,Delhi,2023-10-05
7986,Male,46,Jaipur,Rajasthan,2024-07-22
7987,Male,57,Jaipur,Rajasthan,2022-10-30
7988,Female,36,Hyderabad,Telangana,2024-12-17
7989,Female,41,Jaipur,Rajasthan,2025-04-04
7990,Male,61,Lucknow,Uttar Pradesh,2021-11-16
7991,Male,18,Ahmedabad,Gujarat,2021-02-27
7992,Female,53,Bengaluru,Karnataka,2021-09-30
7993,Male,40,Bengaluru,Karnataka,2024-05-06
7994,Female,30,Bengaluru,Karnataka,2024-01-08
7995,Female,47,Mumbai,Maharashtra,2023-09-09
7996,Female,54,Bengaluru,Karnataka,2021-02-10
7997,Female,28,Pune,Maharashtra,2023-01-08
7998,Female,24,Hyderabad,Telangana,2025-12-02
7999,Female,52,Indore,Madhya Pradesh,2024-06-22
8000,Female,28,Mumbai,Maharashtra,2023-11-13
8001,Female,60,Kolkata,West Bengal,2022-12-10
8002,Male,64,Ahmedabad,Gujarat,2021-08-24
8003,Male,57,Mumbai,Maharashtra,2021-05-06
8004,Female,65,Indore,Madhya Pradesh,2023-02-17
8005,Female,38,Chennai,Tamil Nadu,2023-04-16
8006,Male,64,Delhi,Delhi,2021-05-20
8007,Male,20,Kolkata,West Bengal,2023-05-29
8008,Female,47,Bengaluru,Karnataka,2022-01-29
8009,Female,41,Kolkata,West Bengal,2023-04-08
8010,Male,55,Mumbai,Maharashtra,2021-05-07
8011,Female,20,Lucknow,Uttar Pradesh,2025-12-27
8012,Other,54,Hyderabad,Telangana,2024-02-12
8013,Female,50,Ahmedabad,Gujarat,2023-04-17
8014,Female,39,Bengaluru,Karnataka,2022-06-09
8015,Male,48,Ahmedabad,Gujarat,2024-06-05
8016,Female,63,Jaipur,Rajasthan,2025-03-25
8017,Female,29,Hyderabad,Telangana,2021-05-26
8018,Female,62,Ahmedabad,Gujarat,2024-04-01
8019,Male,31,Hyderabad,Telangana,2023-01-05
8020,Male,29,Indore,Madhya Pradesh,2022-12-29
8021,Male,44,Hyderabad,Telangana,2021-06-18
8022,Male,30,Lucknow,Uttar Pradesh,2025-04-11
8023,Female,41,Jaipur,Rajasthan,2024-02-23
8024,Female,55,Delhi,Delhi,2021-10-27
8025,Female,64,Bengaluru,Karnataka,2024-06-27
8026,Female,65,Delhi,Delhi,2023-07-27
8027,Male,26,Lucknow,Uttar Pradesh,2022-06-06
8028,Female,25,Bengaluru,Karnataka,2021-04-15
8029,Female,54,Hyderabad,Telangana,2022-09-10
8030,Female,32,Jaipur,Rajasthan,2023-08-27
8031,Female,24,Delhi,Delhi,2025-03-17
8032,Female,41,Ahmedabad,Gujarat,2025-09-14
8033,Female,33,Bengaluru,Karnataka,2022-05-21
8034,Male,41,Mumbai,Maharashtra,2021-10-29
8035,Female,60,Jaipur,Rajasthan,2022-10-15
8036,Female,24,Mumbai,Maharashtra,2024-06-07
8037,Male,60,Bengaluru,Karnataka,2021-03-05
8038,Female,45,Lucknow,Uttar Pradesh,2022-08-13
8039,Female,19,Delhi,Delhi,2021-08-20
8040,Female,51,Surat,Gujarat,2025-06-11
8041,Female,55,Surat,Gujarat,2024-04-21
8042,Female,20,Bengaluru,Karnataka,2021-11-15
8043,Male,18,Mumbai,Maharashtra,2025-08-09
8044,Male,48,Kolkata,West Bengal,2023-04-09
8045,Female,40,Hyderabad,Telangana,2021-04-02
8046,Female,37,Mumbai,Maharashtra,2025-07-17
8047,Female,33,Kolkata,West Bengal,2025-12-17
8048,Male,63,Mumbai,Maharashtra,2023-08-19
8049,Male,49,Lucknow,Uttar Pradesh,2021-03-05
8050,Female,34,Mumbai,Maharashtra,2023-04-24
8051,Male,35,Mumbai,Maharashtra,2021-08-07
8052,Female,21,Pune,Maharashtra,2022-12-05
8053,Female,52,Surat,Gujarat,2022-09-11
8054,Female,57,Kolkata,West Bengal,2021-09-04
8055,Male,53,Jaipur,Rajasthan,2023-08-22
8056,Female,40,Delhi,Delhi,2025-02-05
8057,Female,32,Bengaluru,Karnataka,2023-10-11
8058,Male,30,Bengaluru,Karnataka,2021-02-26
8059,Male,31,Hyderabad,Telangana,2023-12-05
8060,Male,31,Chennai,Tamil Nadu,2024-01-15
8061,Male,54,Ahmedabad,Gujarat,2023-11-28
8062,Female,22,Bengaluru,Karnataka,2021-07-01
8063,Female,39,Surat,Gujarat,2021-06-13
8064,Other,45,Pune,Maharashtra,2023-01-27
8065,Female,62,Surat,Gujarat,2021-05-06
8066,Female,21,Mumbai,Maharashtra,2024-05-15
8067,Male,55,Hyderabad,Telangana,2021-09-24
8068,Female,46,Bengaluru,Karnataka,2021-12-20
8069,Female,54,Hyderabad,Telangana,2024-12-05
8070,Female,52,Chennai,Tamil Nadu,2025-06-11
8071,Female,37,Delhi,Delhi,2025-08-08
8072,Female,52,Delhi,Delhi,2024-02-20
8073,Female,52,Kolkata,West Bengal,2025-03-12
8074,Female,37,Ahmedabad,Gujarat,2022-09-02
8075,Male,19,Lucknow,Uttar Pradesh,2022-04-14
8076,Female,35,Bengaluru,Karnataka,2023-03-12
8077,Female,47,Chennai,Tamil Nadu,2021-05-13
8078,Male,59,Chennai,Tamil Nadu,2024-11-03
8079,Male,46,Delhi,Delhi,2023-10-09
8080,Female,56,Hyderabad,Telangana,2023-04-29
8081,Male,39,Bengaluru,Karnataka,2023-10-17
8082,Male,46,Pune,Maharashtra,2021-11-14
8083,Female,63,Pune,Maharashtra,2025-05-20
8084,Female,27,Mumbai,Maharashtra,2022-12-12
8085,Female,37,Ahmedabad,Gujarat,2024-02-23
8086,Male,33,Ahmedabad,Gujarat,2022-03-27
8087,Male,23,Surat,Gujarat,2025-10-10
8088,Male,34,Kolkata,West Bengal,2024-05-16
8089,Male,23,Mumbai,Maharashtra,2024-08-16
8090,Male,39,Indore,Madhya Pradesh,2025-02-21
8091,Female,35,Lucknow,Uttar Pradesh,2022-09-25
8092,Female,49,Hyderabad,Telangana,2021-05-22
8093,Male,45,Chennai,Tamil Nadu,2023-10-01
8094,Male,59,Surat,Gujarat,2025-02-06
8095,Female,27,Chennai,Tamil Nadu,2023-05-09
8096,Female,58,Indore,Madhya Pradesh,2022-07-23
8097,Male,39,Mumbai,Maharashtra,2021-10-31
8098,Female,45,Pune,Maharashtra,2022-10-19
8099,Male,32,Hyderabad,Telangana,2025-04-29
8100,Male,60,Chennai,Tamil Nadu,2022-10-06
8101,Male,46,Jaipur,Rajasthan,2022-08-16
8102,Female,24,Surat,Gujarat,2021-01-30
8103,Male,51,Delhi,Delhi,2024-11-01
8104,Male,49,Mumbai,Maharashtra,2024-09-26
8105,Male,19,Jaipur,Rajasthan,2024-05-17
8106,Female,43,Chennai,Tamil Nadu,2024-06-20
8107,Male,62,Pune,Maharashtra,2022-11-26
8108,Male,28,Hyderabad,Telangana,2021-06-07
8109,Male,42,Kolkata,West Bengal,2021-05-26
8110,Male,36,Jaipur,Rajasthan,2021-12-06
8111,Female,37,Hyderabad,Telangana,2023-05-16
8112,Male,50,Bengaluru,Karnataka,2025-11-04
8113,Male,34,Surat,Gujarat,2021-04-02
8114,Female,47,Ahmedabad,Gujarat,2021-11-25
8115,Male,35,Delhi,Delhi,2021-06-21
8116,Male,49,Bengaluru,Karnataka,2022-12-03
8117,Male,57,Kolkata,West Bengal,2023-11-21
8118,Female,62,Bengaluru,Karnataka,2022-09-13
8119,Female,21,Pune,Maharashtra,2021-09-29
8120,Female,49,Hyderabad,Telangana,2024-01-24
8121,Female,36,Bengaluru,Karnataka,2023-09-16
8122,Female,20,Ahmedabad,Gujarat,2021-03-18
8123,Female,55,Mumbai,Maharashtra,2021-05-31
8124,Female,45,Ahmedabad,Gujarat,2021-05-22
8125,Male,55,Bengaluru,Karnataka,2021-08-19
8126,Male,23,Mumbai,Maharashtra,2025-11-29
8127,Female,57,Mumbai,Maharashtra,2023-08-12
8128,Other,34,Indore,Madhya Pradesh,2021-05-08
8129,Male,59,Lucknow,Uttar Pradesh,2023-05-10
8130,Female,22,Bengaluru,Karnataka,2025-10-26
8131,Female,36,Jaipur,Rajasthan,2022-11-27
8132,Male,60,Chennai,Tamil Nadu,2022-05-12
8133,Male,59,Surat,Gujarat,2024-07-27
8134,Female,52,Delhi,Delhi,2025-04-14
8135,Male,39,Ahmedabad,Gujarat,2023-03-21
8136,Female,41,Mumbai,Maharashtra,2025-04-03
8137,Female,27,Delhi,Delhi,2021-05-11
8138,Female,19,Surat,Gujarat,2025-01-24
8139,Male,45,Chennai,Tamil Nadu,2021-09-26
8140,Female,58,Bengaluru,Karnataka,2022-09-10
8141,Male,54,Mumbai,Maharashtra,2025-08-20
8142,Male,34,Kolkata,West Bengal,2023-08-20
8143,Female,23,Ahmedabad,Gujarat,2025-05-14
8144,Male,60,Delhi,Delhi,2025-06-16
8145,Male,22,Surat,Gujarat,2024-07-07
8146,Male,56,Mumbai,Maharashtra,2023-12-11
8147,Female,24,Bengaluru,Karnataka,2024-03-02
8148,Male,49,Indore,Madhya Pradesh,2025-08-30
8149,Female,21,Bengaluru,Karnataka,2023-03-20
8150,Female,38,Bengaluru,Karnataka,2023-10-26
8151,Female,59,Chennai,Tamil Nadu,2022-10-10
8152,Female,49,Lucknow,Uttar Pradesh,2023-01-08
8153,Male,35,Mumbai,Maharashtra,2022-05-17
8154,Male,50,Surat,Gujarat,2024-04-22
8155,Male,31,Jaipur,Rajasthan,2022-02-13
8156,Male,23,Pune,Maharashtra,2024-01-20
8157,Female,28,Kolkata,West Bengal,2024-12-30
8158,Male,63,Delhi,Delhi,2023-03-31
8159,Male,37,Delhi,Delhi,2023-06-22
8160,Female,46,Jaipur,Rajasthan,2021-07-08
8161,Female,52,Surat,Gujarat,2025-02-12
8162,Female,33,Mumbai,Maharashtra,2023-09-08
8163,Female,65,Delhi,Delhi,2023-03-26
8164,Female,24,Hyderabad,Telangana,2022-01-18
8165,Female,57,Delhi,Delhi,2023-04-30
8166,Male,53,Delhi,Delhi,2024-09-07
8167,Other,61,Mumbai,Maharashtra,2025-01-06
8168,Female,61,Ahmedabad,Gujarat,2022-05-05
8169,Male,48,Delhi,Delhi,2024-03-02
8170,Male,59,Pune,Maharashtra,2025-09-04
8171,Female,61,Jaipur,Rajasthan,2022-03-02
8172,Female,60,Jaipur,Rajasthan,2021-09-07
8173,Male,60,Hyderabad,Telangana,2023-12-21
8174,Male,64,Bengaluru,Karnataka,2025-05-05
8175,Female,23,Ahmedabad,Gujarat,2023-10-17
8176,Female,46,Bengaluru,Karnataka,2024-12-16
8177,Male,44,Bengaluru,Karnataka,2025-02-08
8178,Male,60,Kolkata,West Bengal,2024-05-31
8179,Female,19,Mumbai,Maharashtra,2025-01-01
8180,Male,39,Mumbai,Maharashtra,2022-11-15
8181,Female,26,Mumbai,Maharashtra,2024-11-08
8182,Male,28,Pune,Maharashtra,2021-11-15
8183,Male,33,Mumbai,Maharashtra,2023-10-17
8184,Male,62,Surat,Gujarat,2021-08-13
8185,Male,30,Bengaluru,Karnataka,2022-02-27
8186,Male,35,Pune,Maharashtra,2023-06-27
8187,Male,42,Bengaluru,Karnataka,2024-04-29
8188,Female,50,Indore,Madhya Pradesh,2025-12-06
8189,Male,27,Hyderabad,Telangana,2025-11-15
8190,Female,47,Delhi,Delhi,2021-03-20
8191,Male,18,Lucknow,Uttar Pradesh,2023-05-05
8192,Female,50,Delhi,Delhi,2023-10-01
8193,Male,32,Bengaluru,Karnataka,2021-12-31
8194,Male,46,Pune,Maharashtra,2021-01-22
8195,Female,19,Delhi,Delhi,2022-07-02
8196,Female,28,Bengaluru,Karnataka,2021-11-26
8197,Female,51,Ahmedabad,Gujarat,2024-03-25
8198,Female,58,Bengaluru,Karnataka,2021-02-25
8199,Female,36,Chennai,Tamil Nadu,2024-06-25
8200,Male,19,Mumbai,Maharashtra,2023-07-14
8201,Female,65,Pune,Maharashtra,2021-09-18
8202,Female,37,Delhi,Delhi,2025-12-01
8203,Other,58,Indore,Madhya Pradesh,2022-03-11
8204,Female,48,Delhi,Delhi,2025-03-31
8205,Male,21,Ahmedabad,Gujarat,2025-02-10
8206,Male,46,Bengaluru,Karnataka,2025-09-20
8207,Female,47,Mumbai,Maharashtra,2022-06-22
8208,Female,30,Mumbai,Maharashtra,2022-06-19
8209,Female,32,Bengaluru,Karnataka,2022-01-16
8210,Female,37,Pune,Maharashtra,2021-04-13
8211,Male,51,Pune,Maharashtra,2021-01-29
8212,Male,45,Jaipur,Rajasthan,2025-02-15
8213,Male,37,Mumbai,Maharashtra,2023-12-17
8214,Female,42,Chennai,Tamil Nadu,2023-12-22
8215,Female,44,Delhi,Delhi,2023-08-13
8216,Male,47,Hyderabad,Telangana,2023-12-08
8217,Female,58,Chennai,Tamil Nadu,2024-10-22
8218,Male,37,Bengaluru,Karnataka,2022-07-01
8219,Male,18,Bengaluru,Karnataka,2025-05-01
8220,Female,52,Kolkata,West Bengal,2025-04-18
8221,Male,60,Lucknow,Uttar Pradesh,2021-11-23
8222,Female,41,Pune,Maharashtra,2025-10-28
8223,Female,42,Mumbai,Maharashtra,2021-09-23
8224,Female,57,Indore,Madhya Pradesh,2025-10-18
8225,Male,29,Delhi,Delhi,2022-12-30
8226,Male,28,Chennai,Tamil Nadu,2024-04-14
8227,Female,47,Delhi,Delhi,2023-12-04
8228,Female,30,Mumbai,Maharashtra,2021-08-07
8229,Female,64,Chennai,Tamil Nadu,2021-05-06
8230,Male,42,Hyderabad,Telangana,2023-06-01
8231,Male,42,Pune,Maharashtra,2024-11-03
8232,Female,34,Hyderabad,Telangana,2021-11-15
8233,Female,29,Jaipur,Rajasthan,2024-08-21
8234,Male,28,Chennai,Tamil Nadu,2024-05-08
8235,Male,27,Mumbai,Maharashtra,2021-03-26
8236,Female,34,Chennai,Tamil Nadu,2023-12-01
8237,Male,62,Kolkata,West Bengal,2022-12-24
8238,Male,33,Jaipur,Rajasthan,2025-04-24
8239,Male,37,Ahmedabad,Gujarat,2024-10-18
8240,Male,22,Pune,Maharashtra,2024-07-16
8241,Female,58,Kolkata,West Bengal,2021-12-28
8242,Male,49,Ahmedabad,Gujarat,2022-01-02
8243,Male,44,Mumbai,Maharashtra,2024-04-19
8244,Male,21,Delhi,Delhi,2024-06-08
8245,Male,58,Bengaluru,Karnataka,2023-09-15
8246,Female,65,Ahmedabad,Gujarat,2023-12-30
8247,Male,24,Pune,Maharashtra,2022-08-11
8248,Female,63,Chennai,Tamil Nadu,2023-08-21
8249,Male,31,Indore,Madhya Pradesh,2025-12-17
8250,Male,56,Jaipur,Rajasthan,2022-05-04
8251,Male,41,Indore,Madhya Pradesh,2024-06-11
8252,Male,65,Surat,Gujarat,2024-12-23
8253,Female,35,Mumbai,Maharashtra,2023-04-11
8254,Male,55,Ahmedabad,Gujarat,2025-07-30
8255,Female,56,Delhi,Delhi,2022-10-28
8256,Male,57,Lucknow,Uttar Pradesh,2024-08-10
8257,Male,18,Bengaluru,Karnataka,2024-10-03
8258,Male,34,Surat,Gujarat,2024-01-28
8259,Female,43,Ahmedabad,Gujarat,2023-05-26
8260,Male,39,Jaipur,Rajasthan,2021-12-27
8261,Male,56,Mumbai,Maharashtra,2021-12-24
8262,Male,35,Pune,Maharashtra,2024-02-28
8263,Male,55,Kolkata,West Bengal,2025-03-23
8264,Female,45,Mumbai,Maharashtra,2024-11-07
8265,Female,38,Jaipur,Rajasthan,2025-06-29
8266,Female,55,Mumbai,Maharashtra,2025-05-05
8267,Female,50,Ahmedabad,Gujarat,2023-01-06
8268,Female,47,Delhi,Delhi,2021-03-05
8269,Male,59,Ahmedabad,Gujarat,2024-11-20
8270,Female,25,Kolkata,West Bengal,2021-06-30
8271,Male,47,Delhi,Delhi,2022-08-10
8272,Male,56,Mumbai,Maharashtra,2025-12-07
8273,Female,26,Mumbai,Maharashtra,2021-07-08
8274,Female,50,Chennai,Tamil Nadu,2024-04-21
8275,Female,60,Hyderabad,Telangana,2025-02-24
8276,Female,46,Kolkata,West Bengal,2022-08-03
8277,Male,48,Hyderabad,Telangana,2021-06-19
8278,Male,20,Delhi,Delhi,2021-11-18
8279,Male,55,Delhi,Delhi,2024-04-10
8280,Female,28,Mumbai,Maharashtra,2021-10-11
8281,Female,22,Bengaluru,Karnataka,2025-07-01
8282,Male,48,Surat,Gujarat,2022-01-01
8283,Male,37,Lucknow,Uttar Pradesh,2021-04-21
8284,Male,21,Bengaluru,Karnataka,2021-03-19
8285,Female,25,Chennai,Tamil Nadu,2025-09-18
8286,Female,59,Lucknow,Uttar Pradesh,2021-09-10
8287,Male,52,Hyderabad,Telangana,2021-08-24
8288,Female,30,Mumbai,Maharashtra,2021-04-03
8289,Female,22,Mumbai,Maharashtra,2025-07-24
8290,Male,57,Hyderabad,Telangana,2025-09-15
8291,Female,36,Surat,Gujarat,2023-11-24
8292,Male,35,Kolkata,West Bengal,2025-02-13
8293,Male,50,Mumbai,Maharashtra,2024-11-28
8294,Male,21,Pune,Maharashtra,2021-08-10
8295,Female,35,Jaipur,Rajasthan,2023-06-15
8296,Female,63,Lucknow,Uttar Pradesh,2025-02-22
8297,Male,41,Ahmedabad,Gujarat,2025-12-23
8298,Female,60,Ahmedabad,Gujarat,2024-09-25
8299,Male,46,Mumbai,Maharashtra,2025-03-17
8300,Female,48,Lucknow,Uttar Pradesh,2023-08-19
8301,Female,45,Jaipur,Rajasthan,2023-09-12
8302,Male,26,Bengaluru,Karnataka,2025-06-21
8303,Male,62,Kolkata,West Bengal,2025-06-11
8304,Female,43,Pune,Maharashtra,2023-04-23
8305,Male,64,Mumbai,Maharashtra,2021-09-09
8306,Female,19,Pune,Maharashtra,2024-10-19
8307,Female,23,Pune,Maharashtra,2025-03-31
8308,Female,46,Bengaluru,Karnataka,2021-05-22
8309,Male,43,Delhi,Delhi,2021-11-07
8310,Male,45,Hyderabad,Telangana,2024-11-09
8311,Male,24,Hyderabad,Telangana,2025-12-30
8312,Female,51,Bengaluru,Karnataka,2022-08-05
8313,Male,62,Mumbai,Maharashtra,2024-08-28
8314,Male,27,Chennai,Tamil Nadu,2024-07-26
8315,Female,65,Delhi,Delhi,2025-05-09
8316,Female,58,Bengaluru,Karnataka,2021-12-12
8317,Male,57,Lucknow,Uttar Pradesh,2024-11-11
8318,Other,64,Kolkata,West Bengal,2021-10-29
8319,Female,39,Lucknow,Uttar Pradesh,2025-11-23
8320,Male,44,Hyderabad,Telangana,2022-05-22
8321,Male,56,Mumbai,Maharashtra,2021-09-04
8322,Female,39,Kolkata,West Bengal,2025-07-28
8323,Female,36,Pune,Maharashtra,2022-05-03
8324,Male,53,Hyderabad,Telangana,2025-11-15
8325,Male,26,Mumbai,Maharashtra,2024-06-16
8326,Male,36,Lucknow,Uttar Pradesh,2025-04-02
8327,Female,19,Mumbai,Maharashtra,2023-07-17
8328,Male,45,Indore,Madhya Pradesh,2024-10-04
8329,Male,56,Lucknow,Uttar Pradesh,2023-03-02
8330,Female,39,Hyderabad,Telangana,2025-11-04
8331,Female,23,Kolkata,West Bengal,2023-07-01
8332,Female,64,Ahmedabad,Gujarat,2024-10-07
8333,Male,24,Jaipur,Rajasthan,2021-06-03
8334,Male,23,Delhi,Delhi,2025-03-14
8335,Male,50,Jaipur,Rajasthan,2024-04-24
8336,Female,31,Hyderabad,Telangana,2023-08-02
8337,Female,18,Surat,Gujarat,2022-08-18
8338,Male,42,Hyderabad,Telangana,2025-05-10
8339,Male,23,Hyderabad,Telangana,2024-12-19
8340,Female,45,Jaipur,Rajasthan,2021-03-03
8341,Female,35,Lucknow,Uttar Pradesh,2024-11-25
8342,Male,44,Chennai,Tamil Nadu,2023-05-20
8343,Female,19,Pune,Maharashtra,2023-12-19
8344,Female,57,Hyderabad,Telangana,2024-03-11
8345,Female,38,Surat,Gujarat,2022-04-11
8346,Female,40,Kolkata,West Bengal,2024-03-18
8347,Female,19,Jaipur,Rajasthan,2025-01-10
8348,Female,33,Mumbai,Maharashtra,2024-04-12
8349,Female,21,Hyderabad,Telangana,2021-11-07
8350,Male,51,Ahmedabad,Gujarat,2023-12-22
8351,Male,22,Lucknow,Uttar Pradesh,2024-04-05
8352,Female,51,Mumbai,Maharashtra,2025-09-02
8353,Female,39,Lucknow,Uttar Pradesh,2023-03-27
8354,Female,63,Chennai,Tamil Nadu,2021-04-13
8355,Male,37,Pune,Maharashtra,2021-01-28
8356,Female,56,Bengaluru,Karnataka,2025-06-08
8357,Male,64,Bengaluru,Karnataka,2022-05-23
8358,Female,30,Chennai,Tamil Nadu,2021-05-14
8359,Male,61,Mumbai,Maharashtra,2021-02-28
8360,Male,51,Pune,Maharashtra,2024-01-19
8361,Male,61,Jaipur,Rajasthan,2021-03-11
8362,Female,23,Mumbai,Maharashtra,2021-07-04
8363,Male,46,Bengaluru,Karnataka,2025-01-01
8364,Male,50,Hyderabad,Telangana,2022-07-26
8365,Male,18,Hyderabad,Telangana,2025-02-06
8366,Male,64,Jaipur,Rajasthan,2025-08-08
8367,Female,65,Hyderabad,Telangana,2021-06-17
8368,Male,24,Jaipur,Rajasthan,2022-08-01
8369,Male,39,Ahmedabad,Gujarat,2024-02-22
8370,Female,49,Mumbai,Maharashtra,2024-05-21
8371,Female,31,Pune,Maharashtra,2021-07-01
8372,Female,41,Delhi,Delhi,2021-03-12
8373,Female,36,Delhi,Delhi,2022-07-10
8374,Female,44,Kolkata,West Bengal,2023-05-02
8375,Male,40,Chennai,Tamil Nadu,2024-05-03
8376,Other,62,Delhi,Delhi,2025-05-12
8377,Female,38,Pune,Maharashtra,2024-08-08
8378,Female,61,Bengaluru,Karnataka,2023-12-17
8379,Female,46,Chennai,Tamil Nadu,2022-11-14
8380,Female,18,Delhi,Delhi,2024-08-16
8381,Male,48,Hyderabad,Telangana,2021-11-14
8382,Male,44,Pune,Maharashtra,2024-10-26
8383,Female,61,Ahmedabad,Gujarat,2024-01-12
8384,Female,53,Lucknow,Uttar Pradesh,2023-04-09
8385,Male,44,Bengaluru,Karnataka,2021-04-04
8386,Female,32,Hyderabad,Telangana,2021-09-24
8387,Female,42,Surat,Gujarat,2024-10-31
8388,Male,65,Bengaluru,Karnataka,2024-03-30
8389,Female,32,Chennai,Tamil Nadu,2022-09-06
8390,Female,57,Mumbai,Maharashtra,2022-05-17
8391,Male,36,Chennai,Tamil Nadu,2024-11-01
8392,Female,64,Mumbai,Maharashtra,2024-02-10
8393,Male,28,Surat,Gujarat,2022-08-01
8394,Male,58,Kolkata,West Bengal,2025-07-04
8395,Male,50,Jaipur,Rajasthan,2022-09-24
8396,Female,58,Kolkata,West Bengal,2021-10-06
8397,Male,40,Chennai,Tamil Nadu,2023-01-24
8398,Male,29,Hyderabad,Telangana,2024-12-27
8399,Female,19,Lucknow,Uttar Pradesh,2025-08-11
8400,Male,60,Surat,Gujarat,2021-08-30
8401,Female,38,Hyderabad,Telangana,2024-05-30
8402,Female,31,Indore,Madhya Pradesh,2023-02-22
8403,Other,51,Chennai,Tamil Nadu,2023-08-20
8404,Female,32,Chennai,Tamil Nadu,2024-08-02
8405,Male,38,Hyderabad,Telangana,2023-09-12
8406,Male,40,Pune,Maharashtra,2021-01-04
8407,Female,38,Mumbai,Maharashtra,2021-11-16
8408,Female,31,Bengaluru,Karnataka,2024-09-06
8409,Male,38,Hyderabad,Telangana,2023-10-29
8410,Female,29,Delhi,Delhi,2023-12-12
8411,Male,59,Hyderabad,Telangana,2023-10-21
8412,Female,63,Surat,Gujarat,2024-03-11
8413,Female,64,Delhi,Delhi,2023-02-18
8414,Other,22,Hyderabad,Telangana,2023-04-07
8415,Female,19,Mumbai,Maharashtra,2021-10-07
8416,Female,39,Mumbai,Maharashtra,2024-01-17
8417,Male,23,Jaipur,Rajasthan,2024-03-29
8418,Female,61,Chennai,Tamil Nadu,2023-09-12
8419,Female,19,Jaipur,Rajasthan,2021-01-28
8420,Female,46,Pune,Maharashtra,2025-04-01
8421,Female,53,Chennai,Tamil Nadu,2023-03-21
8422,Male,24,Bengaluru,Karnataka,2021-09-29
8423,Female,33,Bengaluru,Karnataka,2024-01-29
8424,Female,50,Mumbai,Maharashtra,2024-05-12
8425,Male,50,Mumbai,Maharashtra,2021-07-09
8426,Male,31,Bengaluru,Karnataka,2022-06-30
8427,Female,60,Mumbai,Maharashtra,2021-10-21
8428,Male,29,Surat,Gujarat,2025-12-19
8429,Male,60,Bengaluru,Karnataka,2023-04-28
8430,Male,23,Mumbai,Maharashtra,2024-09-29
8431,Female,29,Pune,Maharashtra,2023-02-10
8432,Female,48,Chennai,Tamil Nadu,2023-02-08
8433,Male,29,Mumbai,Maharashtra,2021-02-22
8434,Female,27,Lucknow,Uttar Pradesh,2025-09-24
8435,Female,57,Surat,Gujarat,2022-11-15
8436,Male,44,Bengaluru,Karnataka,2023-12-07
8437,Male,24,Hyderabad,Telangana,2023-10-08
8438,Female,63,Mumbai,Maharashtra,2024-12-16
8439,Male,53,Ahmedabad,Gujarat,2022-12-04
8440,Female,50,Delhi,Delhi,2023-06-02
8441,Male,44,Bengaluru,Karnataka,2022-04-10
8442,Male,25,Pune,Maharashtra,2022-07-07
8443,Female,22,Ahmedabad,Gujarat,2023-07-06
8444,Male,25,Delhi,Delhi,2024-12-23
8445,Female,57,Pune,Maharashtra,2023-10-05
8446,Male,38,Ahmedabad,Gujarat,2024-11-21
8447,Male,41,Chennai,Tamil Nadu,2021-07-13
8448,Male,24,Lucknow,Uttar Pradesh,2021-03-07
8449,Male,36,Mumbai,Maharashtra,2022-07-09
8450,Male,48,Jaipur,Rajasthan,2025-09-22
8451,Male,53,Ahmedabad,Gujarat,2022-08-24
8452,Female,44,Mumbai,Maharashtra,2025-02-08
8453,Female,46,Kolkata,West Bengal,2025-09-08
8454,Male,40,Hyderabad,Telangana,2023-11-16
8455,Female,37,Surat,Gujarat,2024-01-28
8456,Male,23,Pune,Maharashtra,2022-04-21
8457,Male,29,Ahmedabad,Gujarat,2022-07-27
8458,Female,29,Delhi,Delhi,2023-02-01
8459,Male,20,Surat,Gujarat,2023-06-06
8460,Female,59,Bengaluru,Karnataka,2023-04-10
8461,Male,56,Surat,Gujarat,2025-10-27
8462,Female,52,Indore,Madhya Pradesh,2021-03-23
8463,Female,36,Bengaluru,Karnataka,2024-11-22
8464,Male,62,Jaipur,Rajasthan,2025-09-14
8465,Male,21,Surat,Gujarat,2022-12-01
8466,Female,48,Bengaluru,Karnataka,2024-11-17
8467,Female,59,Delhi,Delhi,2021-02-13
8468,Male,55,Hyderabad,Telangana,2023-04-04
8469,Male,50,Bengaluru,Karnataka,2025-02-10
8470,Male,23,Mumbai,Maharashtra,2025-11-30
8471,Female,25,Bengaluru,Karnataka,2022-09-02
8472,Female,45,Bengaluru,Karnataka,2024-01-20
8473,Male,32,Hyderabad,Telangana,2024-09-14
8474,Male,48,Pune,Maharashtra,2025-08-04
8475,Female,25,Lucknow,Uttar Pradesh,2024-12-08
8476,Female,23,Kolkata,West Bengal,2025-11-23
8477,Female,46,Mumbai,Maharashtra,2022-12-21
8478,Male,63,Ahmedabad,Gujarat,2022-11-22
8479,Female,51,Ahmedabad,Gujarat,2022-11-30
8480,Female,24,Surat,Gujarat,2023-04-17
8481,Male,57,Mumbai,Maharashtra,2021-04-20
8482,Other,27,Bengaluru,Karnataka,2021-08-07
8483,Female,30,Indore,Madhya Pradesh,2022-04-08
8484,Female,39,Indore,Madhya Pradesh,2023-05-10
8485,Female,38,Kolkata,West Bengal,2022-05-30
8486,Male,18,Jaipur,Rajasthan,2025-04-26
8487,Male,58,Mumbai,Maharashtra,2022-09-29
8488,Male,59,Hyderabad,Telangana,2024-07-04
8489,Female,19,Bengaluru,Karnataka,2024-05-01
8490,Male,46,Pune,Maharashtra,2022-09-19
8491,Female,28,Jaipur,Rajasthan,2021-03-11
8492,Male,54,Mumbai,Maharashtra,2022-04-04
8493,Female,24,Hyderabad,Telangana,2024-11-06
8494,Female,52,Indore,Madhya Pradesh,2025-02-26
8495,Female,47,Pune,Maharashtra,2021-04-07
8496,Female,33,Surat,Gujarat,2025-10-18
8497,Other,32,Surat,Gujarat,2021-08-12
8498,Male,57,Chennai,Tamil Nadu,2023-04-11
8499,Male,37,Pune,Maharashtra,2024-07-28
8500,Male,45,Bengaluru,Karnataka,2024-09-18
8501,Female,54,Delhi,Delhi,2022-10-03
8502,Male,20,Bengaluru,Karnataka,2025-06-23
8503,Female,46,Bengaluru,Karnataka,2025-12-11
8504,Male,54,Surat,Gujarat,2024-11-29
8505,Female,26,Pune,Maharashtra,2022-05-11
8506,Female,44,Kolkata,West Bengal,2025-11-18
8507,Female,49,Mumbai,Maharashtra,2024-04-24
8508,Female,65,Chennai,Tamil Nadu,2025-11-15
8509,Male,63,Indore,Madhya Pradesh,2023-11-28
8510,Male,56,Bengaluru,Karnataka,2023-02-08
8511,Female,48,Pune,Maharashtra,2023-01-30
8512,Male,64,Ahmedabad,Gujarat,2025-07-27
8513,Female,43,Kolkata,West Bengal,2022-05-03
8514,Female,57,Ahmedabad,Gujarat,2022-07-10
8515,Female,20,Bengaluru,Karnataka,2023-09-19
8516,Male,28,Bengaluru,Karnataka,2025-09-25
8517,Female,46,Surat,Gujarat,2025-03-10
8518,Male,44,Indore,Madhya Pradesh,2022-05-04
8519,Male,64,Hyderabad,Telangana,2021-02-26
8520,Male,27,Lucknow,Uttar Pradesh,2022-05-27
8521,Male,52,Hyderabad,Telangana,2024-06-25
8522,Male,64,Delhi,Delhi,2021-04-14
8523,Male,40,Pune,Maharashtra,2022-07-11
8524,Female,23,Delhi,Delhi,2021-03-01
8525,Male,28,Chennai,Tamil Nadu,2025-05-21
8526,Female,60,Mumbai,Maharashtra,2023-01-05
8527,Male,44,Hyderabad,Telangana,2025-05-02
8528,Male,48,Jaipur,Rajasthan,2024-06-15
8529,Female,47,Ahmedabad,Gujarat,2022-01-06
8530,Female,20,Ahmedabad,Gujarat,2021-01-26
8531,Male,30,Indore,Madhya Pradesh,2022-01-28
8532,Male,57,Mumbai,Maharashtra,2022-08-29
8533,Male,38,Chennai,Tamil Nadu,2021-04-20
8534,Male,60,Jaipur,Rajasthan,2024-11-16
8535,Female,28,Chennai,Tamil Nadu,2023-02-12
8536,Female,62,Bengaluru,Karnataka,2021-09-11
8537,Male,20,Mumbai,Maharashtra,2025-04-25
8538,Female,55,Indore,Madhya Pradesh,2023-07-06
8539,Male,48,Hyderabad,Telangana,2023-02-05
8540,Female,41,Lucknow,Uttar Pradesh,2024-01-26
8541,Female,59,Chennai,Tamil Nadu,2022-06-22
8542,Female,29,Ahmedabad,Gujarat,2024-02-02
8543,Female,63,Jaipur,Rajasthan,2022-09-07
8544,Female,60,Ahmedabad,Gujarat,2022-08-10
8545,Male,44,Delhi,Delhi,2022-08-20
8546,Female,38,Hyderabad,Telangana,2025-02-28
8547,Male,42,Jaipur,Rajasthan,2024-05-22
8548,Male,47,Delhi,Delhi,2021-04-23
8549,Female,47,Delhi,Delhi,2024-08-28
8550,Male,27,Mumbai,Maharashtra,2022-07-23
8551,Female,20,Indore,Madhya Pradesh,2023-08-13
8552,Female,30,Mumbai,Maharashtra,2023-06-15
8553,Female,44,Ahmedabad,Gujarat,2024-01-30
8554,Female,35,Delhi,Delhi,2023-02-01
8555,Male,62,Delhi,Delhi,2025-07-29
8556,Other,41,Ahmedabad,Gujarat,2023-07-27
8557,Male,63,Mumbai,Maharashtra,2022-10-15
8558,Female,31,Chennai,Tamil Nadu,2021-03-25
8559,Female,56,Jaipur,Rajasthan,2022-12-20
8560,Female,61,Lucknow,Uttar Pradesh,2025-11-01
8561,Female,21,Pune,Maharashtra,2023-05-18
8562,Female,33,Indore,Madhya Pradesh,2023-08-07
8563,Male,27,Ahmedabad,Gujarat,2021-10-29
8564,Male,65,Indore,Madhya Pradesh,2025-05-16
8565,Male,54,Hyderabad,Telangana,2024-05-25
8566,Female,44,Chennai,Tamil Nadu,2022-07-22
8567,Female,65,Indore,Madhya Pradesh,2022-06-25
8568,Female,18,Indore,Madhya Pradesh,2025-07-05
8569,Female,22,Hyderabad,Telangana,2021-04-02
8570,Female,30,Bengaluru,Karnataka,2022-10-16
8571,Male,62,Delhi,Delhi,2025-01-15
8572,Male,20,Delhi,Delhi,2022-09-06
8573,Male,34,Bengaluru,Karnataka,2021-03-12
8574,Female,36,Bengaluru,Karnataka,2025-03-29
8575,Male,54,Lucknow,Uttar Pradesh,2024-11-25
8576,Female,22,Mumbai,Maharashtra,2022-10-31
8577,Female,64,Ahmedabad,Gujarat,2021-03-22
8578,Male,59,Pune,Maharashtra,2024-01-29
8579,Male,61,Delhi,Delhi,2022-08-18
8580,Male,41,Mumbai,Maharashtra,2021-08-06
8581,Male,60,Bengaluru,Karnataka,2023-06-03
8582,Female,50,Jaipur,Rajasthan,2023-01-19
8583,Male,38,Indore,Madhya Pradesh,2021-05-05
8584,Female,20,Bengaluru,Karnataka,2021-07-20
8585,Female,21,Hyderabad,Telangana,2023-10-23
8586,Male,49,Hyderabad,Telangana,2022-07-28
8587,Female,41,Lucknow,Uttar Pradesh,2023-11-10
8588,Female,52,Jaipur,Rajasthan,2023-09-10
8589,Female,35,Hyderabad,Telangana,2022-12-23
8590,Male,20,Ahmedabad,Gujarat,2023-08-10
8591,Male,56,Lucknow,Uttar Pradesh,2021-06-29
8592,Male,43,Mumbai,Maharashtra,2024-12-03
8593,Male,41,Delhi,Delhi,2023-12-22
8594,Female,18,Indore,Madhya Pradesh,2021-09-30
8595,Female,51,Kolkata,West Bengal,2023-03-18
8596,Female,29,Chennai,Tamil Nadu,2025-11-12
8597,Male,34,Hyderabad,Telangana,2023-02-02
8598,Male,38,Delhi,Delhi,2023-10-31
8599,Female,38,Hyderabad,Telangana,2022-11-30
8600,Male,20,Ahmedabad,Gujarat,2023-07-10
8601,Male,61,Delhi,Delhi,2022-09-14
8602,Female,45,Kolkata,West Bengal,2022-06-24
8603,Male,42,Lucknow,Uttar Pradesh,2023-09-13
8604,Female,61,Pune,Maharashtra,2022-04-05
8605,Male,23,Hyderabad,Telangana,2023-12-21
8606,Female,59,Delhi,Delhi,2023-12-18
8607,Female,47,Ahmedabad,Gujarat,2021-10-27
8608,Male,49,Bengaluru,Karnataka,2022-05-12
8609,Female,39,Ahmedabad,Gujarat,2024-09-24
8610,Female,55,Lucknow,Uttar Pradesh,2024-06-29
8611,Female,31,Delhi,Delhi,2024-12-01
8612,Male,51,Indore,Madhya Pradesh,2024-07-03
8613,Female,60,Surat,Gujarat,2024-11-05
8614,Male,64,Mumbai,Maharashtra,2024-03-14
8615,Female,43,Bengaluru,Karnataka,2022-08-14
8616,Female,57,Surat,Gujarat,2021-12-07
8617,Female,30,Surat,Gujarat,2025-12-27
8618,Female,47,Mumbai,Maharashtra,2022-02-07
8619,Male,36,Mumbai,Maharashtra,2021-10-15
8620,Male,59,Pune,Maharashtra,2023-09-16
8621,Female,58,Surat,Gujarat,2021-08-02
8622,Female,56,Pune,Maharashtra,2022-06-16
8623,Male,20,Hyderabad,Telangana,2023-05-20
8624,Male,48,Lucknow,Uttar Pradesh,2023-01-12
8625,Female,29,Mumbai,Maharashtra,2025-05-19
8626,Female,32,Chennai,Tamil Nadu,2025-04-21
8627,Male,62,Bengaluru,Karnataka,2021-07-30
8628,Male,55,Lucknow,Uttar Pradesh,2021-06-20
8629,Female,57,Bengaluru,Karnataka,2022-06-22
8630,Female,31,Ahmedabad,Gujarat,2024-07-10
8631,Female,52,Ahmedabad,Gujarat,2023-03-13
8632,Male,33,Bengaluru,Karnataka,2022-11-07
8633,Female,41,Mumbai,Maharashtra,2022-01-25
8634,Female,34,Delhi,Delhi,2022-02-25
8635,Male,35,Bengaluru,Karnataka,2021-03-03
8636,Female,59,Jaipur,Rajasthan,2021-03-27
8637,Female,34,Jaipur,Rajasthan,2023-10-10
8638,Male,33,Hyderabad,Telangana,2025-05-28
8639,Female,38,Chennai,Tamil Nadu,2022-05-06
8640,Female,41,Chennai,Tamil Nadu,2023-06-15
8641,Female,51,Lucknow,Uttar Pradesh,2021-03-01
8642,Female,53,Delhi,Delhi,2022-04-22
8643,Male,60,Bengaluru,Karnataka,2021-11-16
8644,Male,44,Bengaluru,Karnataka,2022-11-21
8645,Female,56,Chennai,Tamil Nadu,2021-02-21
8646,Female,34,Hyderabad,Telangana,2022-10-19
8647,Male,42,Hyderabad,Telangana,2023-04-08
8648,Female,55,Mumbai,Maharashtra,2024-01-06
8649,Male,59,Kolkata,West Bengal,2021-04-29
8650,Female,38,Pune,Maharashtra,2022-12-22
8651,Male,21,Pune,Maharashtra,2024-04-20
8652,Male,42,Delhi,Delhi,2022-05-21
8653,Female,47,Bengaluru,Karnataka,2025-08-01
8654,Female,50,Chennai,Tamil Nadu,2022-09-29
8655,Female,56,Delhi,Delhi,2021-06-02
8656,Female,43,Hyderabad,Telangana,2023-11-08
8657,Female,42,Chennai,Tamil Nadu,2023-12-24
8658,Female,33,Pune,Maharashtra,2022-05-12
8659,Female,41,Pune,Maharashtra,2025-11-07
8660,Female,22,Indore,Madhya Pradesh,2021-03-20
8661,Male,59,Delhi,Delhi,2021-02-28
8662,Female,56,Delhi,Delhi,2024-12-05
8663,Male,30,Mumbai,Maharashtra,2023-02-02
8664,Female,47,Hyderabad,Telangana,2023-04-06
8665,Male,24,Chennai,Tamil Nadu,2023-12-21
8666,Female,64,Chennai,Tamil Nadu,2025-01-30
8667,Female,34,Kolkata,West Bengal,2025-07-12
8668,Other,44,Pune,Maharashtra,2024-01-08
8669,Female,52,Bengaluru,Karnataka,2025-11-08
8670,Female,22,Jaipur,Rajasthan,2025-09-03
8671,Male,59,Surat,Gujarat,2025-02-20
8672,Other,22,Mumbai,Maharashtra,2021-09-01
8673,Male,41,Hyderabad,Telangana,2021-07-27
8674,Female,24,Pune,Maharashtra,2023-05-06
8675,Male,24,Mumbai,Maharashtra,2024-01-16
8676,Female,31,Bengaluru,Karnataka,2025-08-02
8677,Female,32,Pune,Maharashtra,2022-08-23
8678,Female,22,Kolkata,West Bengal,2022-10-07
8679,Female,54,Chennai,Tamil Nadu,2021-02-08
8680,Female,21,Pune,Maharashtra,2024-04-14
8681,Male,47,Mumbai,Maharashtra,2022-04-23
8682,Female,37,Jaipur,Rajasthan,2025-06-04
8683,Female,43,Pune,Maharashtra,2021-01-20
8684,Male,26,Chennai,Tamil Nadu,2021-08-09
8685,Male,47,Bengaluru,Karnataka,2021-10-02
8686,Male,61,Chennai,Tamil Nadu,2025-09-20
8687,Female,65,Bengaluru,Karnataka,2024-03-23
8688,Male,39,Mumbai,Maharashtra,2022-04-08
8689,Male,57,Bengaluru,Karnataka,2024-12-03
8690,Male,58,Pune,Maharashtra,2025-08-06
8691,Female,61,Delhi,Delhi,2021-09-08
8692,Female,47,Ahmedabad,Gujarat,2021-07-31
8693,Female,37,Bengaluru,Karnataka,2025-02-10
8694,Female,45,Mumbai,Maharashtra,2025-08-12
8695,Male,24,Hyderabad,Telangana,2022-11-18
8696,Male,21,Chennai,Tamil Nadu,2022-02-23
8697,Female,45,Surat,Gujarat,2024-04-10
8698,Male,52,Chennai,Tamil Nadu,2022-05-22
8699,Male,50,Hyderabad,Telangana,2022-10-08
8700,Female,24,Chennai,Tamil Nadu,2025-07-10
8701,Male,26,Indore,Madhya Pradesh,2023-05-19
8702,Female,51,Lucknow,Uttar Pradesh,2024-05-11
8703,Male,56,Bengaluru,Karnataka,2022-05-07
8704,Female,59,Bengaluru,Karnataka,2021-10-22
8705,Male,51,Bengaluru,Karnataka,2022-04-02
8706,Male,30,Hyderabad,Telangana,2024-03-15
8707,Male,46,Kolkata,West Bengal,2024-06-15
8708,Female,52,Hyderabad,Telangana,2023-01-10
8709,Female,62,Mumbai,Maharashtra,2025-11-26
8710,Male,27,Kolkata,West Bengal,2022-02-28
8711,Female,47,Jaipur,Rajasthan,2023-10-05
8712,Female,61,Bengaluru,Karnataka,2021-10-19
8713,Female,43,Ahmedabad,Gujarat,2021-06-05
8714,Female,52,Delhi,Delhi,2021-12-16
8715,Male,45,Indore,Madhya Pradesh,2025-01-05
8716,Female,46,Lucknow,Uttar Pradesh,2021-08-31
8717,Female,23,Hyderabad,Telangana,2024-05-15
8718,Male,20,Kolkata,West Bengal,2024-12-22
8719,Male,46,Indore,Madhya Pradesh,2025-11-25
8720,Female,19,Hyderabad,Telangana,2023-08-30
8721,Female,39,Bengaluru,Karnataka,2021-09-15
8722,Female,63,Kolkata,West Bengal,2022-08-08
8723,Other,64,Bengaluru,Karnataka,2021-02-04
8724,Female,44,Delhi,Delhi,2024-02-27
8725,Male,39,Lucknow,Uttar Pradesh,2022-03-06
8726,Male,27,Kolkata,West Bengal,2025-09-20
8727,Male,36,Delhi,Delhi,2024-09-04
8728,Male,41,Pune,Maharashtra,2021-04-05
8729,Male,44,Delhi,Delhi,2021-08-08
8730,Female,53,Bengaluru,Karnataka,2021-10-28
8731,Female,60,Pune,Maharashtra,2025-07-19
8732,Female,34,Kolkata,West Bengal,2024-04-23
8733,Female,27,Bengaluru,Karnataka,2023-11-27
8734,Female,34,Hyderabad,Telangana,2023-02-14
8735,Female,61,Delhi,Delhi,2025-07-04
8736,Female,27,Surat,Gujarat,2022-02-04
8737,Male,27,Delhi,Delhi,2022-11-21
8738,Male,55,Mumbai,Maharashtra,2024-03-11
8739,Female,34,Mumbai,Maharashtra,2023-09-20
8740,Male,43,Chennai,Tamil Nadu,2021-05-14
8741,Female,43,Chennai,Tamil Nadu,2025-01-08
8742,Male,51,Delhi,Delhi,2022-10-23
8743,Female,21,Delhi,Delhi,2024-08-04
8744,Other,44,Mumbai,Maharashtra,2021-09-15
8745,Male,38,Hyderabad,Telangana,2023-11-29
8746,Female,53,Hyderabad,Telangana,2021-11-01
8747,Male,55,Pune,Maharashtra,2024-07-30
8748,Male,63,Mumbai,Maharashtra,2022-06-10
8749,Male,48,Mumbai,Maharashtra,2022-02-11
8750,Female,24,Mumbai,Maharashtra,2024-10-14
8751,Male,61,Chennai,Tamil Nadu,2023-06-05
8752,Female,51,Pune,Maharashtra,2022-01-13
8753,Male,35,Bengaluru,Karnataka,2022-04-14
8754,Male,41,Pune,Maharashtra,2023-05-23
8755,Female,30,Surat,Gujarat,2023-09-17
8756,Male,30,Lucknow,Uttar Pradesh,2024-07-28
8757,Male,42,Bengaluru,Karnataka,2025-05-08
8758,Male,22,Bengaluru,Karnataka,2021-01-11
8759,Female,56,Pune,Maharashtra,2022-11-06
8760,Female,46,Hyderabad,Telangana,2022-11-26
8761,Male,61,Mumbai,Maharashtra,2024-04-24
8762,Male,63,Ahmedabad,Gujarat,2025-04-22
8763,Male,50,Hyderabad,Telangana,2023-08-31
8764,Male,41,Indore,Madhya Pradesh,2021-01-09
8765,Female,27,Pune,Maharashtra,2021-01-28
8766,Female,42,Jaipur,Rajasthan,2023-04-03
8767,Female,58,Jaipur,Rajasthan,2022-11-17
8768,Male,27,Mumbai,Maharashtra,2025-01-27
8769,Female,56,Delhi,Delhi,2025-07-21
8770,Female,33,Pune,Maharashtra,2022-05-26
8771,Female,45,Bengaluru,Karnataka,2022-05-17
8772,Female,29,Bengaluru,Karnataka,2022-08-05
8773,Female,61,Chennai,Tamil Nadu,2025-12-24
8774,Female,49,Delhi,Delhi,2023-02-17
8775,Male,46,Surat,Gujarat,2025-08-14
8776,Female,62,Mumbai,Maharashtra,2022-10-23
8777,Male,44,Surat,Gujarat,2024-05-26
8778,Female,43,Bengaluru,Karnataka,2024-12-23
8779,Female,20,Jaipur,Rajasthan,2025-07-20
8780,Female,43,Bengaluru,Karnataka,2021-01-03
8781,Male,56,Pune,Maharashtra,2024-04-25
8782,Male,18,Lucknow,Uttar Pradesh,2021-02-12
8783,Male,52,Bengaluru,Karnataka,2025-06-23
8784,Female,44,Ahmedabad,Gujarat,2023-02-14
8785,Female,63,Chennai,Tamil Nadu,2024-12-05
8786,Female,21,Hyderabad,Telangana,2024-04-28
8787,Male,36,Hyderabad,Telangana,2021-02-11
8788,Female,39,Kolkata,West Bengal,2024-01-26
8789,Other,23,Mumbai,Maharashtra,2025-12-01
8790,Male,26,Ahmedabad,Gujarat,2022-12-31
8791,Female,28,Indore,Madhya Pradesh,2022-10-10
8792,Female,39,Mumbai,Maharashtra,2022-10-19
8793,Female,64,Pune,Maharashtra,2025-03-21
8794,Female,26,Kolkata,West Bengal,2023-05-31
8795,Male,46,Delhi,Delhi,2024-03-05
8796,Female,60,Delhi,Delhi,2022-05-25
8797,Female,27,Mumbai,Maharashtra,2025-03-23
8798,Female,51,Hyderabad,Telangana,2021-02-06
8799,Female,48,Mumbai,Maharashtra,2023-04-03
8800,Female,39,Hyderabad,Telangana,2022-08-02
8801,Female,63,Jaipur,Rajasthan,2023-04-17
8802,Female,21,Bengaluru,Karnataka,2022-06-01
8803,Male,19,Hyderabad,Telangana,2023-02-24
8804,Male,22,Surat,Gujarat,2023-10-18
8805,Male,63,Ahmedabad,Gujarat,2023-05-29
8806,Female,32,Lucknow,Uttar Pradesh,2023-12-18
8807,Other,36,Delhi,Delhi,2023-08-17
8808,Male,55,Jaipur,Rajasthan,2021-06-04
8809,Male,32,Mumbai,Maharashtra,2021-04-23
8810,Female,63,Mumbai,Maharashtra,2025-01-23
8811,Female,25,Pune,Maharashtra,2025-06-16
8812,Female,37,Delhi,Delhi,2023-04-16
8813,Male,29,Lucknow,Uttar Pradesh,2025-11-15
8814,Male,21,Delhi,Delhi,2025-12-25
8815,Female,55,Ahmedabad,Gujarat,2022-08-24
8816,Male,60,Kolkata,West Bengal,2022-03-18
8817,Male,56,Chennai,Tamil Nadu,2025-09-10
8818,Male,53,Delhi,Delhi,2021-08-16
8819,Male,32,Chennai,Tamil Nadu,2023-05-24
8820,Male,18,Delhi,Delhi,2025-05-22
8821,Female,48,Mumbai,Maharashtra,2024-02-20
8822,Male,26,Surat,Gujarat,2022-11-02
8823,Male,40,Mumbai,Maharashtra,2024-10-12
8824,Female,43,Mumbai,Maharashtra,2024-07-15
8825,Female,57,Lucknow,Uttar Pradesh,2022-11-26
8826,Female,61,Bengaluru,Karnataka,2025-02-17
8827,Female,56,Ahmedabad,Gujarat,2023-05-19
8828,Female,35,Bengaluru,Karnataka,2023-10-25
8829,Female,50,Delhi,Delhi,2025-02-10
8830,Female,58,Bengaluru,Karnataka,2021-05-01
8831,Female,56,Delhi,Delhi,2023-01-12
8832,Female,31,Delhi,Delhi,2025-02-18
8833,Male,18,Kolkata,West Bengal,2024-05-27
8834,Female,30,Hyderabad,Telangana,2022-11-25
8835,Female,32,Surat,Gujarat,2024-07-25
8836,Female,54,Mumbai,Maharashtra,2021-09-14
8837,Male,22,Hyderabad,Telangana,2024-08-20
8838,Male,31,Chennai,Tamil Nadu,2021-02-12
8839,Female,31,Indore,Madhya Pradesh,2023-05-20
8840,Male,63,Mumbai,Maharashtra,2023-07-05
8841,Female,22,Chennai,Tamil Nadu,2025-04-03
8842,Female,28,Lucknow,Uttar Pradesh,2025-09-30
8843,Female,49,Bengaluru,Karnataka,2025-09-09
8844,Female,22,Lucknow,Uttar Pradesh,2022-08-11
8845,Female,53,Mumbai,Maharashtra,2023-07-02
8846,Female,32,Kolkata,West Bengal,2025-09-13
8847,Female,24,Indore,Madhya Pradesh,2024-03-19
8848,Female,22,Ahmedabad,Gujarat,2022-08-17
8849,Other,47,Delhi,Delhi,2023-10-31
8850,Female,32,Mumbai,Maharashtra,2023-03-03
8851,Female,47,Indore,Madhya Pradesh,2021-07-31
8852,Male,31,Hyderabad,Telangana,2025-08-03
8853,Male,41,Mumbai,Maharashtra,2024-07-07
8854,Male,41,Ahmedabad,Gujarat,2024-11-06
8855,Male,52,Hyderabad,Telangana,2024-11-13
8856,Female,22,Mumbai,Maharashtra,2023-07-11
8857,Male,29,Pune,Maharashtra,2025-10-30
8858,Female,37,Mumbai,Maharashtra,2021-12-02
8859,Male,63,Chennai,Tamil Nadu,2023-10-26
8860,Male,22,Ahmedabad,Gujarat,2023-07-11
8861,Male,53,Hyderabad,Telangana,2021-03-24
8862,Female,38,Jaipur,Rajasthan,2023-10-27
8863,Male,65,Lucknow,Uttar Pradesh,2021-06-01
8864,Male,56,Ahmedabad,Gujarat,2025-10-25
8865,Female,20,Mumbai,Maharashtra,2024-04-19
8866,Male,46,Kolkata,West Bengal,2025-12-04
8867,Male,42,Delhi,Delhi,2025-12-07
8868,Female,44,Chennai,Tamil Nadu,2024-04-05
8869,Male,53,Ahmedabad,Gujarat,2025-02-02
8870,Male,39,Delhi,Delhi,2021-03-19
8871,Male,55,Indore,Madhya Pradesh,2022-02-16
8872,Male,52,Mumbai,Maharashtra,2025-04-27
8873,Female,18,Ahmedabad,Gujarat,2025-05-17
8874,Male,20,Mumbai,Maharashtra,2022-01-16
8875,Female,41,Indore,Madhya Pradesh,2023-08-06
8876,Female,25,Mumbai,Maharashtra,2023-03-01
8877,Male,65,Mumbai,Maharashtra,2021-11-09
8878,Other,56,Bengaluru,Karnataka,2023-05-14
8879,Male,35,Delhi,Delhi,2022-01-30
8880,Male,58,Pune,Maharashtra,2022-06-27
8881,Male,20,Chennai,Tamil Nadu,2021-01-04
8882,Male,35,Hyderabad,Telangana,2021-04-19
8883,Female,33,Mumbai,Maharashtra,2023-07-07
8884,Male,49,Bengaluru,Karnataka,2023-06-05
8885,Female,18,Jaipur,Rajasthan,2021-04-03
8886,Female,43,Ahmedabad,Gujarat,2024-01-28
8887,Male,65,Kolkata,West Bengal,2021-07-11
8888,Female,29,Kolkata,West Bengal,2021-11-29
8889,Female,55,Bengaluru,Karnataka,2024-05-20
8890,Male,38,Mumbai,Maharashtra,2025-06-07
8891,Male,58,Bengaluru,Karnataka,2024-05-15
8892,Male,30,Lucknow,Uttar Pradesh,2022-09-19
8893,Female,29,Surat,Gujarat,2023-09-13
8894,Female,30,Hyderabad,Telangana,2025-11-23
8895,Male,35,Mumbai,Maharashtra,2022-07-27
8896,Female,36,Pune,Maharashtra,2021-12-22
8897,Female,36,Bengaluru,Karnataka,2024-06-30
8898,Female,23,Chennai,Tamil Nadu,2022-08-14
8899,Male,65,Mumbai,Maharashtra,2021-07-15
8900,Male,24,Surat,Gujarat,2021-09-19
8901,Male,24,Delhi,Delhi,2021-11-18
8902,Female,45,Indore,Madhya Pradesh,2022-02-24
8903,Female,45,Jaipur,Rajasthan,2025-03-02
8904,Male,36,Kolkata,West Bengal,2021-11-28
8905,Male,33,Chennai,Tamil Nadu,2024-08-12
8906,Male,34,Ahmedabad,Gujarat,2024-06-13
8907,Female,39,Ahmedabad,Gujarat,2022-11-12
8908,Female,36,Ahmedabad,Gujarat,2021-01-07
8909,Female,65,Chennai,Tamil Nadu,2022-06-18
8910,Male,46,Surat,Gujarat,2021-03-13
8911,Male,65,Kolkata,West Bengal,2025-03-04
8912,Female,36,Jaipur,Rajasthan,2022-09-10
8913,Other,64,Lucknow,Uttar Pradesh,2021-05-19
8914,Female,52,Pune,Maharashtra,2024-11-10
8915,Female,64,Mumbai,Maharashtra,2022-06-26
8916,Female,42,Hyderabad,Telangana,2021-11-20
8917,Male,65,Hyderabad,Telangana,2023-08-07
8918,Female,37,Lucknow,Uttar Pradesh,2022-08-24
8919,Female,54,Hyderabad,Telangana,2025-08-16
8920,Other,36,Chennai,Tamil Nadu,2021-03-14
8921,Male,59,Hyderabad,Telangana,2023-04-20
8922,Male,30,Mumbai,Maharashtra,2024-11-13
8923,Female,64,Ahmedabad,Gujarat,2024-06-15
8924,Male,29,Lucknow,Uttar Pradesh,2023-09-15
8925,Male,32,Pune,Maharashtra,2024-09-07
8926,Male,21,Chennai,Tamil Nadu,2024-09-26
8927,Female,32,Chennai,Tamil Nadu,2025-11-22
8928,Female,34,Pune,Maharashtra,2024-08-21
8929,Male,44,Mumbai,Maharashtra,2023-10-29
8930,Female,28,Surat,Gujarat,2024-05-15
8931,Male,40,Delhi,Delhi,2022-02-15
8932,Female,32,Bengaluru,Karnataka,2021-09-15
8933,Female,48,Pune,Maharashtra,2025-12-25
8934,Female,43,Ahmedabad,Gujarat,2022-10-13
8935,Male,24,Chennai,Tamil Nadu,2023-12-06
8936,Female,30,Ahmedabad,Gujarat,2021-05-06
8937,Female,30,Mumbai,Maharashtra,2023-11-11
8938,Female,37,Indore,Madhya Pradesh,2024-04-08
8939,Male,51,Delhi,Delhi,2022-06-28
8940,Male,27,Bengaluru,Karnataka,2024-12-10
8941,Female,54,Hyderabad,Telangana,2022-03-31
8942,Male,44,Delhi,Delhi,2022-10-24
8943,Male,51,Lucknow,Uttar Pradesh,2024-05-14
8944,Female,53,Indore,Madhya Pradesh,2024-09-18
8945,Male,33,Bengaluru,Karnataka,2023-11-11
8946,Other,38,Lucknow,Uttar Pradesh,2023-07-07
8947,Male,33,Jaipur,Rajasthan,2025-12-31
8948,Female,34,Indore,Madhya Pradesh,2025-08-01
8949,Female,32,Bengaluru,Karnataka,2023-12-25
8950,Female,30,Chennai,Tamil Nadu,2025-05-20
8951,Female,50,Bengaluru,Karnataka,2021-03-29
8952,Male,22,Lucknow,Uttar Pradesh,2025-02-11
8953,Female,44,Mumbai,Maharashtra,2023-12-03
8954,Female,18,Chennai,Tamil Nadu,2024-03-10
8955,Male,61,Bengaluru,Karnataka,2024-10-29
8956,Female,47,Bengaluru,Karnataka,2022-05-31
8957,Male,40,Ahmedabad,Gujarat,2022-05-15
8958,Female,32,Lucknow,Uttar Pradesh,2024-07-26
8959,Male,53,Chennai,Tamil Nadu,2021-11-22
8960,Female,36,Lucknow,Uttar Pradesh,2024-12-12
8961,Female,47,Bengaluru,Karnataka,2022-07-07
8962,Male,33,Hyderabad,Telangana,2023-06-07
8963,Female,35,Hyderabad,Telangana,2023-09-23
8964,Male,43,Mumbai,Maharashtra,2025-06-14
8965,Male,34,Chennai,Tamil Nadu,2023-09-20
8966,Male,28,Ahmedabad,Gujarat,2025-11-27
8967,Male,62,Chennai,Tamil Nadu,2023-07-18
8968,Male,46,Kolkata,West Bengal,2023-07-10
8969,Female,26,Chennai,Tamil Nadu,2021-11-04
8970,Male,34,Mumbai,Maharashtra,2022-10-19
8971,Female,44,Mumbai,Maharashtra,2024-08-23
8972,Male,54,Chennai,Tamil Nadu,2022-04-15
8973,Female,39,Bengaluru,Karnataka,2024-04-22
8974,Female,25,Mumbai,Maharashtra,2025-07-13
8975,Male,20,Delhi,Delhi,2022-09-17
8976,Female,55,Chennai,Tamil Nadu,2021-10-18
8977,Female,52,Bengaluru,Karnataka,2021-09-06
8978,Female,49,Kolkata,West Bengal,2021-11-20
8979,Male,25,Ahmedabad,Gujarat,2025-01-06
8980,Male,61,Bengaluru,Karnataka,2022-08-27
8981,Female,44,Kolkata,West Bengal,2021-02-28
8982,Female,49,Ahmedabad,Gujarat,2023-10-18
8983,Male,53,Ahmedabad,Gujarat,2021-09-26
8984,Male,51,Chennai,Tamil Nadu,2024-09-03
8985,Female,42,Mumbai,Maharashtra,2021-04-04
8986,Female,48,Kolkata,West Bengal,2024-07-01
8987,Female,59,Delhi,Delhi,2022-11-18
8988,Male,64,Surat,Gujarat,2025-01-23
8989,Male,30,Jaipur,Rajasthan,2022-05-30
8990,Male,32,Chennai,Tamil Nadu,2022-06-17
8991,Male,30,Bengaluru,Karnataka,2024-02-02
8992,Male,50,Pune,Maharashtra,2022-02-06
8993,Female,48,Delhi,Delhi,2025-12-10
8994,Female,42,Hyderabad,Telangana,2023-08-25
8995,Female,65,Bengaluru,Karnataka,2024-09-18
8996,Male,57,Hyderabad,Telangana,2022-12-22
8997,Male,40,Pune,Maharashtra,2023-05-27
8998,Male,55,Surat,Gujarat,2022-08-31
8999,Male,20,Mumbai,Maharashtra,2021-04-03
9000,Female,33,Indore,Madhya Pradesh,2025-04-30
9001,Male,19,Indore,Madhya Pradesh,2022-07-28
9002,Male,40,Hyderabad,Telangana,2025-04-15
9003,Male,51,Kolkata,West Bengal,2023-08-29
9004,Male,47,Delhi,Delhi,2025-12-11
9005,Female,64,Ahmedabad,Gujarat,2022-03-13
9006,Male,27,Delhi,Delhi,2023-10-31
9007,Female,18,Bengaluru,Karnataka,2022-04-01
9008,Female,39,Chennai,Tamil Nadu,2022-02-19
9009,Male,64,Hyderabad,Telangana,2025-03-22
9010,Male,50,Chennai,Tamil Nadu,2024-10-30
9011,Female,42,Bengaluru,Karnataka,2025-04-04
9012,Female,39,Delhi,Delhi,2025-03-28
9013,Male,33,Mumbai,Maharashtra,2024-10-28
9014,Male,47,Mumbai,Maharashtra,2022-12-05
9015,Male,35,Bengaluru,Karnataka,2025-06-27
9016,Male,41,Mumbai,Maharashtra,2023-06-01
9017,Male,22,Mumbai,Maharashtra,2023-02-01
9018,Male,54,Jaipur,Rajasthan,2025-11-15
9019,Male,40,Mumbai,Maharashtra,2025-01-02
9020,Male,59,Ahmedabad,Gujarat,2024-05-03
9021,Male,44,Bengaluru,Karnataka,2021-09-22
9022,Female,29,Lucknow,Uttar Pradesh,2022-05-22
9023,Female,27,Hyderabad,Telangana,2022-10-08
9024,Female,51,Bengaluru,Karnataka,2023-06-16
9025,Male,50,Hyderabad,Telangana,2024-12-20
9026,Female,33,Delhi,Delhi,2023-05-11
9027,Male,46,Chennai,Tamil Nadu,2022-11-20
9028,Female,35,Mumbai,Maharashtra,2023-05-17
9029,Male,44,Surat,Gujarat,2024-01-28
9030,Male,24,Delhi,Delhi,2023-11-20
9031,Female,53,Delhi,Delhi,2024-08-07
9032,Female,44,Kolkata,West Bengal,2025-05-18
9033,Female,27,Delhi,Delhi,2022-05-02
9034,Male,27,Lucknow,Uttar Pradesh,2024-11-30
9035,Male,28,Hyderabad,Telangana,2021-01-28
9036,Male,47,Kolkata,West Bengal,2024-03-15
9037,Female,20,Mumbai,Maharashtra,2021-10-15
9038,Female,46,Lucknow,Uttar Pradesh,2022-08-04
9039,Female,31,Kolkata,West Bengal,2023-08-08
9040,Male,30,Pune,Maharashtra,2021-09-09
9041,Female,36,Pune,Maharashtra,2024-03-31
9042,Male,42,Bengaluru,Karnataka,2023-07-16
9043,Male,27,Surat,Gujarat,2021-04-20
9044,Female,32,Bengaluru,Karnataka,2022-10-06
9045,Female,45,Hyderabad,Telangana,2022-02-02
9046,Male,57,Mumbai,Maharashtra,2024-07-18
9047,Male,55,Delhi,Delhi,2024-04-26
9048,Male,24,Chennai,Tamil Nadu,2025-04-05
9049,Male,31,Surat,Gujarat,2021-10-03
9050,Male,47,Hyderabad,Telangana,2022-11-20
9051,Male,57,Jaipur,Rajasthan,2025-06-23
9052,Male,29,Chennai,Tamil Nadu,2021-09-04
9053,Female,45,Mumbai,Maharashtra,2024-09-09
9054,Female,31,Bengaluru,Karnataka,2023-11-08
9055,Male,18,Chennai,Tamil Nadu,2022-02-12
9056,Other,21,Surat,Gujarat,2024-12-05
9057,Female,35,Lucknow,Uttar Pradesh,2025-12-30
9058,Male,53,Bengaluru,Karnataka,2021-05-05
9059,Male,49,Bengaluru,Karnataka,2024-09-05
9060,Female,45,Pune,Maharashtra,2021-06-02
9061,Female,45,Indore,Madhya Pradesh,2025-05-24
9062,Female,55,Lucknow,Uttar Pradesh,2022-10-20
9063,Female,49,Jaipur,Rajasthan,2025-04-30
9064,Male,25,Delhi,Delhi,2021-01-20
9065,Male,42,Hyderabad,Telangana,2021-09-04
9066,Male,64,Hyderabad,Telangana,2024-11-14
9067,Male,37,Bengaluru,Karnataka,2024-10-02
9068,Male,50,Hyderabad,Telangana,2025-02-08
9069,Male,47,Mumbai,Maharashtra,2024-05-11
9070,Male,54,Mumbai,Maharashtra,2023-10-30
9071,Male,33,Indore,Madhya Pradesh,2025-09-12
9072,Male,42,Kolkata,West Bengal,2025-08-19
9073,Male,55,Delhi,Delhi,2022-06-15
9074,Male,59,Hyderabad,Telangana,2021-04-13
9075,Male,27,Delhi,Delhi,2024-06-23
9076,Female,22,Kolkata,West Bengal,2022-08-20
9077,Female,25,Jaipur,Rajasthan,2024-09-04
9078,Male,50,Jaipur,Rajasthan,2021-12-17
9079,Male,54,Kolkata,West Bengal,2021-08-22
9080,Female,18,Pune,Maharashtra,2025-07-29
9081,Female,48,Bengaluru,Karnataka,2021-02-06
9082,Female,24,Hyderabad,Telangana,2024-09-30
9083,Male,64,Bengaluru,Karnataka,2025-06-16
9084,Female,40,Kolkata,West Bengal,2021-10-19
9085,Female,41,Bengaluru,Karnataka,2021-01-17
9086,Female,31,Mumbai,Maharashtra,2021-03-31
9087,Male,40,Delhi,Delhi,2024-10-03
9088,Female,26,Surat,Gujarat,2022-11-08
9089,Female,25,Bengaluru,Karnataka,2023-09-04
9090,Female,25,Ahmedabad,Gujarat,2025-01-07
9091,Male,20,Delhi,Delhi,2021-09-10
9092,Female,49,Mumbai,Maharashtra,2023-03-28
9093,Male,21,Hyderabad,Telangana,2025-06-05
9094,Male,55,Kolkata,West Bengal,2021-07-03
9095,Female,19,Hyderabad,Telangana,2021-10-17
9096,Male,26,Lucknow,Uttar Pradesh,2023-01-31
9097,Female,63,Bengaluru,Karnataka,2024-05-23
9098,Female,18,Mumbai,Maharashtra,2021-06-07
9099,Male,28,Indore,Madhya Pradesh,2023-07-12
9100,Female,46,Delhi,Delhi,2022-11-22
9101,Female,43,Chennai,Tamil Nadu,2022-01-28
9102,Male,44,Jaipur,Rajasthan,2023-11-10
9103,Female,55,Bengaluru,Karnataka,2025-02-03
9104,Male,46,Kolkata,West Bengal,2022-03-07
9105,Male,50,Mumbai,Maharashtra,2025-08-10
9106,Male,45,Bengaluru,Karnataka,2023-09-24
9107,Male,48,Pune,Maharashtra,2023-10-02
9108,Male,36,Jaipur,Rajasthan,2023-12-28
9109,Other,65,Bengaluru,Karnataka,2024-01-06
9110,Female,43,Kolkata,West Bengal,2021-04-12
9111,Female,46,Surat,Gujarat,2022-10-14
9112,Male,28,Hyderabad,Telangana,2023-06-12
9113,Female,58,Chennai,Tamil Nadu,2022-08-08
9114,Male,49,Hyderabad,Telangana,2021-07-26
9115,Male,38,Bengaluru,Karnataka,2021-08-01
9116,Male,55,Hyderabad,Telangana,2021-03-20
9117,Male,51,Chennai,Tamil Nadu,2024-02-11
9118,Male,57,Surat,Gujarat,2025-11-24
9119,Female,39,Indore,Madhya Pradesh,2021-05-13
9120,Female,65,Lucknow,Uttar Pradesh,2024-05-05
9121,Male,44,Indore,Madhya Pradesh,2023-11-15
9122,Male,25,Hyderabad,Telangana,2022-04-17
9123,Male,57,Ahmedabad,Gujarat,2025-06-25
9124,Female,63,Indore,Madhya Pradesh,2025-11-16
9125,Female,48,Delhi,Delhi,2025-04-16
9126,Female,18,Surat,Gujarat,2021-10-17
9127,Female,56,Delhi,Delhi,2024-07-03
9128,Male,51,Chennai,Tamil Nadu,2024-05-14
9129,Other,64,Kolkata,West Bengal,2025-02-07
9130,Male,41,Surat,Gujarat,2023-10-04
9131,Male,45,Bengaluru,Karnataka,2023-12-28
9132,Female,21,Kolkata,West Bengal,2024-05-23
9133,Male,35,Hyderabad,Telangana,2022-09-26
9134,Female,46,Bengaluru,Karnataka,2022-02-26
9135,Male,40,Jaipur,Rajasthan,2022-07-12
9136,Female,54,Chennai,Tamil Nadu,2022-08-04
9137,Male,44,Ahmedabad,Gujarat,2022-06-23
9138,Male,33,Bengaluru,Karnataka,2025-09-03
9139,Female,62,Hyderabad,Telangana,2025-11-16
9140,Female,44,Ahmedabad,Gujarat,2022-04-07
9141,Female,26,Delhi,Delhi,2025-01-18
9142,Female,22,Pune,Maharashtra,2023-10-03
9143,Female,25,Surat,Gujarat,2021-10-28
9144,Female,35,Hyderabad,Telangana,2025-12-15
9145,Male,52,Kolkata,West Bengal,2024-08-04
9146,Male,23,Delhi,Delhi,2025-11-20
9147,Male,60,Delhi,Delhi,2023-10-23
9148,Female,40,Delhi,Delhi,2023-11-10
9149,Male,63,Delhi,Delhi,2025-02-09
9150,Female,43,Chennai,Tamil Nadu,2023-08-12
9151,Female,56,Chennai,Tamil Nadu,2025-02-23
9152,Female,41,Hyderabad,Telangana,2023-09-13
9153,Male,27,Mumbai,Maharashtra,2023-03-17
9154,Male,32,Hyderabad,Telangana,2021-09-14
9155,Female,55,Pune,Maharashtra,2022-03-29
9156,Male,37,Mumbai,Maharashtra,2022-03-14
9157,Male,46,Indore,Madhya Pradesh,2025-11-20
9158,Male,23,Chennai,Tamil Nadu,2022-02-02
9159,Male,65,Ahmedabad,Gujarat,2024-03-22
9160,Male,26,Delhi,Delhi,2022-10-11
9161,Female,22,Indore,Madhya Pradesh,2021-08-10
9162,Male,65,Ahmedabad,Gujarat,2025-10-13
9163,Female,56,Jaipur,Rajasthan,2025-09-21
9164,Male,36,Delhi,Delhi,2024-12-30
9165,Female,22,Surat,Gujarat,2025-11-03
9166,Female,37,Lucknow,Uttar Pradesh,2021-05-16
9167,Male,28,Lucknow,Uttar Pradesh,2025-04-01
9168,Male,44,Pune,Maharashtra,2022-09-18
9169,Male,46,Bengaluru,Karnataka,2023-02-15
9170,Female,24,Bengaluru,Karnataka,2024-07-26
9171,Female,20,Bengaluru,Karnataka,2022-08-08
9172,Female,22,Lucknow,Uttar Pradesh,2025-10-26
9173,Male,30,Mumbai,Maharashtra,2022-04-30
9174,Male,33,Mumbai,Maharashtra,2025-04-19
9175,Male,29,Bengaluru,Karnataka,2024-06-22
9176,Male,56,Pune,Maharashtra,2025-11-09
9177,Female,44,Bengaluru,Karnataka,2023-11-08
9178,Male,62,Jaipur,Rajasthan,2023-05-27
9179,Female,50,Chennai,Tamil Nadu,2025-04-29
9180,Female,32,Mumbai,Maharashtra,2024-03-12
9181,Female,38,Delhi,Delhi,2022-05-16
9182,Male,61,Delhi,Delhi,2025-03-31
9183,Female,34,Mumbai,Maharashtra,2021-04-03
9184,Other,54,Ahmedabad,Gujarat,2024-11-07
9185,Female,32,Kolkata,West Bengal,2021-10-06
9186,Female,37,Kolkata,West Bengal,2025-10-17
9187,Female,36,Kolkata,West Bengal,2025-01-12
9188,Female,18,Mumbai,Maharashtra,2025-11-20
9189,Male,21,Surat,Gujarat,2023-09-09
9190,Female,20,Jaipur,Rajasthan,2025-05-26
9191,Female,25,Indore,Madhya Pradesh,2022-09-13
9192,Other,58,Mumbai,Maharashtra,2024-08-04
9193,Female,61,Indore,Madhya Pradesh,2022-04-21
9194,Male,22,Jaipur,Rajasthan,2023-06-01
9195,Female,26,Lucknow,Uttar Pradesh,2022-11-03
9196,Female,18,Mumbai,Maharashtra,2023-03-12
9197,Male,60,Kolkata,West Bengal,2021-06-20
9198,Male,47,Surat,Gujarat,2025-03-29
9199,Female,24,Ahmedabad,Gujarat,2022-01-07
9200,Male,39,Chennai,Tamil Nadu,2023-01-02
9201,Male,37,Surat,Gujarat,2024-11-17
9202,Male,46,Hyderabad,Telangana,2021-07-04
9203,Female,44,Chennai,Tamil Nadu,2025-03-14
9204,Male,42,Hyderabad,Telangana,2024-12-26
9205,Male,63,Indore,Madhya Pradesh,2023-07-28
9206,Female,52,Mumbai,Maharashtra,2023-04-15
9207,Female,44,Hyderabad,Telangana,2021-07-28
9208,Other,28,Ahmedabad,Gujarat,2023-09-21
9209,Male,34,Jaipur,Rajasthan,2023-03-11
9210,Female,48,Chennai,Tamil Nadu,2024-09-14
9211,Male,35,Indore,Madhya Pradesh,2024-10-16
9212,Female,36,Surat,Gujarat,2025-01-07
9213,Female,55,Mumbai,Maharashtra,2025-01-04
9214,Male,46,Delhi,Delhi,2022-01-04
9215,Female,32,Mumbai,Maharashtra,2024-02-04
9216,Male,24,Bengaluru,Karnataka,2022-12-25
9217,Female,54,Chennai,Tamil Nadu,2024-09-10
9218,Male,54,Indore,Madhya Pradesh,2024-06-09
9219,Female,24,Lucknow,Uttar Pradesh,2023-10-02
9220,Male,39,Mumbai,Maharashtra,2025-10-15
9221,Male,29,Mumbai,Maharashtra,2023-04-17
9222,Other,25,Chennai,Tamil Nadu,2025-09-28
9223,Female,35,Chennai,Tamil Nadu,2024-06-26
9224,Female,45,Bengaluru,Karnataka,2024-09-02
9225,Male,35,Indore,Madhya Pradesh,2021-09-21
9226,Male,48,Indore,Madhya Pradesh,2025-10-19
9227,Female,34,Delhi,Delhi,2025-03-07
9228,Female,40,Indore,Madhya Pradesh,2024-07-10
9229,Male,28,Delhi,Delhi,2022-11-13
9230,Female,32,Kolkata,West Bengal,2024-12-10
9231,Male,47,Hyderabad,Telangana,2023-07-02
9232,Male,48,Mumbai,Maharashtra,2025-08-19
9233,Male,23,Indore,Madhya Pradesh,2021-03-11
9234,Female,29,Hyderabad,Telangana,2024-06-11
9235,Female,40,Kolkata,West Bengal,2022-03-08
9236,Male,56,Delhi,Delhi,2023-12-14
9237,Female,57,Mumbai,Maharashtra,2021-06-19
9238,Male,53,Mumbai,Maharashtra,2021-02-05
9239,Female,52,Hyderabad,Telangana,2021-09-16
9240,Female,20,Ahmedabad,Gujarat,2021-09-08
9241,Female,59,Bengaluru,Karnataka,2021-01-13
9242,Male,45,Kolkata,West Bengal,2022-11-02
9243,Female,32,Kolkata,West Bengal,2022-06-25
9244,Female,30,Kolkata,West Bengal,2021-02-26
9245,Other,36,Hyderabad,Telangana,2023-10-01
9246,Other,57,Indore,Madhya Pradesh,2024-03-30
9247,Female,35,Hyderabad,Telangana,2022-03-13
9248,Male,48,Hyderabad,Telangana,2023-02-17
9249,Female,54,Pune,Maharashtra,2021-08-18
9250,Female,38,Bengaluru,Karnataka,2023-04-11
9251,Female,56,Mumbai,Maharashtra,2023-04-21
9252,Male,22,Ahmedabad,Gujarat,2024-05-01
9253,Male,34,Bengaluru,Karnataka,2022-09-12
9254,Male,36,Bengaluru,Karnataka,2021-12-23
9255,Male,21,Jaipur,Rajasthan,2021-12-18
9256,Male,43,Bengaluru,Karnataka,2023-05-15
9257,Female,41,Bengaluru,Karnataka,2024-07-05
9258,Male,56,Pune,Maharashtra,2022-09-14
9259,Male,55,Jaipur,Rajasthan,2025-07-24
9260,Male,63,Mumbai,Maharashtra,2022-09-27
9261,Male,36,Hyderabad,Telangana,2023-08-23
9262,Other,47,Hyderabad,Telangana,2022-09-20
9263,Male,43,Ahmedabad,Gujarat,2025-11-01
9264,Male,28,Ahmedabad,Gujarat,2021-10-20
9265,Female,56,Jaipur,Rajasthan,2024-11-10
9266,Female,20,Mumbai,Maharashtra,2025-11-04
9267,Male,39,Bengaluru,Karnataka,2023-04-09
9268,Female,34,Bengaluru,Karnataka,2021-08-22
9269,Female,28,Pune,Maharashtra,2024-08-12
9270,Female,64,Bengaluru,Karnataka,2025-09-23
9271,Female,56,Bengaluru,Karnataka,2022-06-21
9272,Other,64,Hyderabad,Telangana,2024-11-03
9273,Male,44,Ahmedabad,Gujarat,2025-08-29
9274,Male,60,Delhi,Delhi,2023-03-16
9275,Male,46,Kolkata,West Bengal,2024-05-18
9276,Male,29,Bengaluru,Karnataka,2022-06-23
9277,Female,30,Bengaluru,Karnataka,2023-05-02
9278,Female,28,Chennai,Tamil Nadu,2021-06-27
9279,Male,48,Mumbai,Maharashtra,2022-07-10
9280,Male,28,Mumbai,Maharashtra,2024-01-01
9281,Male,58,Delhi,Delhi,2025-03-12
9282,Female,60,Surat,Gujarat,2024-05-30
9283,Female,53,Kolkata,West Bengal,2023-08-06
9284,Female,19,Mumbai,Maharashtra,2023-04-03
9285,Female,40,Lucknow,Uttar Pradesh,2021-08-16
9286,Female,53,Kolkata,West Bengal,2024-06-10
9287,Female,31,Ahmedabad,Gujarat,2024-07-15
9288,Male,54,Lucknow,Uttar Pradesh,2021-09-11
9289,Female,44,Delhi,Delhi,2022-11-06
9290,Female,29,Bengaluru,Karnataka,2021-01-06
9291,Female,46,Hyderabad,Telangana,2021-02-16
9292,Other,23,Chennai,Tamil Nadu,2024-12-01
9293,Female,61,Chennai,Tamil Nadu,2023-06-02
9294,Female,64,Chennai,Tamil Nadu,2022-08-03
9295,Female,40,Surat,Gujarat,2021-09-11
9296,Male,27,Indore,Madhya Pradesh,2025-01-12
9297,Female,51,Lucknow,Uttar Pradesh,2021-02-28
9298,Female,61,Jaipur,Rajasthan,2024-11-17
9299,Male,29,Surat,Gujarat,2025-07-13
9300,Female,49,Mumbai,Maharashtra,2025-09-18
9301,Female,43,Bengaluru,Karnataka,2022-07-14
9302,Female,24,Hyderabad,Telangana,2023-10-12
9303,Other,49,Lucknow,Uttar Pradesh,2024-04-29
9304,Male,50,Hyderabad,Telangana,2021-09-22
9305,Female,35,Kolkata,West Bengal,2025-09-04
9306,Female,52,Mumbai,Maharashtra,2025-05-01
9307,Male,37,Bengaluru,Karnataka,2024-03-12
9308,Male,48,Kolkata,West Bengal,2021-09-03
9309,Female,22,Pune,Maharashtra,2024-05-24
9310,Female,49,Delhi,Delhi,2022-03-13
9311,Female,64,Bengaluru,Karnataka,2022-11-19
9312,Female,59,Delhi,Delhi,2022-04-21
9313,Male,36,Kolkata,West Bengal,2024-11-08
9314,Male,18,Delhi,Delhi,2023-07-27
9315,Male,24,Chennai,Tamil Nadu,2023-05-28
9316,Female,39,Mumbai,Maharashtra,2022-10-19
9317,Male,51,Jaipur,Rajasthan,2022-07-01
9318,Other,27,Delhi,Delhi,2022-02-19
9319,Other,64,Ahmedabad,Gujarat,2024-03-01
9320,Other,59,Kolkata,West Bengal,2022-02-02
9321,Male,43,Pune,Maharashtra,2025-03-11
9322,Female,49,Indore,Madhya Pradesh,2024-03-22
9323,Male,59,Ahmedabad,Gujarat,2025-05-03
9324,Male,44,Delhi,Delhi,2021-06-17
9325,Male,29,Pune,Maharashtra,2025-09-10
9326,Female,57,Surat,Gujarat,2025-12-04
9327,Male,40,Kolkata,West Bengal,2025-06-19
9328,Female,31,Pune,Maharashtra,2023-03-14
9329,Male,51,Bengaluru,Karnataka,2021-08-18
9330,Male,34,Jaipur,Rajasthan,2022-12-04
9331,Male,23,Kolkata,West Bengal,2024-11-28
9332,Female,44,Jaipur,Rajasthan,2021-05-24
9333,Female,25,Hyderabad,Telangana,2025-08-27
9334,Female,50,Kolkata,West Bengal,2025-04-04
9335,Female,52,Delhi,Delhi,2021-03-09
9336,Female,64,Pune,Maharashtra,2023-10-15
9337,Female,34,Ahmedabad,Gujarat,2021-04-08
9338,Female,43,Surat,Gujarat,2021-01-07
9339,Female,24,Bengaluru,Karnataka,2023-03-26
9340,Male,63,Hyderabad,Telangana,2021-06-26
9341,Female,41,Ahmedabad,Gujarat,2024-05-14
9342,Female,42,Chennai,Tamil Nadu,2021-10-26
9343,Female,52,Lucknow,Uttar Pradesh,2025-12-29
9344,Female,43,Jaipur,Rajasthan,2021-08-17
9345,Male,22,Mumbai,Maharashtra,2023-06-15
9346,Female,64,Surat,Gujarat,2022-09-23
9347,Male,55,Kolkata,West Bengal,2021-09-27
9348,Female,52,Lucknow,Uttar Pradesh,2021-03-22
9349,Female,47,Ahmedabad,Gujarat,2025-08-23
9350,Other,42,Lucknow,Uttar Pradesh,2024-04-26
9351,Male,41,Mumbai,Maharashtra,2025-09-20
9352,Male,47,Delhi,Delhi,2023-03-31
9353,Male,37,Lucknow,Uttar Pradesh,2022-05-16
9354,Male,20,Pune,Maharashtra,2022-12-07
9355,Female,49,Mumbai,Maharashtra,2025-02-19
9356,Female,25,Jaipur,Rajasthan,2025-12-01
9357,Female,64,Lucknow,Uttar Pradesh,2025-02-20
9358,Female,40,Pune,Maharashtra,2023-09-17
9359,Male,63,Lucknow,Uttar Pradesh,2025-02-10
9360,Male,33,Ahmedabad,Gujarat,2022-12-04
9361,Male,52,Hyderabad,Telangana,2024-08-05
9362,Female,42,Lucknow,Uttar Pradesh,2021-04-16
9363,Female,32,Delhi,Delhi,2022-10-03
9364,Female,25,Pune,Maharashtra,2022-09-01
9365,Male,51,Bengaluru,Karnataka,2023-09-23
9366,Male,42,Hyderabad,Telangana,2023-10-06
9367,Female,61,Chennai,Tamil Nadu,2025-05-19
9368,Male,36,Jaipur,Rajasthan,2025-07-22
9369,Female,60,Jaipur,Rajasthan,2024-05-31
9370,Male,30,Chennai,Tamil Nadu,2022-01-17
9371,Male,63,Jaipur,Rajasthan,2023-04-18
9372,Female,29,Pune,Maharashtra,2021-04-14
9373,Male,32,Mumbai,Maharashtra,2022-10-26
9374,Female,40,Lucknow,Uttar Pradesh,2024-02-12
9375,Female,57,Mumbai,Maharashtra,2025-03-12
9376,Female,19,Bengaluru,Karnataka,2023-12-15
9377,Female,57,Kolkata,West Bengal,2021-05-01
9378,Female,40,Delhi,Delhi,2024-05-25
9379,Male,22,Lucknow,Uttar Pradesh,2025-07-17
9380,Female,51,Bengaluru,Karnataka,2023-10-24
9381,Female,27,Mumbai,Maharashtra,2024-01-21
9382,Male,44,Bengaluru,Karnataka,2022-02-11
9383,Female,59,Chennai,Tamil Nadu,2022-11-07
9384,Female,21,Delhi,Delhi,2022-03-17
9385,Female,21,Chennai,Tamil Nadu,2025-07-13
9386,Female,25,Lucknow,Uttar Pradesh,2022-03-08
9387,Male,23,Indore,Madhya Pradesh,2023-06-28
9388,Female,42,Bengaluru,Karnataka,2021-03-02
9389,Male,44,Hyderabad,Telangana,2022-12-27
9390,Male,64,Chennai,Tamil Nadu,2025-02-05
9391,Female,57,Surat,Gujarat,2024-06-24
9392,Female,37,Surat,Gujarat,2025-11-06
9393,Male,44,Bengaluru,Karnataka,2023-07-28
9394,Female,24,Kolkata,West Bengal,2023-05-19
9395,Other,40,Delhi,Delhi,2024-10-27
9396,Female,37,Mumbai,Maharashtra,2024-08-05
9397,Female,51,Mumbai,Maharashtra,2025-06-02
9398,Female,46,Hyderabad,Telangana,2023-11-14
9399,Male,61,Hyderabad,Telangana,2022-02-10
9400,Male,22,Mumbai,Maharashtra,2024-08-24
9401,Female,44,Ahmedabad,Gujarat,2022-09-05
9402,Female,29,Bengaluru,Karnataka,2024-10-27
9403,Female,34,Chennai,Tamil Nadu,2025-11-22
9404,Female,54,Bengaluru,Karnataka,2025-07-17
9405,Female,51,Pune,Maharashtra,2021-08-03
9406,Male,47,Delhi,Delhi,2021-09-19
9407,Male,53,Bengaluru,Karnataka,2023-07-04
9408,Male,23,Chennai,Tamil Nadu,2024-10-01
9409,Female,49,Pune,Maharashtra,2024-12-07
9410,Male,49,Hyderabad,Telangana,2021-05-03
9411,Female,26,Pune,Maharashtra,2023-02-03
9412,Male,39,Ahmedabad,Gujarat,2021-11-16
9413,Female,27,Kolkata,West Bengal,2024-09-22
9414,Male,46,Mumbai,Maharashtra,2021-06-07
9415,Female,28,Hyderabad,Telangana,2024-09-12
9416,Male,45,Mumbai,Maharashtra,2025-08-12
9417,Male,19,Chennai,Tamil Nadu,2023-12-25
9418,Female,38,Bengaluru,Karnataka,2022-01-04
9419,Male,48,Hyderabad,Telangana,2023-05-20
9420,Female,58,Hyderabad,Telangana,2023-10-25
9421,Female,34,Indore,Madhya Pradesh,2022-11-17
9422,Female,44,Chennai,Tamil Nadu,2025-07-30
9423,Female,47,Chennai,Tamil Nadu,2023-07-03
9424,Male,58,Delhi,Delhi,2025-11-15
9425,Female,25,Surat,Gujarat,2023-12-20
9426,Male,54,Jaipur,Rajasthan,2023-12-05
9427,Male,22,Bengaluru,Karnataka,2022-08-07
9428,Male,43,Lucknow,Uttar Pradesh,2025-06-19
9429,Male,23,Delhi,Delhi,2022-06-27
9430,Female,33,Lucknow,Uttar Pradesh,2021-06-05
9431,Female,18,Lucknow,Uttar Pradesh,2023-06-07
9432,Male,26,Pune,Maharashtra,2023-01-22
9433,Male,38,Kolkata,West Bengal,2021-03-05
9434,Male,24,Bengaluru,Karnataka,2022-02-25
9435,Male,60,Bengaluru,Karnataka,2021-11-19
9436,Female,32,Bengaluru,Karnataka,2024-02-07
9437,Male,41,Kolkata,West Bengal,2025-01-26
9438,Male,22,Bengaluru,Karnataka,2025-05-23
9439,Female,55,Mumbai,Maharashtra,2022-07-01
9440,Female,46,Kolkata,West Bengal,2021-09-08
9441,Female,63,Pune,Maharashtra,2023-05-16
9442,Female,63,Mumbai,Maharashtra,2022-05-25
9443,Male,28,Bengaluru,Karnataka,2025-04-21
9444,Male,21,Delhi,Delhi,2022-03-17
9445,Male,27,Hyderabad,Telangana,2022-03-30
9446,Male,51,Mumbai,Maharashtra,2022-10-06
9447,Female,21,Surat,Gujarat,2023-03-28
9448,Female,27,Kolkata,West Bengal,2025-10-24
9449,Male,50,Bengaluru,Karnataka,2022-11-10
9450,Male,63,Bengaluru,Karnataka,2021-10-01
9451,Male,35,Hyderabad,Telangana,2021-03-01
9452,Female,29,Ahmedabad,Gujarat,2021-12-08
9453,Male,40,Pune,Maharashtra,2024-11-18
9454,Male,61,Pune,Maharashtra,2021-04-23
9455,Female,42,Lucknow,Uttar Pradesh,2024-05-29
9456,Male,54,Bengaluru,Karnataka,2025-12-20
9457,Male,21,Delhi,Delhi,2021-03-09
9458,Male,30,Lucknow,Uttar Pradesh,2024-08-31
9459,Male,35,Ahmedabad,Gujarat,2022-04-12
9460,Male,46,Delhi,Delhi,2023-05-08
9461,Male,61,Ahmedabad,Gujarat,2021-09-20
9462,Female,47,Mumbai,Maharashtra,2025-12-10
9463,Female,65,Kolkata,West Bengal,2024-02-29
9464,Female,55,Hyderabad,Telangana,2022-02-28
9465,Female,45,Jaipur,Rajasthan,2024-07-14
9466,Male,24,Surat,Gujarat,2022-12-21
9467,Female,41,Indore,Madhya Pradesh,2024-05-20
9468,Male,58,Indore,Madhya Pradesh,2022-07-17
9469,Male,27,Hyderabad,Telangana,2023-09-10
9470,Male,54,Delhi,Delhi,2023-07-08
9471,Male,44,Hyderabad,Telangana,2021-10-15
9472,Female,38,Ahmedabad,Gujarat,2022-03-01
9473,Male,53,Indore,Madhya Pradesh,2022-07-08
9474,Male,60,Pune,Maharashtra,2023-01-29
9475,Male,46,Indore,Madhya Pradesh,2025-09-27
9476,Male,24,Jaipur,Rajasthan,2021-09-01
9477,Male,30,Surat,Gujarat,2025-10-02
9478,Male,62,Indore,Madhya Pradesh,2025-07-15
9479,Male,40,Bengaluru,Karnataka,2023-09-27
9480,Female,42,Mumbai,Maharashtra,2024-09-19
9481,Male,58,Mumbai,Maharashtra,2021-11-24
9482,Male,62,Bengaluru,Karnataka,2022-12-16
9483,Female,30,Ahmedabad,Gujarat,2024-02-04
9484,Other,54,Jaipur,Rajasthan,2025-11-21
9485,Male,47,Indore,Madhya Pradesh,2023-03-12
9486,Male,43,Ahmedabad,Gujarat,2024-01-08
9487,Female,29,Mumbai,Maharashtra,2024-04-03
9488,Male,18,Pune,Maharashtra,2022-09-23
9489,Female,35,Mumbai,Maharashtra,2023-12-17
9490,Male,38,Delhi,Delhi,2023-08-18
9491,Female,41,Hyderabad,Telangana,2023-08-18
9492,Other,34,Mumbai,Maharashtra,2024-04-26
9493,Female,59,Delhi,Delhi,2023-12-12
9494,Male,26,Pune,Maharashtra,2024-01-01
9495,Male,57,Ahmedabad,Gujarat,2023-01-23
9496,Male,45,Hyderabad,Telangana,2021-11-20
9497,Female,32,Hyderabad,Telangana,2025-06-24
9498,Female,30,Delhi,Delhi,2024-09-23
9499,Male,45,Surat,Gujarat,2021-06-04
9500,Female,34,Pune,Maharashtra,2021-02-28
9501,Male,26,Hyderabad,Telangana,2024-07-22
9502,Male,38,Kolkata,West Bengal,2025-11-30
9503,Female,47,Chennai,Tamil Nadu,2021-07-20
9504,Male,28,Indore,Madhya Pradesh,2021-10-22
9505,Male,47,Delhi,Delhi,2024-09-07
9506,Male,53,Hyderabad,Telangana,2024-09-14
9507,Female,42,Mumbai,Maharashtra,2024-11-14
9508,Female,24,Chennai,Tamil Nadu,2023-09-25
9509,Female,37,Bengaluru,Karnataka,2024-07-31
9510,Female,52,Pune,Maharashtra,2024-04-14
9511,Female,27,Chennai,Tamil Nadu,2022-09-02
9512,Male,52,Chennai,Tamil Nadu,2021-12-15
9513,Other,18,Mumbai,Maharashtra,2024-12-26
9514,Female,31,Kolkata,West Bengal,2023-08-21
9515,Female,62,Ahmedabad,Gujarat,2025-09-14
9516,Female,22,Pune,Maharashtra,2022-01-17
9517,Female,57,Hyderabad,Telangana,2024-07-19
9518,Male,61,Kolkata,West Bengal,2022-05-07
9519,Male,55,Hyderabad,Telangana,2025-04-20
9520,Female,51,Delhi,Delhi,2021-11-27
9521,Female,41,Bengaluru,Karnataka,2023-05-25
9522,Female,21,Ahmedabad,Gujarat,2025-06-11
9523,Male,44,Indore,Madhya Pradesh,2021-06-07
9524,Male,22,Ahmedabad,Gujarat,2022-03-08
9525,Female,60,Mumbai,Maharashtra,2024-09-10
9526,Female,30,Hyderabad,Telangana,2024-02-14
9527,Female,57,Indore,Madhya Pradesh,2025-03-24
9528,Male,38,Mumbai,Maharashtra,2022-09-11
9529,Female,54,Surat,Gujarat,2022-09-11
9530,Female,49,Surat,Gujarat,2022-09-18
9531,Female,55,Mumbai,Maharashtra,2022-03-11
9532,Male,48,Indore,Madhya Pradesh,2025-03-26
9533,Male,49,Delhi,Delhi,2023-03-07
9534,Female,32,Lucknow,Uttar Pradesh,2023-07-21
9535,Male,65,Delhi,Delhi,2022-07-26
9536,Female,47,Hyderabad,Telangana,2021-09-23
9537,Male,60,Ahmedabad,Gujarat,2024-11-22
9538,Female,24,Jaipur,Rajasthan,2021-04-12
9539,Male,55,Mumbai,Maharashtra,2023-12-23
9540,Male,48,Chennai,Tamil Nadu,2023-09-24
9541,Female,61,Pune,Maharashtra,2025-09-07
9542,Female,43,Delhi,Delhi,2022-12-10
9543,Male,53,Delhi,Delhi,2023-10-12
9544,Male,63,Hyderabad,Telangana,2023-04-04
9545,Other,60,Bengaluru,Karnataka,2025-03-15
9546,Male,43,Mumbai,Maharashtra,2021-08-10
9547,Female,61,Pune,Maharashtra,2023-07-04
9548,Male,19,Mumbai,Maharashtra,2022-03-12
9549,Female,60,Hyderabad,Telangana,2024-04-28
9550,Female,62,Surat,Gujarat,2022-10-02
9551,Female,60,Mumbai,Maharashtra,2023-08-03
9552,Male,26,Surat,Gujarat,2021-11-30
9553,Female,65,Kolkata,West Bengal,2023-06-26
9554,Male,22,Ahmedabad,Gujarat,2025-05-01
9555,Female,44,Ahmedabad,Gujarat,2025-05-24
9556,Female,29,Lucknow,Uttar Pradesh,2024-08-17
9557,Female,52,Mumbai,Maharashtra,2021-12-17
9558,Male,46,Hyderabad,Telangana,2022-07-24
9559,Female,33,Kolkata,West Bengal,2022-12-29
9560,Male,36,Chennai,Tamil Nadu,2021-04-25
9561,Male,60,Lucknow,Uttar Pradesh,2025-03-26
9562,Male,44,Mumbai,Maharashtra,2023-06-28
9563,Male,35,Kolkata,West Bengal,2022-01-02
9564,Male,58,Chennai,Tamil Nadu,2024-07-16
9565,Male,30,Delhi,Delhi,2023-03-15
9566,Female,47,Delhi,Delhi,2024-01-15
9567,Male,43,Ahmedabad,Gujarat,2023-06-15
9568,Female,23,Indore,Madhya Pradesh,2023-08-27
9569,Male,20,Hyderabad,Telangana,2022-01-13
9570,Female,40,Lucknow,Uttar Pradesh,2024-03-16
9571,Male,29,Delhi,Delhi,2023-10-09
9572,Female,58,Mumbai,Maharashtra,2021-04-28
9573,Female,58,Mumbai,Maharashtra,2023-10-11
9574,Male,32,Mumbai,Maharashtra,2024-03-04
9575,Female,18,Delhi,Delhi,2022-06-11
9576,Male,64,Bengaluru,Karnataka,2023-03-25
9577,Female,25,Kolkata,West Bengal,2021-07-25
9578,Male,48,Kolkata,West Bengal,2024-06-10
9579,Male,28,Mumbai,Maharashtra,2023-03-27
9580,Male,34,Bengaluru,Karnataka,2021-03-07
9581,Female,44,Bengaluru,Karnataka,2021-01-04
9582,Female,48,Chennai,Tamil Nadu,2021-01-03
9583,Female,44,Pune,Maharashtra,2024-07-06
9584,Female,31,Mumbai,Maharashtra,2025-10-05
9585,Male,40,Surat,Gujarat,2021-11-21
9586,Female,22,Jaipur,Rajasthan,2024-06-17
9587,Female,47,Pune,Maharashtra,2022-08-28
9588,Female,51,Delhi,Delhi,2023-03-07
9589,Female,64,Delhi,Delhi,2022-06-19
9590,Female,36,Jaipur,Rajasthan,2025-12-27
9591,Female,48,Hyderabad,Telangana,2024-09-03
9592,Male,33,Mumbai,Maharashtra,2022-08-22
9593,Male,62,Kolkata,West Bengal,2023-12-11
9594,Male,44,Delhi,Delhi,2025-02-02
9595,Male,43,Bengaluru,Karnataka,2023-04-12
9596,Male,56,Delhi,Delhi,2023-12-03
9597,Other,46,Hyderabad,Telangana,2024-05-12
9598,Male,56,Delhi,Delhi,2021-12-13
9599,Female,61,Bengaluru,Karnataka,2023-12-18
9600,Female,62,Delhi,Delhi,2021-02-28
9601,Male,46,Mumbai,Maharashtra,2022-11-11
9602,Male,62,Jaipur,Rajasthan,2025-09-06
9603,Female,63,Pune,Maharashtra,2022-05-26
9604,Female,64,Mumbai,Maharashtra,2024-09-03
9605,Other,48,Ahmedabad,Gujarat,2024-12-27
9606,Male,19,Jaipur,Rajasthan,2024-10-27
9607,Female,23,Jaipur,Rajasthan,2021-07-26
9608,Male,26,Hyderabad,Telangana,2021-04-21
9609,Female,32,Pune,Maharashtra,2021-01-23
9610,Female,37,Kolkata,West Bengal,2024-12-22
9611,Male,65,Kolkata,West Bengal,2025-11-04
9612,Male,19,Bengaluru,Karnataka,2023-02-26
9613,Male,20,Indore,Madhya Pradesh,2025-09-04
9614,Male,47,Mumbai,Maharashtra,2023-11-01
9615,Female,25,Surat,Gujarat,2022-07-26
9616,Male,57,Lucknow,Uttar Pradesh,2025-11-03
9617,Female,38,Ahmedabad,Gujarat,2023-01-17
9618,Male,56,Indore,Madhya Pradesh,2022-05-30
9619,Female,60,Kolkata,West Bengal,2021-05-24
9620,Female,30,Pune,Maharashtra,2023-09-19
9621,Female,57,Hyderabad,Telangana,2025-11-01
9622,Female,58,Mumbai,Maharashtra,2025-03-25
9623,Male,65,Delhi,Delhi,2023-03-20
9624,Female,54,Kolkata,West Bengal,2021-10-21
9625,Male,49,Delhi,Delhi,2021-11-21
9626,Male,31,Bengaluru,Karnataka,2021-07-12
9627,Male,18,Chennai,Tamil Nadu,2024-08-07
9628,Female,44,Lucknow,Uttar Pradesh,2025-07-21
9629,Female,41,Mumbai,Maharashtra,2024-12-13
9630,Female,39,Delhi,Delhi,2022-04-05
9631,Male,31,Pune,Maharashtra,2023-12-08
9632,Male,62,Kolkata,West Bengal,2024-02-05
9633,Female,25,Mumbai,Maharashtra,2024-07-11
9634,Female,44,Ahmedabad,Gujarat,2024-06-30
9635,Male,20,Bengaluru,Karnataka,2025-04-12
9636,Female,50,Pune,Maharashtra,2025-03-25
9637,Male,64,Indore,Madhya Pradesh,2025-10-22
9638,Male,38,Mumbai,Maharashtra,2024-03-27
9639,Male,49,Delhi,Delhi,2022-06-10
9640,Male,57,Mumbai,Maharashtra,2023-07-08
9641,Male,58,Hyderabad,Telangana,2021-01-29
9642,Female,62,Hyderabad,Telangana,2022-06-22
9643,Female,61,Bengaluru,Karnataka,2025-10-16
9644,Male,58,Mumbai,Maharashtra,2021-05-23
9645,Female,49,Delhi,Delhi,2022-09-19
9646,Female,41,Ahmedabad,Gujarat,2023-04-21
9647,Male,28,Jaipur,Rajasthan,2021-08-06
9648,Female,54,Chennai,Tamil Nadu,2022-08-16
9649,Female,38,Chennai,Tamil Nadu,2022-12-14
9650,Male,35,Pune,Maharashtra,2021-03-08
9651,Male,28,Bengaluru,Karnataka,2023-01-31
9652,Male,44,Pune,Maharashtra,2021-05-24
9653,Female,60,Bengaluru,Karnataka,2024-03-10
9654,Male,55,Bengaluru,Karnataka,2024-10-01
9655,Female,18,Hyderabad,Telangana,2022-04-10
9656,Female,46,Chennai,Tamil Nadu,2021-04-06
9657,Male,38,Surat,Gujarat,2022-02-12
9658,Female,46,Pune,Maharashtra,2024-02-16
9659,Female,26,Ahmedabad,Gujarat,2025-09-17
9660,Male,24,Jaipur,Rajasthan,2023-03-15
9661,Female,55,Chennai,Tamil Nadu,2025-01-07
9662,Male,48,Bengaluru,Karnataka,2023-01-27
9663,Male,44,Bengaluru,Karnataka,2024-11-04
9664,Male,59,Mumbai,Maharashtra,2022-12-14
9665,Female,49,Bengaluru,Karnataka,2021-10-05
9666,Female,22,Kolkata,West Bengal,2021-12-27
9667,Male,50,Mumbai,Maharashtra,2024-10-25
9668,Male,32,Pune,Maharashtra,2025-07-04
9669,Male,22,Kolkata,West Bengal,2021-07-31
9670,Female,37,Jaipur,Rajasthan,2024-07-06
9671,Female,55,Hyderabad,Telangana,2025-08-27
9672,Female,54,Kolkata,West Bengal,2024-01-26
9673,Female,34,Delhi,Delhi,2024-05-18
9674,Female,21,Pune,Maharashtra,2025-04-21
9675,Male,38,Delhi,Delhi,2023-02-17
9676,Male,51,Chennai,Tamil Nadu,2025-06-24
9677,Female,57,Surat,Gujarat,2021-01-21
9678,Female,22,Mumbai,Maharashtra,2022-12-30
9679,Male,21,Hyderabad,Telangana,2024-12-27
9680,Female,39,Bengaluru,Karnataka,2022-09-08
9681,Female,31,Hyderabad,Telangana,2022-01-06
9682,Male,21,Mumbai,Maharashtra,2024-11-17
9683,Female,25,Bengaluru,Karnataka,2022-09-16
9684,Female,20,Jaipur,Rajasthan,2024-05-27
9685,Male,63,Chennai,Tamil Nadu,2025-03-08
9686,Female,46,Hyderabad,Telangana,2022-09-24
9687,Male,43,Bengaluru,Karnataka,2023-01-31
9688,Male,47,Bengaluru,Karnataka,2023-04-27
9689,Female,29,Delhi,Delhi,2023-08-06
9690,Male,32,Lucknow,Uttar Pradesh,2024-01-25
9691,Male,58,Surat,Gujarat,2024-12-26
9692,Male,19,Delhi,Delhi,2021-07-07
9693,Male,18,Delhi,Delhi,2022-05-16
9694,Male,64,Lucknow,Uttar Pradesh,2023-05-26
9695,Female,64,Delhi,Delhi,2022-01-10
9696,Male,45,Chennai,Tamil Nadu,2022-03-10
9697,Female,57,Bengaluru,Karnataka,2024-12-17
9698,Female,52,Kolkata,West Bengal,2024-03-13
9699,Male,51,Chennai,Tamil Nadu,2025-04-13
9700,Female,21,Jaipur,Rajasthan,2022-05-14
9701,Female,35,Jaipur,Rajasthan,2021-01-06
9702,Male,29,Pune,Maharashtra,2024-09-02
9703,Male,38,Kolkata,West Bengal,2025-12-03
9704,Female,27,Jaipur,Rajasthan,2024-06-07
9705,Female,38,Delhi,Delhi,2024-02-20
9706,Male,57,Pune,Maharashtra,2025-02-27
9707,Male,42,Mumbai,Maharashtra,2025-09-26
9708,Male,34,Hyderabad,Telangana,2022-09-09
9709,Male,23,Delhi,Delhi,2022-12-12
9710,Female,31,Chennai,Tamil Nadu,2022-04-20
9711,Male,54,Pune,Maharashtra,2022-07-28
9712,Male,57,Lucknow,Uttar Pradesh,2023-03-07
9713,Male,57,Bengaluru,Karnataka,2022-05-23
9714,Male,35,Bengaluru,Karnataka,2022-08-15
9715,Male,47,Hyderabad,Telangana,2021-06-24
9716,Male,26,Hyderabad,Telangana,2025-03-25
9717,Male,31,Pune,Maharashtra,2022-11-23
9718,Female,63,Bengaluru,Karnataka,2024-07-18
9719,Female,63,Pune,Maharashtra,2025-08-25
9720,Male,34,Kolkata,West Bengal,2023-02-27
9721,Female,51,Jaipur,Rajasthan,2025-10-08
9722,Male,63,Hyderabad,Telangana,2022-07-26
9723,Female,39,Kolkata,West Bengal,2021-07-05
9724,Male,49,Kolkata,West Bengal,2022-08-10
9725,Male,29,Mumbai,Maharashtra,2024-01-23
9726,Female,33,Surat,Gujarat,2025-05-22
9727,Male,39,Lucknow,Uttar Pradesh,2022-05-29
9728,Male,55,Pune,Maharashtra,2024-04-16
9729,Female,56,Pune,Maharashtra,2022-10-16
9730,Female,19,Mumbai,Maharashtra,2022-07-10
9731,Female,62,Mumbai,Maharashtra,2025-09-06
9732,Male,25,Kolkata,West Bengal,2021-10-22
9733,Female,61,Hyderabad,Telangana,2024-06-08
9734,Male,18,Jaipur,Rajasthan,2024-06-13
9735,Male,58,Kolkata,West Bengal,2024-01-22
9736,Female,57,Chennai,Tamil Nadu,2025-02-19
9737,Female,58,Ahmedabad,Gujarat,2021-02-13
9738,Female,22,Mumbai,Maharashtra,2022-06-23
9739,Female,62,Bengaluru,Karnataka,2025-12-13
9740,Male,63,Ahmedabad,Gujarat,2025-02-07
9741,Male,53,Mumbai,Maharashtra,2021-02-08
9742,Male,34,Mumbai,Maharashtra,2024-11-09
9743,Female,58,Lucknow,Uttar Pradesh,2024-12-29
9744,Male,47,Ahmedabad,Gujarat,2021-10-16
9745,Female,32,Bengaluru,Karnataka,2021-09-05
9746,Female,37,Ahmedabad,Gujarat,2025-05-05
9747,Female,53,Jaipur,Rajasthan,2021-12-25
9748,Female,19,Bengaluru,Karnataka,2025-01-01
9749,Female,62,Mumbai,Maharashtra,2025-12-24
9750,Female,21,Indore,Madhya Pradesh,2021-07-28
9751,Female,41,Delhi,Delhi,2021-05-04
9752,Male,65,Mumbai,Maharashtra,2023-09-02
9753,Male,59,Hyderabad,Telangana,2025-11-20
9754,Female,19,Jaipur,Rajasthan,2022-02-07
9755,Other,63,Bengaluru,Karnataka,2021-10-11
9756,Male,19,Bengaluru,Karnataka,2022-10-25
9757,Male,18,Bengaluru,Karnataka,2022-07-30
9758,Female,30,Surat,Gujarat,2021-08-29
9759,Female,23,Pune,Maharashtra,2021-06-16
9760,Male,39,Chennai,Tamil Nadu,2025-11-11
9761,Female,34,Indore,Madhya Pradesh,2022-07-15
9762,Female,39,Pune,Maharashtra,2025-09-19
9763,Female,60,Surat,Gujarat,2021-05-28
9764,Male,23,Surat,Gujarat,2022-12-02
9765,Male,20,Indore,Madhya Pradesh,2022-09-15
9766,Male,63,Pune,Maharashtra,2021-09-22
9767,Male,23,Ahmedabad,Gujarat,2022-05-16
9768,Male,34,Jaipur,Rajasthan,2021-10-06
9769,Female,52,Surat,Gujarat,2023-01-19
9770,Male,54,Pune,Maharashtra,2023-06-22
9771,Female,64,Jaipur,Rajasthan,2021-06-08
9772,Female,52,Bengaluru,Karnataka,2023-12-20
9773,Male,40,Pune,Maharashtra,2022-05-14
9774,Other,25,Delhi,Delhi,2024-09-02
9775,Female,24,Jaipur,Rajasthan,2025-05-30
9776,Female,27,Hyderabad,Telangana,2022-05-03
9777,Male,43,Chennai,Tamil Nadu,2022-04-10
9778,Female,27,Surat,Gujarat,2021-08-16
9779,Male,36,Delhi,Delhi,2022-10-28
9780,Female,40,Ahmedabad,Gujarat,2024-10-11
9781,Male,48,Delhi,Delhi,2025-01-29
9782,Female,50,Delhi,Delhi,2023-04-02
9783,Male,19,Kolkata,West Bengal,2023-03-10
9784,Male,45,Indore,Madhya Pradesh,2023-01-23
9785,Female,49,Chennai,Tamil Nadu,2024-06-04
9786,Female,50,Jaipur,Rajasthan,2024-04-07
9787,Male,26,Mumbai,Maharashtra,2024-07-31
9788,Male,46,Pune,Maharashtra,2021-09-19
9789,Female,32,Hyderabad,Telangana,2025-12-31
9790,Female,35,Mumbai,Maharashtra,2023-05-10
9791,Male,35,Bengaluru,Karnataka,2021-12-30
9792,Female,24,Hyderabad,Telangana,2025-03-25
9793,Female,31,Mumbai,Maharashtra,2021-04-08
9794,Male,46,Bengaluru,Karnataka,2023-11-02
9795,Female,36,Hyderabad,Telangana,2023-02-23
9796,Female,22,Chennai,Tamil Nadu,2022-08-06
9797,Female,58,Indore,Madhya Pradesh,2023-07-16
9798,Male,62,Ahmedabad,Gujarat,2024-12-11
9799,Female,22,Delhi,Delhi,2025-03-05
9800,Male,32,Indore,Madhya Pradesh,2021-05-15
9801,Female,43,Jaipur,Rajasthan,2021-09-16
9802,Male,41,Pune,Maharashtra,2023-07-05
9803,Male,36,Mumbai,Maharashtra,2022-06-01
9804,Female,37,Ahmedabad,Gujarat,2025-11-10
9805,Male,60,Chennai,Tamil Nadu,2024-08-10
9806,Female,26,Jaipur,Rajasthan,2025-06-23
9807,Female,45,Kolkata,West Bengal,2025-01-03
9808,Male,33,Ahmedabad,Gujarat,2021-05-31
9809,Female,28,Surat,Gujarat,2025-02-13
9810,Female,51,Chennai,Tamil Nadu,2024-07-05
9811,Male,42,Mumbai,Maharashtra,2023-05-18
9812,Other,57,Lucknow,Uttar Pradesh,2024-03-18
9813,Female,38,Bengaluru,Karnataka,2023-09-01
9814,Male,22,Jaipur,Rajasthan,2021-05-22
9815,Female,28,Surat,Gujarat,2021-09-08
9816,Male,60,Kolkata,West Bengal,2023-08-16
9817,Female,26,Chennai,Tamil Nadu,2025-11-05
9818,Female,28,Hyderabad,Telangana,2023-06-26
9819,Male,54,Delhi,Delhi,2022-10-06
9820,Female,58,Delhi,Delhi,2023-12-07
9821,Female,18,Ahmedabad,Gujarat,2024-10-27
9822,Male,43,Kolkata,West Bengal,2021-04-04
9823,Female,27,Ahmedabad,Gujarat,2023-01-31
9824,Female,57,Pune,Maharashtra,2021-12-22
9825,Male,36,Hyderabad,Telangana,2022-06-16
9826,Female,33,Jaipur,Rajasthan,2022-11-23
9827,Male,62,Hyderabad,Telangana,2024-07-19
9828,Male,54,Chennai,Tamil Nadu,2024-12-23
9829,Female,58,Jaipur,Rajasthan,2022-10-10
9830,Female,21,Ahmedabad,Gujarat,2025-11-08
9831,Female,31,Delhi,Delhi,2022-12-03
9832,Male,47,Indore,Madhya Pradesh,2022-12-25
9833,Female,24,Pune,Maharashtra,2023-07-06
9834,Female,29,Surat,Gujarat,2021-03-05
9835,Male,41,Mumbai,Maharashtra,2023-07-15
9836,Male,56,Mumbai,Maharashtra,2024-04-02
9837,Female,60,Indore,Madhya Pradesh,2024-11-13
9838,Male,39,Bengaluru,Karnataka,2025-02-01
9839,Male,64,Kolkata,West Bengal,2025-04-23
9840,Female,47,Jaipur,Rajasthan,2022-12-28
9841,Other,56,Lucknow,Uttar Pradesh,2025-04-04
9842,Female,37,Surat,Gujarat,2023-02-05
9843,Female,43,Bengaluru,Karnataka,2025-05-29
9844,Female,22,Kolkata,West Bengal,2023-07-12
9845,Female,57,Mumbai,Maharashtra,2022-10-15
9846,Male,59,Delhi,Delhi,2023-06-24
9847,Male,23,Lucknow,Uttar Pradesh,2023-11-07
9848,Male,51,Delhi,Delhi,2022-08-30
9849,Male,22,Chennai,Tamil Nadu,2023-01-16
9850,Male,27,Hyderabad,Telangana,2023-07-29
9851,Male,45,Ahmedabad,Gujarat,2024-08-17
9852,Male,20,Surat,Gujarat,2021-03-29
9853,Male,30,Mumbai,Maharashtra,2022-07-17
9854,Female,65,Chennai,Tamil Nadu,2024-06-22
9855,Male,64,Lucknow,Uttar Pradesh,2025-01-30
9856,Female,19,Hyderabad,Telangana,2025-01-05
9857,Male,52,Mumbai,Maharashtra,2024-02-11
9858,Female,64,Chennai,Tamil Nadu,2022-03-18
9859,Female,45,Bengaluru,Karnataka,2023-10-29
9860,Female,54,Pune,Maharashtra,2025-04-22
9861,Female,40,Lucknow,Uttar Pradesh,2022-07-13
9862,Female,60,Hyderabad,Telangana,2024-01-29
9863,Male,40,Indore,Madhya Pradesh,2024-09-30
9864,Other,52,Jaipur,Rajasthan,2025-09-05
9865,Female,58,Kolkata,West Bengal,2023-01-23
9866,Female,56,Mumbai,Maharashtra,2023-06-20
9867,Male,49,Delhi,Delhi,2022-04-26
9868,Female,19,Pune,Maharashtra,2022-12-04
9869,Female,64,Indore,Madhya Pradesh,2024-09-27
9870,Female,61,Pune,Maharashtra,2023-08-01
9871,Female,65,Bengaluru,Karnataka,2024-06-11
9872,Male,33,Hyderabad,Telangana,2023-03-04
9873,Male,33,Bengaluru,Karnataka,2024-06-12
9874,Male,20,Pune,Maharashtra,2021-05-06
9875,Male,45,Chennai,Tamil Nadu,2022-11-21
9876,Male,46,Mumbai,Maharashtra,2022-04-22
9877,Male,37,Mumbai,Maharashtra,2022-11-16
9878,Male,53,Delhi,Delhi,2022-01-07
9879,Female,50,Kolkata,West Bengal,2024-02-18
9880,Male,39,Chennai,Tamil Nadu,2022-06-26
9881,Female,25,Delhi,Delhi,2022-07-14
9882,Female,64,Chennai,Tamil Nadu,2021-06-28
9883,Female,41,Delhi,Delhi,2024-01-23
9884,Male,54,Indore,Madhya Pradesh,2022-07-21
9885,Female,37,Mumbai,Maharashtra,2023-01-18
9886,Female,29,Ahmedabad,Gujarat,2023-08-09
9887,Other,37,Indore,Madhya Pradesh,2021-10-29
9888,Female,37,Jaipur,Rajasthan,2025-12-28
9889,Female,21,Pune,Maharashtra,2024-12-12
9890,Female,47,Bengaluru,Karnataka,2022-08-09
9891,Male,48,Kolkata,West Bengal,2025-01-15
9892,Male,39,Mumbai,Maharashtra,2024-12-11
9893,Female,32,Jaipur,Rajasthan,2024-02-20
9894,Male,55,Kolkata,West Bengal,2021-02-26
9895,Male,54,Kolkata,West Bengal,2025-12-14
9896,Female,45,Mumbai,Maharashtra,2023-10-21
9897,Male,28,Kolkata,West Bengal,2024-03-08
9898,Female,31,Ahmedabad,Gujarat,2024-05-07
9899,Female,28,Lucknow,Uttar Pradesh,2022-12-22
9900,Male,26,Mumbai,Maharashtra,2025-12-14
9901,Male,41,Mumbai,Maharashtra,2024-10-16
9902,Male,27,Delhi,Delhi,2025-08-01
9903,Male,55,Pune,Maharashtra,2022-02-14
9904,Male,60,Chennai,Tamil Nadu,2022-10-08
9905,Male,58,Indore,Madhya Pradesh,2025-04-01
9906,Male,54,Delhi,Delhi,2025-06-27
9907,Male,59,Lucknow,Uttar Pradesh,2024-06-20
9908,Female,49,Mumbai,Maharashtra,2024-01-19
9909,Female,37,Pune,Maharashtra,2025-03-20
9910,Female,31,Mumbai,Maharashtra,2021-03-03
9911,Female,55,Bengaluru,Karnataka,2024-05-20
9912,Male,21,Indore,Madhya Pradesh,2021-09-05
9913,Female,41,Mumbai,Maharashtra,2025-09-24
9914,Male,49,Chennai,Tamil Nadu,2022-05-12
9915,Male,27,Hyderabad,Telangana,2021-02-25
9916,Female,60,Indore,Madhya Pradesh,2022-04-04
9917,Male,33,Mumbai,Maharashtra,2023-07-08
9918,Male,56,Pune,Maharashtra,2024-08-05
9919,Female,49,Mumbai,Maharashtra,2025-04-16
9920,Female,35,Delhi,Delhi,2025-02-02
9921,Male,42,Bengaluru,Karnataka,2024-11-13
9922,Male,24,Lucknow,Uttar Pradesh,2024-12-15
9923,Female,64,Chennai,Tamil Nadu,2025-03-17
9924,Female,35,Ahmedabad,Gujarat,2025-09-30
9925,Male,64,Chennai,Tamil Nadu,2022-07-11
9926,Female,35,Mumbai,Maharashtra,2025-05-02
9927,Female,20,Hyderabad,Telangana,2023-08-22
9928,Male,18,Surat,Gujarat,2025-10-24
9929,Female,50,Lucknow,Uttar Pradesh,2025-12-27
9930,Female,24,Indore,Madhya Pradesh,2024-01-10
9931,Male,27,Lucknow,Uttar Pradesh,2022-03-20
9932,Female,61,Mumbai,Maharashtra,2023-03-03
9933,Male,25,Bengaluru,Karnataka,2024-08-03
9934,Female,49,Mumbai,Maharashtra,2024-07-31
9935,Female,40,Bengaluru,Karnataka,2022-05-06
9936,Male,34,Mumbai,Maharashtra,2024-11-12
9937,Female,31,Hyderabad,Telangana,2025-09-21
9938,Female,34,Ahmedabad,Gujarat,2025-04-24
9939,Male,42,Lucknow,Uttar Pradesh,2022-08-18
9940,Male,38,Kolkata,West Bengal,2022-02-12
9941,Male,23,Indore,Madhya Pradesh,2021-11-23
9942,Female,37,Mumbai,Maharashtra,2023-07-31
9943,Female,37,Mumbai,Maharashtra,2023-08-07
9944,Female,43,Ahmedabad,Gujarat,2024-04-14
9945,Male,49,Bengaluru,Karnataka,2025-03-25
9946,Female,25,Bengaluru,Karnataka,2025-12-19
9947,Male,62,Bengaluru,Karnataka,2022-01-18
9948,Male,65,Bengaluru,Karnataka,2023-10-11
9949,Male,61,Hyderabad,Telangana,2024-07-05
9950,Male,46,Hyderabad,Telangana,2021-12-13
9951,Female,34,Hyderabad,Telangana,2021-09-29
9952,Female,35,Ahmedabad,Gujarat,2024-07-08
9953,Female,57,Delhi,Delhi,2022-01-31
9954,Female,35,Bengaluru,Karnataka,2025-09-12
9955,Male,28,Pune,Maharashtra,2021-06-03
9956,Other,62,Delhi,Delhi,2025-03-31
9957,Female,29,Kolkata,West Bengal,2023-12-27
9958,Female,32,Kolkata,West Bengal,2023-04-21
9959,Male,43,Ahmedabad,Gujarat,2025-09-19
9960,Female,20,Bengaluru,Karnataka,2021-12-14
9961,Female,20,Chennai,Tamil Nadu,2023-12-23
9962,Male,55,Chennai,Tamil Nadu,2021-12-22
9963,Female,52,Hyderabad,Telangana,2024-07-28
9964,Female,26,Chennai,Tamil Nadu,2023-12-01
9965,Male,60,Hyderabad,Telangana,2025-04-13
9966,Male,57,Chennai,Tamil Nadu,2022-01-02
9967,Female,21,Kolkata,West Bengal,2023-10-12
9968,Male,37,Mumbai,Maharashtra,2021-10-04
9969,Female,32,Kolkata,West Bengal,2021-08-09
9970,Female,46,Mumbai,Maharashtra,2025-10-19
9971,Male,22,Mumbai,Maharashtra,2025-10-24
9972,Female,56,Surat,Gujarat,2021-03-02
9973,Female,57,Surat,Gujarat,2024-02-01
9974,Female,24,Mumbai,Maharashtra,2024-04-23
9975,Female,25,Hyderabad,Telangana,2024-03-16
9976,Female,49,Pune,Maharashtra,2021-03-16
9977,Male,53,Hyderabad,Telangana,2022-04-18
9978,Male,50,Lucknow,Uttar Pradesh,2023-10-22
9979,Male,54,Surat,Gujarat,2022-02-20
9980,Male,49,Ahmedabad,Gujarat,2025-02-01
9981,Female,60,Delhi,Delhi,2024-10-20
9982,Male,53,Chennai,Tamil Nadu,2025-08-25
9983,Female,51,Bengaluru,Karnataka,2021-01-17
9984,Male,42,Indore,Madhya Pradesh,2025-03-14
9985,Male,61,Lucknow,Uttar Pradesh,2025-11-14
9986,Female,49,Chennai,Tamil Nadu,2025-01-02
9987,Male,19,Bengaluru,Karnataka,2025-04-04
9988,Female,26,Bengaluru,Karnataka,2023-12-19
9989,Male,55,Mumbai,Maharashtra,2025-10-03
9990,Female,46,Jaipur,Rajasthan,2024-02-13
9991,Female,55,Hyderabad,Telangana,2021-07-22
9992,Female,35,Bengaluru,Karnataka,2025-04-16
9993,Male,39,Hyderabad,Telangana,2024-05-02
9994,Female,52,Jaipur,Rajasthan,2022-04-17
9995,Female,32,Mumbai,Maharashtra,2024-02-04
9996,Female,24,Lucknow,Uttar Pradesh,2023-05-29
9997,Male,30,Indore,Madhya Pradesh,2023-08-23
9998,Male,59,Surat,Gujarat,2023-03-29
9999,Male,53,Delhi,Delhi,2024-02-24
10000,Male,33,Pune,Maharashtra,2022-02-18
